Feature	CON1	CON2	CON3	CON4	CON5	CON6	CON7	CON8	CON9	CON10	CON11	CON12	CON13	CON14	CON15	CON16	CON17	CON18	CON19	CON20	CON21	CON22	CON23	CON24	CON25	CON26	CON27	CON28	CON29	CON30	CON31	CON32	CON33	CON34	CON35	CON36	CON37	CON38	CON39	CON40	CON41	CON42	CON43	CON44	CON45	CON46	CON47	MI1	MI2	MI3	MI4	MI5	MI6	MI7	MI8	MI9	MI10	MI11	MI12	MI13	MI14	MI15	MI16	MI17	MI18	MI19	MI20	MI21	MI22	MI23	MI24	MI25	MI26	MI27	MI28	MI29	MI30	MI31	MI32	MI33	MI34	MI35	MI36	MI37	MI38
Acidaminococcaceae	0.430859870742036	0.0142500042750013	0.0228899977110002	1.28928038678411	0.395339802330096	0	0	1.65494	0	0.54546010909202	0.398579960142003	0	1.50290045087013	0	0.38493	0.319980063996012	0	0.0768600076860006	0.01068	0	0.0619800061980006	4.20474042047403	0.246179926146022	4.95971851208444	0	0	9.94281298284387	7.22947710820914	0.00440999867700039	0.810030243009072	0.0379500075900015	0	2.27388045477608	0.164489950653015	0.614129938587006	1.18910928653443	0.10872	2.08278041655608	1.32975026595005	0	1.22649	0.0291900029190003	0	4.6018613805584	0	0.478559952144003	0.0971099902890009	0	0.782970234891069	0	0.513419948658003	1.30212	0	3.79401772358935	0.88372044186022	2.06391020639102	0	2.22917955416409	0.418439790780102	0.0807299919270006	0.899940179988033	0	0.180709981929002	0	0.77953015590603	0	0.0116099988390001	2.20385911845634	0.0288399999999998	0	0	0	0.00885000354000141	0.242999951400008	2.15682021568202	8.32542083254206	0	0	0	0.0322199742240204	0	0.121800036540011	2.61296921610923	0.320929871628051	0.701369859726027
Actinomycetaceae	0.0430999870700037	0	0	0.0210000063000019	0.0305699847150076	0.300910030091003	0.0253799923860022	0.00861	0.140010014001001	0.0345600069120012	0.0106399989360001	0.0358499856600057	0.0730500219150063	0.00710999857800025	0	0.0298100059620011	0.045959986212004	0.0526200052620003	0.15749	0.367469963253003	0.121900012190001	0.0751200075120006	0.0290699912790026	0.132429960271012	0.182069963586007	0.652930195879057	0.0194100058230017	0.467699812920073	0.00191999942400015	0.22245006673502	0.481200096240019	0.257940025794002	0.670440134088026	0.0975599707320085	0.229599977040002	0.0760399543760272	0	0.0681900136380025	0.00957000191400036	0.00329999835000081	0.27045	0.536380053638003	0.0170399965920006	0.194830058449017	0.419839874048036	0.0648299935170006	0.131379986862001	0.0176399947080015	0.011070003321001	0	0.00299999970000003	0.416729999999997	0	0.00597999641200214	0.136740068370034	0.0556600055660004	0.137209917674049	0	0.135689932155034	0.0168899983110001	0.192780038556007	0	0.0644799935520005	0.149200059680024	0.0891000178200034	1.24756074853645	0.0700199929980006	0.121379951448019	0.04105	0.358129964187002	0.0434999782500107	0.0384899884530033	0.539850215940085	0.0208199958360008	0.0293100029310002	0.00536000053600004	0.0631200189360054	0.463110138933041	0.06657	0.017279986176011	0.51221979511208	0.370380111114032	0	0.0153799938480024	0.0418199916360016
Akkermansiaceae	0.661649801505057	0	0.529349947065003	0	0.561509719245138	0	0	26.15772	0	0.146280029256006	0	0	3.24300097290027	0	0	0	2.11442936567119	0.00618000061800006	0	0	3.31002033100203	0	0	0.0955499713350084	0	0	28.9535786860736	0	0	0.101370030411009	0	0	0	0	0	0	0.0609299999999997	0	0.546120109224021	0	0	0	0.0125699974860005	0	0	0	0	0	0	0	0	0	0.0135299959410012	0	16.3365381682691	1.30512013051201	0	0.908069818386036	0	0.0933599906640006	4.14864082972815	0	0	0	0	0	0	0.152129939148024	5.43687	0	0	0.474509857647042	0	0.432299913540015	0	0	0	0	0.0809999999999997	0	0	0	0	11.2454655018138	0.78923984215203
Atopobiaceae	0	0	0	0	0	0	0	0	0.0100900010090001	0	0	0	0.100420030126009	0	0	0	0	0	0.00546	0	0	0	0	0	0	0.0056800017040005	0.00536000160800048	0	0.621099813670056	0	0	0	0.0111000022200004	0	0	0.142299914620051	0	0	0	0	0.00244	0	0.027039994592001	0.138160041448012	0	0	0.0108399989160001	0	0	0	0	0.00679999999999998	0	0	0	0	0.408939754636146	0.00708999858200028	0	0.0303599969640002	0	0	0	0.0267000106800042	0	0.791910475146284	0	0.00041999983200006	0	0.216359978364002	0	0	0	0	0	0	0	0	0	0	0.00648999740400103	0	0	0.0140799943680022	0
Bacillales_unclassified	0	0	0.0123899987610001	0.0120600036180011	0.0582499708750144	0.0271500027150003	0.00437999868600039	0	0.0322500032250003	0.0081000016200003	0	0	0.0249800074940022	0	0.02556	0.0318300063660012	0	0	0	0	0	0	0	0.285499914350024	0.144029971194006	0.158900047670014	0.00558000167400048	0.180299927880029	0	0.440590132177039	0.519850103970019	0.151980015198001	0	0.0527299841810046	0.0454599954540003	0.22332986600208	0	0	0.00648000129600024	0.0476199761900117	0	0.0917600091760008	0.00974999805000036	0.101700030510009	0	0.00529999947000004	0.0129899987010001	0.022359993292002	0	0	0	0	0	0	0.020340010170005	0.00789000078900006	0.201689878986072	0	0	0	0.0190500038100007	0.00453000090600018	0.0438899956110003	1.36832054732822	0	0.0206800124080074	0.0284399971560003	0.0485599805760076	0	0.0147799985220001	0.0296899851550073	0.0130799960760012	0.00486000194400075	0	0.0494200049420003	0.0546600054660003	0	0.180570054171016	0.02313	0	0.0217699912920035	0.0488000146400044	0	0	0
Bacteroidaceae	28.4274214717735	16.9819550945865	40.3518559648143	46.8415740524722	28.8800555599722	0	2.67572919728124	30.8515399999998	0.152340015234001	38.3107576621515	91.6023808397618	0.118889952444019	19.7777359333207	85.0819329836133	44.6953999999998	1.65306033061206	4.52972864108139	3.43929034392903	1.82421	107.496289250371	12.3009612300961	55.9142155914214	11.373356587993	6.32714810185555	1.83779963244007	0.0528600158580045	34.427730328319	0.721289711484114	29.2238612328416	29.3465088039526	3.59142071828412	14.8988114898811	24.502724900545	12.1399463580161	24.2139275786072	5.17466689519985	36.8259299999998	53.8761407752281	44.2429588485916	4.46273776863111	10.54356	0.211200021120002	2.73201945359611	0	5.02949849115045	5.30210946978904	8.37331916266807	50.2447349265795	84.2164752649424	82.3335182333516	154.195184580481	20.51122	78.5241164427649	92.4520545287671	39.8742499371249	18.4148218414822	0	64.2362371527524	6.71717664141168	25.5146074485392	18.7725437545087	0	3.54595964540403	37.2863849145538	15.1609830321966	27.831586698952	0.555119944488003	18.5322825870869	4.59053	0.002969999703	0.725039637480179	2.13284936014519	1.05657042262817	15.7697968460406	33.2204133220413	6.13041061304106	0.00051000015300003	58.2595274778582	87.8630699999997	14.081008735193	35.2793858882455	26.1160578348173	81.6515155045452	36.8087252765097	56.3528187294361
Barnesiellaceae	1.99511940146418	0.89594026878208	1.37053986294601	0	4.17338791330602	0	0	8.03057999999997	0	0.976090195218037	0.0849399915060008	0	2.81942084582625	0	0	0.00399000079800015	0	1.01948010194801	0	0	0.961890096189009	0.380130038013003	0	0	0	0	6.71849201554759	0	0	0.246750074025022	0	0	2.20164044032809	0	0	0.277049833770099	1.29089	0	0	0.0558599720700138	0.78669	0	0.270059945988011	0	0	0	0.001409999859	0.0604599818620054	9.96565298969588	0	0	8.77276999999997	0.023759992872002	0.0359199784480128	1.45467072733536	0	0	2.40116951976609	3.17501841249078	0.918719908128006	1.30041026008205	0	0.521999947800003	0	0.766170153234029	0	0	0	1.00176	0	0.00512999743500126	0	0.0303300121320048	0	0	0	0	0	0.00278999999999997	1.74638860288912	0	2.10113063033919	3.73848887845332	0	3.68579926284012
Bifidobacteriaceae	65.7514302745708	200.763330228999	57.9706742029324	43.2360729708218	14.3582028208986	52.2448152244813	240.018587994423	4.95303	194.647069464707	17.1935434387087	82.5094417490557	263.291204683518	41.0811423243426	105.194638961072	10.27656	65.5135631027124	63.1553210534036	89.0014889001486	175.66494	21.7412378258762	162.915756291575	17.4499517449952	28.4314514705646	14.3748256875523	0.0234999953000008	28.7954086386226	4.37013131103938	174.7670000932	100.409039877288	37.3350712005213	8.0400916080183	21.6360821636082	10.7809821561964	78.2984465104659	90.7552409244759	5.54174667495198	75.4971599999997	73.6819547363907	126.528385305677	88.1772159113919	52.77742	45.5099145509913	8.64312827137433	24.3832073149622	33.64079990776	28.6858671314133	10.3257289674271	61.6692414992274	5.91726177517852	12.1833312183331	1.29299987070001	6.66005999999998	87.5873737237878	13.8278917032649	4.00209200104599	0.428520042852003	124.105505536696	0.178889964222007	44.2605878697059	4.90499950950003	3.70620074124013	0.372060074412012	65.2326534767346	49.4770097908038	10.9712421942484	70.4338822603292	40.0971559902843	22.9416808233277	102.49615	118.939128106087	68.2279158860418	68.054569583629	133.779653511861	188.407582318483	12.3992712399271	18.1290018129002	0	0	15.0309	27.5660279471776	26.2238795104482	15.9880847964254	6.30068810979354	34.5798661680534	38.4685423062915
Christensenellaceae	0	0.00372000111600033	0	0	0	0	0	0	0	0	0	0	0.0779400233820069	0	0	0	0	0.0138300013830001	0	0	0.00696000069600006	0.00873000087300006	0	0	0	0	0.0175200052560016	0	0.00080999975700006	0	0	0	0	0	0	0	0.0392399999999997	0.0898500179700036	0	0	0	0	0	0	0	0.0142499985750001	0	0	0.314250094275027	0.0987000098700009	0	0.0391499999999997	0	0	0	0.0632400063240006	0	0	0.0778799610600192	0.0365399963460003	0	0	0.002219999778	0	0	0	0	0	0.00911999999999997	0	0.0156299921850039	0	0	0	0	0	0	0	0	0.0606299514960387	0	0.0309300092790027	0	0	0
Clostridiaceae	0.22577993226602	3.3411210023363	0.259109974089002	3.05803091740926	0.4093697953151	0.913840091384008	0	0.41554	0.217380021738002	0.0996200199240038	0.0746099925390006	0.0544199782320084	2.04856061456818	0.226219954756008	0.977189999999998	0.141160028232005	2.60229921931023	0.0684300068430006	0.12178	0	0.131720013172001	0.131670013167001	0.135129959461012	3.91132882660133	0	0.120750036225011	1.02429030728709	0	0	0.384040115212034	39.1260678252135	0	0.00025000005000001	0.271529918541024	0.00215999978400002	0.210509873694076	0.13488	0.0526500105300021	0.146520029304006	0.0156899921550039	0	0	0.228989954202009	0	0.00937999718600084	2.44759975524002	0.169329983067002	3.02093909371826	0.432680129804037	0.174660017466002	0.0330999966900002	1.95186	0.00521999843400045	0.0614499631300219	1.66100083050042	0.00912000091200009	4.35408738754754	3.31306933738612	0	0.113079988692001	2.5593905118781	0.0656700131340024	0.0531699946830003	0.163650065460026	0	1.26953076171846	0.00059999994	0.237299905080037	1.71648	0.0187199981280002	0	1.65666950299915	0.0437000174800069	0.111269977746004	0.586200058620003	0.480030048003003	0	0.034080010224003	0	0.0683199453440436	0.0293199882720046	0.0177000053100016	1.24342962697111	0.740959703616118	0.212219957556008
Clostridiales_Family_XIII_Incertae_Sedis	0.00167999949600015	0	0	0.0153000045900014	0.012039993980003	0.0348300034830003	0	0	0.0276400027640002	0	0	0	0	0.00488999902200018	0	0	0.0126599962020011	0	0	0	0	0	0	0.0542999837100048	0.0430799913840016	0.0274900082470023	0	0.0105999957600017	0	0.0564600169380048	0.0492000098400019	0.0153300015330002	0.349950069990013	0.0279899916030025	0.0263399973660002	0.0131399921160047	0.00092999999999997	0	0	0	0	0.0107700010770001	0.00939999812000036	0.00405000121500036	0	0.0989199901080009	0.0442699955730003	0.0365799890260032	0	0	0	0.0801799999999995	0	0.118149929110042	0	0	0.0523799685720187	0.0177899964420007	0	0	0.00669000133800024	0.00255000051000009	0	0.0286200114480045	0	1.34383080629848	0.0344699965530003	0.0330999867600052	0.02811	0.0601499939850004	0.00377999811000093	0	0.06403002561201	0	0	0.00918000091800009	0	0	0	0	0.024809990076004	0.167480050244015	0	0.094709962116015	0
Clostridiales_unclassified	0	0.00650000195000058	0.109069989093001	0.121290036387011	0.0459899770050114	0	0	0.47103	0	0	0	0	0.00407000122100036	0	0	0	0	0.00156000015600001	0	0.0952499904750009	0.002370000237	0	0.0182299945310016	0	0	0	0.0816300244890072	0	0.036209989137003	0.00426000127800038	0	0	0.00904000180800036	0	0	0	0.0239399999999999	0	0	0	0	0	0	0	0	0.000659999934	0	0.070109978967006	0.913170273951081	0.00765000076500006	0	0	0	0.00164999901000057	0.0614800307400153	0	0	1.23210975357804	0.156299921850039	0	0.0119700023940005	0	0	0	0	0	0	0	0	0	0	0	0	0	0.496240049624004	0.0105900010590001	0	0	0.00666	0.03125997499202	0	0	0	0.081689967324013	0.0192699961460007
Coriobacteriaceae	6.16157815152654	29.2348587704576	6.81305931869406	13.5794140738242	31.9392940303528	0	0.628259811522054	12.44976	1.06155010615501	8.68767173753433	12.4865987513401	0.732279707088116	37.0356711107013	0	1.21947	88.7157677431533	19.4509441647167	22.6458622645862	0	0	10.7210710721071	19.9929919992992	11.818016454595	41.8610574416826	0	0	20.5674061702218	14.8190640723743	0	3.85752115725633	8.71425174285033	0	2.21445044289009	0	0	18.7271887636867	8.46479999999997	20.3119540623908	0	30.0991049504475	7.54935	15.6186315618632	26.572074685585	28.8246386473915	0	22.2163177783682	5.56499944350003	17.4496947650916	18.2222454666736	18.8838018883802	2.11847978815202	10.14252	15.1758154472553	0	9.18156459078228	9.25362092536209	0	10.5932078813584	18.7395606302197	2.81594971840502	0	0.855930171186033	37.0343962965603	0	9.50976190195236	0	32.9393667060633	20.3256218697512	42.97373	89.0082510991746	42.3795088102455	63.9732408080277	60.6359342543736	10.8228478354304	0	36.9603636960363	0	11.7180935154281	5.06282999999997	23.0824615340308	6.37140745143701	22.240396672119	1.48454955463513	2.28323908670436	61.1634777673044
Corynebacteriaceae	0	0	0	0	0	0.0246300024630002	0	0	0.0116400011640001	0	0	0	0.00177000053100015	0	0	0	0	0	0.03978	0.002369999763	0.0417200041720004	0	0	0.0620099813970054	0.00530999893800021	0	0	0.0117299953080019	0	0.0544500163350048	0.223770044754009	0.0261000026100002	0	0.00219999934000018	0	0.013919991648005	0.0554999999999998	0	0	0	0.01227	0	0	0	0	0.001949999805	0.00953999904600009	0	0	0	0	0	0	0	0.00564000282000141	0.0106200010620001	0.00785999528400282	0	0.0254999872500064	0	0.00456000091200018	0	0	0	0	0	0.0330199966980002	0	0	0	0	0	0	0	0	0	0	0	0	0	0	0	0	0	0
Desulfovibrionaceae	0.0252899924130023	0.0814700244410072	0.446219955378003	0.316140094842027	0.52370973814513	0	0	0.41442	0	0.0215100043020008	0	0	0.0939000281700084	0.00923999815200036	0	0.00732000146400027	0	0	0.00609	0	0.105480010548001	0.0559800055980003	0	0.266339920098024	0	0	0.605610181683054	0	0.00713999785800063	0.00102000030600009	0	0	0.0931200186240036	0.174869947539016	0	0.133589919846047	0.0495599999999997	0.077010015402003	0.0204000040800008	0	0.01107	0.183020018302002	0.0159299968140006	0	0	0.0234599976540002	0	0.0872099738370078	0.36219010865703	0.0992100099210009	0.0592199940780006	0.351569999999999	0.0130799960760012	0.529259682444189	1.5838507919254	0.198630019863002	0	0.0602099879580024	0.00947999526000234	0.000379999962	0.0501300100260018	0.026550005310001	0	0	0.00920000184000035	0	0.145739985426002	0.166329933468026	0	0	0.342569828715084	0	0	0.0683299863340027	0	0.219840021984002	0	0.166230049869015	0.02445	0.146039883168093	0	0.0614100184230054	0.230069930979021	0	0.0121199975760005
Eggerthellaceae	1.70732948780115	0.11709003512701	4.77587952241204	9.61427288428184	2.88722855638572	0	0.11396996580901	2.57475	0.0380300038030003	1.57521031504206	1.83212981678702	0	3.64812109443632	1.33811973237605	1.56081	2.6688905337781	1.05119968464009	2.22789022278902	1.12932	7.80002921999706	0.796710079671006	1.36560013656001	1.80629945811016	0.136289959113012	0	1.2020403606121	5.68689170606751	0.0122399951040019	2.76590917022725	0.714540214362063	0.139050027810005	0.680370068037006	0.231210046242009	0.529349841195046	0.846449915355006	0.865979480412309	1.00725	1.37774027554805	1.01004020200804	0.356429821785088	2.31849	0.673230067323006	0.0596099880780022	1.54071046221314	5.59484832154549	1.37086986291301	0.270299972970002	3.04373908687827	11.95113358534	2.38206023820602	0.637049936295006	3.00409999999999	0.0131999960400012	1.41968914818651	2.73329136664568	2.14356021435602	0.124679925192044	0.868499826300032	0.374879812560093	0.624719937528004	5.81919116383822	0.0412200082440016	1.03154989684501	0.502300200920079	1.54092030818406	5.64599338759601	2.57279974272003	0.929019628392147	2.61806	1.05752989424701	2.79185860407069	3.82552885234134	6.43639257455702	0.0590099881980022	2.90955029095503	1.36812013681201	0	0.854520256356076	0.374849999999997	1.03797916961666	0.247179901128039	1.25346037603811	0.188729943381017	2.12957914816834	0.991529801694039
Enterobacteriaceae	17.9449646165106	2.2427406728222	0.218399978160002	6.82857204857161	0.431999784000105	51.7508451750844	0.379499886150032	5.21977	0.0595500059550003	0.0740700148140028	0.0202499979750002	0.0185699925720029	13.4619440385832	0.439029912194016	0	5.80752116150422	20.9882937035119	5.94726059472603	2.78634	25.0031074996892	6.91503069150306	84.9408384940836	10.5361468391559	0.266949919915024	28.0344243931151	15.1083645325093	6.39442191832656	1.78178928728428	6.8568179429546	4.09158122747436	14.3260228652045	0.0434200043420004	11.7473423494685	10.7569067729279	6.58391934160805	0.689859586084247	6.45278999999999	6.08016121603224	1.91760038352008	0.396389801805099	2.37624	87.2868687286866	11.8083276383345	41.4500224350066	0.368549889435033	19.5955580404442	1.81717981828202	2.03615938915218	0.158160047448014	0.0641700064170006	25.7345374265462	26.6201	0.405779878266036	52.2383686569786	1.17180058590029	142.912214291221	14.4065413560752	0.0906999818600035	3.58502820748587	110.485308951469	0.0226800045360009	8.92749178549833	0.280199971980003	12.365164946066	122.178684435737	0.828280496968297	0.841859915814009	0.00611999755200096	0.43905	0.524159947584004	0.391769804115097	12.4591462622561	0.0912600365040144	5.90840881831821	0.127710012771001	1.08294010829401	245.544953663486	2.17842065352619	2.70105999999999	5.08103593517125	7.98416680633327	0.391020117306033	42.0992573702225	1.46411941435223	5.51462889707421
Enterococcaceae	0.056059983182005	0.381540114462033	0	0.236400070920021	0	13.7282813728281	0	0.35523	0	0	0	0	0.0123200036960011	0.499599900080018	0	0.26163005232601	0.143139957058013	0	0	30.2827869717212	0	0	1.99961940011418	0.245729926281022	2.25569954886008	1.04920031476009	1.1629203488761	0.0108899956440017	0.425839872248037	28.0029684008904	1.78524035704807	0	0.140800028160005	0.00915999725200081	0	0.00575999654400207	0	1.22019024403805	0.00483000096600018	0	0.05298	0	4.87252902549418	0.11442003432601	0.198219940534018	2.57339974266002	67.2677032732296	0	0.204660061398018	0	0	0	0	0	0	0.369570036957003	10.1501239099256	0.166759966648006	0	0	0	263.359642671928	0	2.92242116896846	0	0.0078200046920028	0	0	0.01323	0	0	0.0286499914050026	0.139290055716022	0	0	0	0.493180147954043	0	0	0.00626999498400399	0	0	8.75580737325778	56.538217384713	0
Erysipelotrichaceae	2.03168939049318	0.667380200214058	13.5178086482191	14.6337443901233	0.759049620475188	22.7533522753352	0.103829968851009	4.28375999999999	0.0695600069560006	8.81253176250633	0.0921599907840009	0.031769987292005	0.553010165903049	0.447629910474015	0.725639999999997	0.0310200062040012	2.05503938348819	0.559820055982004	1.43959	2.20823977917602	0.315000031500003	0.0899400089940008	4.79636856108941	9.0424472872658	11.1802777639444	16.5780649734195	0.746130223839066	7.6658069336772	0.0161099951670014	0.0135600040680012	3.30613066122612	1.16788011678801	7.37670147534027	0.633259810022056	0.0161099983890002	0.434249739450154	0.0527099999999997	4.18416083683216	0.833370166674032	0	0.19899	0.0843900084390006	0.00317999936400012	21.7737065321119	4.09077877276636	0.560489943951003	0.0209299979070002	4.01374879587535	0.301340090402026	0.0273500027350002	0.0448599955140003	0.355679999999997	0.145469956359013	7.76255534246677	12.5269862634931	0.439740043974003	6.96127582323448	11.6993676601265	8.22255588872204	0.00377999962200003	2.5794905158981	0.922740184548035	0.0799199920080006	40.7159462863783	1.28194025638805	1.00173060103836	0.401249959875004	0.345959861616055	1.30955	0.660149933985005	2.04726897636551	1.71547948535615	3.31557132622852	0	0.322700032270003	0.0881100088110007	0.0333000099900027	0	0.0667199999999997	0.174569860344112	2.09834916066034	0.10998003299401	0.0185999944200017	0.571149771540089	0.385819922836014
Eubacteriaceae	7.06175788147263	2.2864206859262	11.6994388300561	3.82281114684333	6.13878693060652	0.0284400028440002	0.204839938548018	39.6691099999998	0.145060014506001	10.5971021194204	7.50893924910605	0	6.55326196597857	0	5.40455999999997	20.6755941351188	11.430356570893	9.52923095292309	5.53648	0	7.90796079079606	14.6518814651881	1.71174948647515	13.6042459187262	0	0	26.8405880521764	4.13273834690464	27.1126118662164	3.87204116161234	3.17172063434412	6.66368066636805	38.6163577232715	7.95778761266371	4.33679956632003	9.60734423559343	15.64104	3.94431078886215	4.09000081800015	4.33412783293607	11.07264	14.1007514100751	14.7971370405726	33.0320499096147	18.0961845711446	24.4684175531582	9.46424905357508	2.1855393443382	17.5476352642906	20.6640620664062	4.66847953315203	9.05215999999997	5.25791842262446	0.0758399544960271	18.1473390736695	2.72065027206503	0.774739535156277	18.0238763952247	1.6019891990054	11.1592488840751	14.7541929508386	0	49.9450150054983	0	14.5955129191026	3.14175188505112	9.42494905750507	8.39067664372934	38.16411	2.19592978040702	22.1012289493855	1.20290963912711	14.3673357469343	7.50263849947227	13.0204113020411	26.1048626104862	0	13.2915039874512	17.08866	33.7964429628456	1.13957954416818	22.029476608843	4.5972286208314	2.40488903804438	4.53990909201816
Firmicutes_unclassified	0.276039917188025	0.762630228789066	0.369829963017003	1.1502003450601	0.24026987986506	6.22290062229006	0	0.71091	0	0.455280091056018	1.02587989741201	0	1.41180042354013	0	0.366809999999997	0.0154000030800006	0.163859950842015	0.970150097015009	0	0	0.353230035323003	0	1.92499942250017	0.201949939415018	0	0	1.21230036369011	0	0.196889940933018	0.355650106695031	0	0.281180028118003	2.25077045015409	0.00985999704200088	0	0.00925999444400332	0.345689999999998	1.73025034605007	0	0.0374699812650093	0.07692	0	0.460289907942018	0	0	0	0.426119957388003	1.23147963055611	1.98429059528718	1.28484012848401	0.000809999919	1.39164	0.241079927676022	0	2.51338125669063	0	0	0.343329931334012	0.135269932365034	0.0755699924430006	2.06175041235008	0	0	0	0.866090173218033	0	0.792359920764006	0.254349898260041	0.09296	0	0.804539597730199	0.10670996798701	2.24507089802836	0.510539897892018	2.41137024113702	0	0	0.0183300054990016	0	1.77107858313713	0	0.866880260064078	0.548939835318048	0.738119704752117	0.384629923074015
Lachnospiraceae	79.1161462651559	13.3467340040202	54.8937545106244	50.6593751978125	59.7056701471648	12.8604012860401	7.68443769466868	92.38623	0.961410096141008	135.390807078161	66.4106633589336	0.809969676012128	100.480120144036	23.7032752593449	98.7978899999996	91.7482283496454	46.1009961697011	97.9163797916378	65.846	33.8189666181033	27.9759027975903	72.3511872351186	210.683536794939	86.9160639251807	198.712180257564	218.524625557387	76.1545428463627	75.51254979498	84.3442146967355	91.0866273259881	107.446361489272	74.0959474095946	118.480223696044	87.2914638125608	54.0085145991484	82.6638704016775	84.4188699999997	60.0165820033163	58.1933516386702	123.083248458375	181.40169	113.492071349207	54.0916391816721	61.9245785773734	197.017990894602	119.153268084673	53.1601446839854	71.3408185977542	56.543246962974	76.8136176813616	55.3463544653645	52.5297099999998	22.229273331218	48.1767310939613	59.8321699160849	51.8788851878884	66.7526799483919	94.9671010065797	21.4395592802203	42.6836257316373	92.1343984268796	3.30984066196812	106.402379359762	109.500753800301	96.9866893973376	85.0923110553865	41.6192958380703	50.0368899852439	47.27006	26.5644473435552	95.9804220097887	67.803519658944	58.3523933409573	32.2645435470912	183.085158308515	77.9519777951976	0	146.433603930081	100.14497	60.1851918518464	78.8099884760045	107.558762267629	47.2310458306862	31.0519575792169	25.987584802483
Lactobacillaceae	10.712816786155	9.89868296960488	0	24.4061973218592	0.00563999718000138	0.0181400018140002	39.8183980544803	0.222759999999998	86.1486186148617	0	0.0129699987030001	23.1472507410997	0.328680098604028	25.847194830561	0	0	0	10.6472910647291	0.0038	8.24157917584207	0.904500090450008	0.304400030440003	0.293699911890026	0.0180599945820016	0	0.22556006766802	0.0429300128790036	0	0.169809949057015	0	0.534510106902021	41.8491941849193	0.0279000055800011	1.90108942967317	0.0262799973720002	0.269749838150097	0	4.35991087198216	0.0573000114600022	3.05615847192076	1.77373	5.33805053380504	1.66743966651206	17.8123953437186	0.0306799907960027	0.634429936557006	7.87094921290506	0	0.320180096054029	0.00915000091500009	0	4.22663999999998	3.70984888704532	0.328579802852118	0.00154000077000038	0.00690000069000006	2.31628861022682	0	102.615328692335	32.3106667689333	0.0578100115620021	10.4194220838844	0.930369906963008	0	0	8.80788528473114	0.396879960312003	0	3.07623	18.6877781312222	14.5448627275686	0	0.0699000279600112	0	0.0531000053100003	0.317000031700002	44.9803934941178	0	0	1.92902845677723	104.196438321424	0.00465000139500042	0	14.2975042809983	0.319479936104012
Leuconostocaceae	3.64710890586732	0	0	0.712920213876063	0.0547499726250135	0.124470012447001	0.0175199947440016	0.00521	0	2.6190005238001	0	0	0.109280032784009	0	0	0	0	0	0	2.28266977173302	0.0433500043350003	0	0	5.74982827505151	0.00548999890200021	1.24274037282211	0.232530069759021	0.166079933568026	0.383369884989034	0.197180059154018	0.0132000026400005	0.0839400083940007	0.78360015672003	0.475439857368041	3.15833968416603	0.916949449830327	0	0.0172500034500006	0.241710048342009	0.00983999508000246	0	0.0269700026970002	0.829899834020031	0.0176100052830016	0	0.00458999954100003	0.995789900421009	0	0.00442000132600038	0.0201100020110002	0	0	0	0	0	0	0	0.0125599974880005	0	0	0	0	0	0	0	0	0	0	0	0.00616999938300005	0	0	0.563640225456089	0	0	0	0.0498100149430044	0	0	0.158129873496101	0.00143999942400021	0	0	0	0
Micrococcaceae	0	0	0	0.203580061074018	0.0102899948550025	0	0	0	0.0129600012960001	0.114690022938004	0	0	0	0.0418499916300015	0.00875999999999997	0	0	0	0.00033	0.122369987763001	0.002190000219	0	0	0.187769943669017	0.00995999800800039	0.0240600072180021	0	0.276249889500044	0	0.614020184206054	0.726810145362028	0.676230067623006	0	0.00038999988300003	0.0638099936190006	0.273599835840098	0	0	0.00045000009	0.0269399865300067	0	0.110220011022001	0.00644999871000023	0.11304003391201	0.0068699979390006	0	0.172349982765001	0	0.00582000174600051	0.002250000225	0.0396299960370003	0	0	0	0.072840036420018	0.587610058761003	0.019559988264007	0	0	0	0.0197100039420008	0.0850800170160033	0.0394799960520003	0.236790094716038	0	0.0231600138960083	0.0206099979390002	0.218819912472035	0	0.002009999799	0.0768599615700189	0.10829996751001	0.00465000186000072	0	0.000540000054	0	0.0129000038700011	0.504650151395043	0.19533	0.00032999973600021	0.094589962164015	0.0268500080550024	0.0177599946720016	0.0100799959680016	0.100619979876004
Odoribacteraceae	0.954109713767084	0.350360105108029	0.362129963787003	1.1826603547981	0.580889709555143	0	0	1.87329	0	0.483630096726018	1.36058986394101	0	0.781380234414068	0	0.478109999999997	0.100050020010004	0	0.444840044484003	0	0.001769999823	0.0786000078600007	0.313800031380003	0.0273299918010025	0	0	0	2.15128064538419	0	0.478649856405042	0.669570200871059	0.00357000071400012	0	0.433970086794015	0	0	0.333629799822117	0.733859999999995	0.405570081114015	0	0.234179882910058	0.40887	0	0	0	0	0.00350999964900003	0.240209975979002	0.355889893233029	2.2222606666782	4.50604045060403	0.673169932683006	1.29731	0.261929921421024	0.66971959816824	8.36403418201707	1.36824013682401	0	2.25665954866809	0.600229699885149	0.978839902116007	0.934350186870034	0	0.121499987850001	0.528990211596084	0.197130039426008	0	0	0.850019659992135	0.3012	0	0.406229796885099	0.0296399911080027	0	0.0654299869140025	0	0.002280000228	0	0	0.0974399999999997	1.23272901381679	0	0.935130280539083	3.4910989526703	0.12895994841602	2.34920953015809
Oscillospiraceae	0.877769736669077	0.0851100255330075	0	0	1.97885901057049	0	0	0.46011	0	0.024480004896001	0.0513599948640003	0	0.33741010122303	0	0	0	0	0.895830089583006	0	0	0.941970094197008	0.151500015150001	0	0.103889968833009	0	0	0.498990149697043	0	0.0410399876880036	0.0737400221220065	0	0	0.437970087594016	0	0	0.141569915058051	0.17262	0.385230077046015	0	0.0331799834100082	0	0	0.184979963004007	0	0	0.0114899988510001	0.0743399925660006	0	0.455550136665039	0.238470023847002	0.0945599905440008	1.69578	0.10772996768101	0.0884399469360318	1.9985709992855	0	0	1.50422969915406	0.272399863800068	0.273989972601002	1.19433023886605	0	0.0314399968560003	0	1.43388028677606	0	0	0.184829926068029	0	0	0.431279784360106	0	0	0.0986699802660039	0	0	0	0	0	0	0	0.120000036000011	0.848339745498075	0.133349946660021	1.42754971449006
Oxalobacteraceae	0.0271499918550024	0	0.228199977180002	0	0	0	0	0	0	0	0	0	0	0	0	0	0	0	0	0	0	0	0	0.00088999973300008	0	0	0	0	0	0	0	0	0	0	0	0	0.00143999999999999	0	0	0	0	0	0	0	0	0	0	0	0.00585000175500051	0	0	0	0.00095999971200006	0	0	0.0470100047010004	0	0	0	0	0.107370021474004	0.00219000043800006	0.0161699983830002	0.00552000220800087	0.0163500032700006	0.0149700089820054	0	0.0228899908440037	0.00624	0.002309999769	0.016259991870004	0.010919996724001	0.0170700068280027	0.00419999916000015	0.0105000010500001	0.0664100066410006	0.00627000188100054	0.021660006498002	0.00044999999999997	0.040739967408026	0.0147899940840024	0.00552000165600048	0	0.00536999785200084	0.0581399883720023
Pasteurellaceae	0	0	0	0.00612000183600054	0	0	0	0	0.323130032313003	0.00258000051600009	0	0	0	0	0	0	0	0.0549900054990003	0.04545	0	0	0	0	0.023779992866002	0	0	0	0.0137999944800022	0	4.31162129348638	1.31007026201405	0.541590054159003	0	0.0974099707770087	0.0766199923380006	2.18744868753079	0	0	0.0505800101160018	0.561409719295138	0	0	0	0.057280017184005	0	0.0348899965110003	0.422459957754003	0	0	0.0343200034320003	1.51046984895301	0.334559999999997	0.00134999959500012	0	0.0260200130100065	0.0375700037570003	0	0	0	0.0261599973840002	0.0278700055740011	0	0.00980999901900009	0.0038100015240006	0	0.00399000239400141	0	0	0	0	0.0226699886650056	0	0	0	0	0	0	0.172680051804015	0.18954	0	0	0.011070003321001	0.0406499878050036	0.163919934432026	0
Peptoniphilaceae	0	0	0	0	0.00377999811000094	0	0	0	0.248820024882002	0	0	0	0	0	0	0.00051000010200002	0	0	0	0	0	0.0260700026070002	0	0	0	0.00396000118800034	0	0	0.0595999821200054	0.00091000027300008	0.0223400044680008	0	0	0.0022299993310002	0	0.00132999920200047	0	0	0.00333000066600013	0	0.00664	0	0	0	0	0.00635999936400006	0	0.00081999975400006	0	0	0	0	0	0.00161999902800058	0.00272000136000068	0	0	0	0	0	0.0025200005040001	0	0.0682399931760006	0.0101800040720016	0.0214000042800008	0	0	0	0.00116	0	0.0224399887800056	0	0.00400000160000064	0	0	0	0	0	0	0.00995999203200636	0.00013999994400002	0.023240006972002	0	0	0
Peptostreptococcaceae	0	0	0	0	0	10.3780910378091	0	0.01557	0.0180500018050002	0.163590032718006	0.746789925321006	0	0.0553200165960048	0.299519940096012	2.78037	0	3.3809689857093	0.0843900084390007	0.20208	0.363609963639003	0.00492000049200003	0.0602700060270005	1.16648965005311	0.206679937996018	0.0808399838320032	0.901080270324078	0.283920085176025	0.0104699958120016	0	0.0606900182070054	15.4652030930406	0.000930000093	0.187260037452008	0.554279833716049	0.0911399908860007	0.0405899756460144	0.01104	0.0187800037560007	0.205080041016008	0.0131699934150033	0.04644	0.00984000098400007	0.0851399829720033	0.0252900075870023	0.0216899934930019	2.24939977506002	0.902609909739009	0.683099795070061	0.169950050985015	0.0140700014070001	0	2.95518	0.35633989309803	9.1983844809693	0.00063000031500015	0.353670035367003	13.7144417713349	4.91063901787218	0	0	1.72917034583407	0.0344700068940013	0.0197599980240002	0	0.00186000037200006	0.908200544920325	0	0	0.60201	0.00824999917500006	0	0.276749916975025	0.268740107496043	0	0.207540020754002	0	0	0	0.01128	0.120899903280077	0	0.00441000132300039	0	0.198599920560032	0
Prevotellaceae	0.0253199924040022	0.00932000279600084	0	5.10098153029445	12.4937037531481	0	0	0.36523	0	0.232920046584009	0	5.34923786030484	4.37499131249739	0	0	3.45719069143813	0	22.0604722060472	0	0	0.680370068037006	0.0367600036760002	0	11.433816569855	0	0	0.208420062526019	2.03811918475232	0	1.75905052771516	0.117810023562005	4.01389040138902	7.36921147384229	0	0	102.418348548991	0	1.32626026525205	0	9.93119503440246	2.23306	0.270680027068002	63.8282372343524	2.74265082279524	0.131399960580012	0.00607999939200005	12.8540687145931	0	0.00190000057000016	0	0.0155599984440002	0.00045999999999998	0	5.8723364765981	7.99912399956198	0.0254400025440002	0.061599963040022	0	0	0	0.313490062698011	0.00108000021600003	0.00395999960400003	0	0	0.208740125244075	0	12.9760348095861	0.72198	0	2.77842861078568	0	0.0371100148440057	0.130979973804005	0	11.4765711476571	0	0	1.58816	0.285979771216182	0	0	0	0	0
Proteobacteria_unclassified	0	0	2.33405976659402	0	0.695009652495171	0	0	0	0	0.00987000197400039	0	0	0.831240249372072	0.0365399926920012	0	0	0	0.0692700069270006	0.13191	0	0.405690040569003	0	2.13047936085619	0.00317999904600027	0	0	0	0.0216899913240034	0.11459996562001	0	0.404280080856015	0.0156600015660001	0	0	4.75586952441303	0.00134999919000048	0	0	0.145590029118006	0.219149890425055	0	0	0	0.263760079128023	0	0.417509958249003	0	0.146279956116013	0.0541200162360048	1.63635016363501	1.32560986743901	0	0.0554999833500048	0.857549485470306	0.0229800114900057	0	0	0.0136799972640005	0	0.0796499920350006	0.970500194100036	0	0	5.25249210099681	0.0102900020580004	0	0.0662399933760006	0	0	0	0.00170999914500042	0.523529842941045	0	0	0	0.0345000034500003	0.0430200129060036	0	0.877049999999997	0	0	0	0.0463499860950039	0.00749999700000117	0
Rikenellaceae	8.45168746449375	1.74426052327816	12.2688287731171	13.7511341253402	11.1347044326478	0	0	6.34128	0	4.91619098323818	0.689519931048005	0	15.3682546104764	0	7.56350999999997	3.77616075523215	0	1.12290011229001	0.00906	3.97838960216103	7.09158070915806	11.0020811002081	0	0.10751996774401	0	0	30.0140490042147	0	3.88618883414333	2.50143075042923	0	0	16.1317532263506	0	0.595679940432003	0.147899911260053	6.79619999999997	7.5434615086923	1.63644032728806	2.65379867310066	0.36348	0.443850044385003	3.52934929413012	0	0	2.71187972881203	4.59572954042703	22.164113350766	23.9893671968102	35.0452035045203	9.40922905907709	41.2748099999997	3.74333887699833	7.2611656433006	38.6702593351295	1.06866010686601	0	21.2824157435168	6.14978692510653	7.67569923243006	20.4059440811888	0	8.47334915266506	0	5.76747115349422	0	0.513389948661003	0.845369661852134	11.44485	0	0	7.82802765159169	0.94482037792815	8.67998826400233	12.7542312754231	14.1503114150311	0	1.25982037794611	0.444869999999997	17.6900858479313	0	9.79329293798787	13.5318259404522	4.04075838369663	23.7221952555609
Ruminococcaceae	42.2640373207887	1.1332003399601	68.3829731617025	13.0641639192492	65.0132574933711	6.29064062906405	0.0215099935470019	34.35585	0.0359300035930003	51.972490394498	27.0991172900883	0.00524999790000081	35.4029506208851	7.66937846612428	117.82353	3.00294060058811	120.754743773577	14.8029314802931	39.15711	20.5135479486452	43.5915143591514	12.0393012039301	7.00551789834462	23.0624030812791	0	0.664590199377057	20.7429562228868	0.745379701848118	30.8996307301108	20.9872562961769	5.86500117300022	14.2949114294911	32.0424564084912	85.4679943596015	106.591729340827	35.5590086645947	28.8930999999999	38.6216477243295	52.771690554338	7.13012643493676	13.78275	8.19579081957905	45.7285408542917	39.4765318429594	7.00802789759163	57.0936842906314	13.5009586499041	31.6626005012198	48.8918746675623	40.5697840569783	23.2055776794422	76.7431999999997	74.4998776500366	37.9163172502096	26.4133332066666	48.4161248416124	4.43054734167159	48.4447603110478	11.4805842597079	31.9720468027953	110.127712025542	0	14.3149185685081	4.06437162574864	13.5419127083825	4.78461287076771	123.076187692381	109.538586184565	25.39469	15.9208184079181	28.289065855467	48.6526254042122	3.37485134994054	17.0669765866047	26.0043926004392	56.7551756755173	0	25.2719175815753	19.14939	57.2739441808446	2.30585907765637	34.7327204198161	51.2363546290934	65.2820438871822	40.7191018561795
Selenomonadaceae	0	0	0	0	15.3961223019388	0	0.00122999963100009	0.12797	0	0	0	0	0.0520800156240045	0	0	0	0	0	0	0	0.207990020799002	0	0	53.1890840432747	0	0	2.61145078343523	0	0	7.62331228699367	0.0564800112960022	0	0	0	0	0	0	2.69471053894211	0	2.12132893933553	0	0	0.126759974648005	0	0	0	0	0	0	0	0	0	0	0	0	0	0	2.07975958404808	0.00176999911500042	0	0	0	0.399749960025003	0	0	0	0	38.298254680698	0	0	0	0.0538699838390046	0.00138000055200021	3.83487923302414	0	26.0763426076342	0	0	0.00508999999999999	4.49359640512286	0	0.00456000136800041	0	0	0
Siphoviridae	0.0652399804280058	0	0.0385199961480002	0.294320088296026	0	0.199900019990002	0.0498699850390043	0.67282	0.0243000024300002	0	0	0	0.0104800031440009	0.160399967920006	0.00701999999999998	1.98383039676607	0.00749999775000066	0.0328100032810003	0.16573	0.179379982062002	0.108680010868001	0	0	0.124949962515011	0	0.145980043794013	0	0.0387299845080061	0.0624599812620056	0.0442000132600039	16.3094332618866	0.296370029637003	0.347340069468013	0.0753399773980066	0.119299988070001	0.0425199744880152	8.50884999999999	0.0545000109000022	0	0.00309999845000076	0.02607	0.0148000014800001	1.08028978394204	0.144180043254013	0	0.0163999983600002	0.270029972997002	0.0976399707080086	0.0140400042120013	0	0.202919979708002	0	0.0511099846670045	0	0.0599000299500148	0.183400018340002	0.0962399422560346	0.0222599955480008	0.00933999533000232	0.791259920874006	0.110560022112004	3.98140079628014	0.0464199953580004	0.0114600045840018	0	1.03953062371837	0.0143199985680001	0.0687499725000109	0.03242	0.121079987892001	1.34615932692034	0.359459892162032	0.0175700070280028	1.93022961395407	0	0	0	0	0.220959999999998	0	0.308879876448048	0	0	0.94177962328815	0.337899932420012
Streptococcaceae	1.1464696560591	0.884990265497078	0.492799950720004	33.0008799002638	3.96982801508599	66.6715366671536	3.11366906589927	1.14328	0.201060020106002	5.82120116424021	0.0493799950620004	3.79637848144859	2.54356076306822	10.6879378624124	0.488909999999999	1.32923026584605	0.618989814303055	1.12065011206501	2.11632	3.79577962042203	0.878670087867008	0.581730058173005	0.66905979928206	7.13736785878962	38.7483622503274	12.2664736799421	1.1688403506521	3.45462861814855	2.47132925860122	34.254330276299	2.77793055558611	100.539370053937	2.5339205067841	6.94209791737061	1.39256986074301	20.2179778692133	0.0654299999999997	1.08745021749004	1.81731036346207	0.992739503630247	5.05174	1.78584017858401	3.85435922912815	6.02112180633652	2.39405928178221	1.08948989105101	58.1070541892944	0.329789901063028	0.67827020348106	0.522100052210003	13.2944686705531	4.52672999999998	0.555449833365048	0.131639921016047	30.2307951153975	7.84176078417607	40.3452257928644	0.25007994998401	8.06989596505201	9.11366908863306	10.4330420866084	0.186210037242007	6.19035938096406	18.3399773359909	0.442530088506016	79.9046579427947	42.6188357381163	0.993979602408158	0.22317	17.4425482557451	2.44028877985561	14.0769957769013	7.41005296402117	0.127649974470005	4.34244043424403	0.250080025008002	0	33.547150064145	29.77026	10.1288618969105	25.290109883956	44.6296733889018	17.1576248527125	28.9195684321726	12.7898774420245
Sutterellaceae	0	0	0.0743999925600007	0.0582000174600051	0.0769499615250191	0	0.0469199859240042	0.01056	0	0.0186000037200007	0	0	0.046440013932004	2.20757955848409	0.07068	0.0283200056640011	0.0296699910990027	0.0660900066090006	0	0	0.0777900077790006	0.167550016755002	0.178379946486016	0.456329863101039	0	0	0	1.93895922441631	0.0132299960310012	0	0.0474000094800018	0.873600087360006	0	0	0.422879957712003	0.224519865288081	0.0650999999999997	0	1.92306038461208	0.192179903910048	0	0	0.0233399953320009	0.0962700288810084	0	0.246209975379002	0	0.0320399903880028	1.93203057960917	0.0436800043680004	0.0325499967450003	0.0647699999999997	1.0929596721121	0.369899778060132	0.314250157125078	0	0	0.827309834538033	0.0397499801250099	0	0.225690045138009	0	0	0.165960066384026	0.00303000060600012	0	1.83404981659502	0	0	0	0.258539870730065	0.034229989731003	0	0	0	0.0410400041040003	0	0	0.0806399999999997	0	0	0	0.318029904591028	0.792719682912126	0
Synergistaceae	0.0420799873760036	0.0438000131400038	0	0	0.973439513280242	0	0	0.07872	0	0	0	0.00221999911200035	0.300840090252026	0	0	0.00892000178400034	0	0	0	0	0.0265400026540002	0	0	0	0	0	0.168190050457015	0	0	0	0	0	0	0	0	0	0.01866	0	0	0	0	0	0	0	0	0	0	0.00727999781600065	0	0.00281000028100002	0	0	0	0	0	0.577270057727005	0	0	9.93891503054247	0.001079999892	0.105670021134004	0	0.00217999978200002	0	0.0103600020720004	0.00239000143400086	0	0.0105199957920017	0.03002	0	0	0	0.0295200118080046	0.0694399861120026	0	0.00247000024700002	0	0	0.01582	0.0393599685120251	0	0.056940017082005	0	0	0
Tannerellaceae	2.44794926561522	1.61631048489314	11.2227288777271	6.98334209500262	6.0721169639415	0	0	8.18019	0.00312000031200003	1.21536024307205	3.04016969598303	0.0583199766720093	2.37717071315121	0.852869829426033	6.18029999999999	0.177390035478007	0	2.60277026027702	0.27123	1.23410987658901	0.753840075384006	3.53679035367903	0.588599823420051	2.2775293167412	0	0	8.00829240248771	0.0182099927160029	0.206819937954019	1.40628042188413	0.341550068310012	0.770160077016006	2.20851044170209	1.80794945761516	0.272729972727003	1.26182924290245	3.11809999999998	5.82906116581221	1.63875032775006	0.379589810205093	0.28662	0.0989100098910008	0.870569825886032	0	0.165809950257015	0.516689948331003	2.00192979980702	4.58672862398139	2.60403078120923	2.10675021067502	1.71509982849002	1.96954	3.4598689620393	8.04206517476088	6.24800312400155	5.14218051421804	0	1.10714977857004	2.16557891721054	0.777749922225006	1.82217036443407	0.0603000120600024	0.0637499936250006	5.62838225135288	0.461790092358016	0	0.0212999978700002	3.66692853322857	0.94149	0	0.936179531910232	0.127559961732011	0.00270000108000042	1.77554964489007	1.91910019191002	3.89979038997903	0	3.04580091374027	7.43870999999997	4.46624642700285	3.02852878858848	0.496380148914043	5.21318843604346	0.753059698776119	17.4118165176367
Veillonellaceae	0.213989935803019	1.86981056094317	8.04281919571806	0.011320003396001	10.7160546419727	26.4746826474683	0.011399996580001	0	0.163390016339001	0	0	0.0514999794000082	0.00536000160800047	3.96068920786215	0	0.0137100027420005	0.148099955570013	0.0730600073060006	1.09629	0.264489973551002	8.08953080895306	0	0.0310499906850027	1.56562953031114	0.336539932692012	0.58519017555705	0	0	8.49426745171975	1.46843044052913	0.00291000058200009	11.1119911111991	0	1.48545955436213	0.0719599928040006	0.89871946076832	3.05276999999997	0.946400189280037	0.368220073644012	21.1487294256353	4.84641	3.04316030431602	48.1203803759238	0.0458700137610039	24.8720525383842	7.63649923635006	4.98185950181403	14.1270257618923	7.82704234811269	0	3.38686966131303	7.68348999999997	2.2794593161622	0	0.105030052515026	0.640620064062006	1.54614907231055	0.00263999947200009	0	3.79761962023803	0.0183600036720007	0	0.140299985970001	8.37435334974132	0	0.318650191190114	0.00719999928000006	0.229599908160036	0	0.0133799986620001	0.349739825130087	0	0.00238000095200038	0.00055999988800002	0	1.78238017823802	0.0941400282420084	0.00108000032400008	4.63674999999997	30.6396154883074	0.181899927240029	6.33585190075557	0.427079871876037	0.498029800788079	0.0466799906640018
