feature	Acidaminococcaceae	Actinomycetaceae	Akkermansiaceae	Atopobiaceae	Bacillales_unclassified	Bacteroidaceae	Barnesiellaceae	Bifidobacteriaceae	Catabacteriaceae	Christensenellaceae	Clostridiaceae	Clostridiales_Family_XIII_Incertae_Sedis	Clostridiales_unclassified	Coriobacteriaceae	Corynebacteriaceae	Desulfovibrionaceae	Eggerthellaceae	Enterobacteriaceae	Enterococcaceae	Erysipelotrichaceae	Eubacteriaceae	Firmicutes_unclassified	Fusobacteriaceae	Lachnospiraceae	Lactobacillaceae	Leuconostocaceae	Methanobacteriaceae	Micrococcaceae	Myoviridae	Odoribacteraceae	Oscillospiraceae	Oxalobacteraceae	Pasteurellaceae	Peptoniphilaceae	Peptostreptococcaceae	Podoviridae	Prevotellaceae	Propionibacteriaceae	Proteobacteria_unclassified	Rikenellaceae	Ruminococcaceae	Selenomonadaceae	Siphoviridae	Streptococcaceae	Sutterellaceae	Synergistaceae	Tannerellaceae	Veillonellaceae
CON1	0.00143639161464139	0.000158121093353853	0.00220579425295334	0	0	0.103370689649999	0.00666888962987664	0.2192007413789	0	0	0.000877717087459467	5.60074713966844e-06	0	0.0205413402147846	0	8.43112471203661e-05	0.00569185929402982	0.0598435831339901	0.000269735982780103	0.00677320354535295	0.0235423405482292	0.000963128481339413	0	0.263985715694473	0.0380036696895366	0.0126793914308169	0.0332063297243852	0	0	0.00320142707037119	0.00292629036713498	0.000271536222932139	0	0	0	0	0.000126616890693218	5.74076581816014e-05	0	0.0281760586862288	0.150731607596453	0	0.000326243520885687	0.00467022300774922	0	0.000210428071104685	0.00907311035292108	0.000720496114181632
CON2	4.75003372523946e-05	0	0	0	0	0.0566188019934941	0.00302032144428225	0.669215651431125	0	1.24000880406251e-05	0.0136604969895286	0	6.50004615032765e-05	0.0974501918963624	0	0.0004523032113528	0.000390302771149674	0.00747585307855686	0.00127180902984411	0.00231781645649683	0.00762145411232418	0.00254211804903814	0	0.0444894158748527	0.0344298444518955	0	0.0295602098774901	0	0.00178581267927002	0.00118930844408995	0.000283702014284301	0	0	0	0	0	4.66003308623493e-05	0	0	0.00581424128111311	0.00399992839949165	0	0	0.00439943123596178	0	0.000219001554911039	0.00538773825294158	0.0062327442524842
CON3	7.62999923700009e-05	0	0.00176449982355001	0	4.12999958700004e-05	0.134519286548071	0.00685269931473008	0.193235580676442	6.13999938600005e-05	0	0.000863699913630009	0	0.000365099963490004	0.0227101977289803	0	0.00148739985126001	0.0159237984076202	0.000727999927200009	0	0.0450659954934005	0.0442951955704805	0.00123629987637001	0	0.183550081644992	0	0	0	0	0	0.00120709987929001	0	0.00228199977180003	0	0	0	0	0	0	0.00778019922198009	0.0408960959103904	0.227946977205302	0	0.000192599980740002	0.00245169975483003	0.000247999975200003	0	0.0374090962590904	0.0268093973190603
CON4	0.00429760128928037	7.00000210000065e-05	0	0	4.02000120600037e-05	0.156778747033624	0	0.144120243236073	0.000202800060840018	0	0.0152845045853513	5.10000153000048e-05	0.000404300121290037	0.0452647135794141	0	0.00105380031614009	0.0320487096146129	0.0227619068285721	0.000788000236400071	0.0487866146359844	0.0127427038228111	0.00575100172530051	0	0.169717450915235	0.0815401244620375	0.00237640071292021	0	0.000678600203580061	0	0.00394220118266034	0	0	2.04000061200018e-05	0	0	0	0.0252107075632123	0	0	0.0458371137511341	0.0435472130641641	0	0.00294320088296027	0.1102113330634	0.000194000058200017	0	0.0232778069833421	5.66000169800051e-05
CON5	0.00131785587708918	0.0001019043207432	0.00187177936344501	0	0.000225409557365232	0.0962709818896322	0.0139262904747161	0.0478627293797258	0.00018930802666033	0	0.00144126110947104	4.78020268059367e-05	0.00032331370850124	0.106479514731424	0	0.003650654787763	0.00963110835899443	0.00144006105858888	0	0.00757322110457482	0.0205929731420612	0.000800933959599888	0.000742431479094713	0.200580804626116	1.88007971537993e-05	0.000182507738328105	0.0479067312454049	3.43014543816656e-05	0	0.00193638210260115	0.00659647969073888	0	0	1.89008013939791e-05	0	0	0.0416474658525521	0	0.00231679823224504	0.0371187738360108	0.217155807406234	0.0524642244831181	0	0.0132501618068606	0.000256510876061145	0.00486740637803042	0.0202412582293489	0.0389171500871637
CON6	0	0.00105169952402444	0	0	9.05257817426405e-05	0	0	0.18094023177801	0	0	0.0039013110933994	0.000116133074699674	0	0	8.21233887411134e-05	0	0	0.206002869617267	0.0683433641901214	0.0773410267244111	0.000284481020194551	0.0311233639340485	0.000357501816517344	0.0559671394413131	9.07258387188674e-05	0.000415018197182557	0	0	0	0	0	0	0	0	0.0398764568149009	0	0	0	0	0	0.0209747736155257	0	0.000999784738693581	0.222538378930319	0	0	0	0.089503090480169
CON7	0	8.45999746200074e-05	0	0	1.45999956200013e-05	0.00891909732427081	0	0.816751454974564	0	0	0	0	0	0.00209419937174018	0	0	0.000379899886030034	0.00126499962050011	0	0.00034609989617003	0.000682799795160061	0	0	0.0256147923155623	0.132728960181311	5.83999824800054e-05	0	0	0	0	0	0	0	0	0	0	0	2.05999938200018e-05	0	0	7.16999784900064e-05	4.0999987700003e-06	0.00035419989374003	0.0103960968811709	0.000156399953080014	0	0	5.69999829000051e-05
CON8	0.00827832093757811	2.87125588732512e-05	0.0872305546446017	0	0	0.102918316471624	0.0269472867432214	0.0165173246778141	0	0	0.00138840728934836	0	0.00454268697128124	0.0415173596931298	0	0.00138200448876339	0.00858625562821179	0.0223091580257205	0.00134408790404923	0.0142854484551543	0.156344084902736	0.00241345564549935	0	0.308701426003734	0.00111428738930407	5.21227985120693e-05	0	0	0.00129606689966191	0.00625883761557306	0.00153437113393399	0	0	0	5.19227109937888e-05	0	0.00126215206531337	0	0	0.0211468496320291	0.124185118570863	0.000462502298505367	0.00629635402525065	0.0038963042434761	3.52154032173673e-05	0.000393772235976016	0.0272792319360489	0
CON9	0	0.000588530880664482	0	9.46371261445866e-05	0.000116945877867887	0.000507999288120728	0	0.649078133351714	0	0	0.000737189199322894	9.45370868991903e-05	0	0.00353988869833636	3.88152272136359e-05	0	0.00014715772997747	0.000198577902110997	0	0.000452177389189778	0.000485090300925051	0	0	0.00320595769720461	0.336784420528173	0	0	4.32169540110584e-05	0	0	0	0	0.00107752271215998	0.00124458825197125	9.15359095373116e-05	0	0	0	0	0	0.00012084740843833	0	0.000121547683156102	0.000670463022643783	0	0	1.04040815211808e-05	0.000549815692696242
CON10	0.00272730054546011	0.000115200023040004	0.000487600097520021	0	2.70000054000011e-05	0.127702525540505	0.00328160065632013	0.0573118114623625	0	0	0.000498100099620021	0	0	0.0289589057917812	0	7.17000143400028e-05	0.00525070105014021	0.00024690004938001	0	0.0293751058750212	0.0403157080631418	0.00153180030636006	0	0.453704990740998	0	0.00873000174600035	0	0.000382300076460014	0	0.00161210032242006	8.16000163200035e-05	0	8.60000172000032e-06	0	0.000545300109060021	0.000319600063920013	0.000776400155280032	0	3.29000065800014e-05	0.0163873032774606	0.195999739199948	0	0	0.0194040038808007	6.20000124000025e-05	0	0.00405120081024018	0
CON11	0.00132859986714001	3.82999961700004e-05	0	0	0	0.305341269465873	0.000424699957530004	0.275031472496853	0	0	0.000248699975130002	0	0	0.0416219958378004	0	0	0.0115798988420101	6.74999932500007e-05	0	0.000307199969280003	0.0288777971122202	0.00341959965804004	0	0.221368877863112	5.07999949200004e-05	0	0	0	0	0.00453529954647004	0.000171199982880001	0	0	0	0.00248929975107002	0	0	0	0	0.00246859975314002	0.0903303909669611	0	0	0.000164599983540002	0	0	0.0101338989866101	0
CON12	0	0.000119499952200019	0	0	0	0.000396299841480064	0	0.877637348945061	0	0	0.000181399927440028	0	0	0.00244459902216039	0	0	0	6.18999752400097e-05	0	0.000105899957640017	0	0	0	0.00269989892004043	0.0791921683231327	0	0	0	9.58999616400154e-05	0	0	0	0	0	0	0	0.0178307928676828	0	0	0	1.74999930000027e-05	0	0	0.0187426925029229	0	2.21999911200035e-05	0.000194399922240031	0.000257499897000041
CON13	0.00665180199554061	0.000243500073050021	0.0108100032430009	0.000502100150630047	9.43000282900085e-05	0.0664350199305061	0.00978260293478088	0.136937141081142	5.47000164100051e-05	0.000259800077940023	0.00878390263517078	0	4.07000122100037e-05	0.123452237035671	5.90000177000051e-06	0.000313000093900028	0.0121614036484211	0.0448843134652941	6.16000184800057e-05	0.00191200057360017	0.0218579065573719	0.00492590147777044	0	0.33564680069404	0.00164340049302014	0.00109280032784009	2.98000089400026e-05	0	0	0.00260460078138023	0.0011247003374101	0	0	0	0.000184400055320016	0	0.0145833043749913	0	0.00277080083124024	0.0518602155580647	0.11809223542767	0.000173600052080015	5.24000157200047e-05	0.0103410031023009	0.000154800046440014	0.00150420045126013	0.00792390237717071	4.72000141600041e-05
CON14	0	2.37025669880047e-05	0	0	0	0.283664820900104	0	0.433833984220491	0	0	0.00144475646712539	1.63017654812016e-05	0	0	0	3.0803336001289e-05	0.0044608831136412	0.00154746759074007	0.00249827056270193	0.00149226161193257	0	0	0	0.0805436228743572	0.101785323350519	0	0	0.000139515109486357	0	0	0	0	0	0	0.000998508138431394	0	0	0	0.000121813192368733	0	0.0255673689460568	0	0.000802086866007591	0.0356411599376212	0.00735939702269758	0	0.00284320791941767	0.0151847445078302
CON15	0.0012831	0	0	0	8.52000000000002e-05	0.1490139	0	0.0342552000000001	0	0	0.00353670000000001	0	0	0.00406490000000001	0	0	0.00520270000000001	0	0	0.0024188	0.0180151999999999	0.00122269999999999	0	0.329346899999999	0	0	0	2.92e-05	0	0.00159369999999999	0	0	0	0	0.00926790000000002	0.0002057	0	0	0	0.0252117	0.392745100000001	0	3.51000000000001e-05	0.0016297	0.000235600000000001	0	0.020601	0
CON16	0.00106660021332004	0.000109400021880004	0	0	0.000106100021220004	0.00551020110204021	1.33000026600005e-05	0.218378543675709	0	0	0.000477400095480018	0	0	0.296155559231112	0	2.4400004880001e-05	0.00889630177926036	0.0193584038716808	0.000872100174420036	0.000103400020680004	0.0690391138078229	7.70000154000032e-05	0	0.305863561172712	0	0	0.0101329020265804	0	0	0.000333500066700014	0	0	0	5.10000102000021e-06	0	0	0.0131361026272205	0	0	0.0125872025174405	0.0121626024325205	0	0.0198383039676608	0.00488550097710021	9.44000188800039e-05	4.46000089200018e-05	0.000591300118260025	0.000137100027420005
CON17	0	0.000153199954040013	0.00704809788557063	0	0	0.0150990954702713	0	0.210517736844679	0	0	0.00921379723586084	4.21999873400037e-05	0	0.0648364805490557	0	0	0.0035039989488003	0.0699609790117064	0.000715699785290064	0.00720199783940063	0.0381011885696433	0.000819299754210074	0	0.155400453379864	0	0	0	0	0	0	0	0	0	0	0.011269896619031	0	0	0	0	0	0.403175679047297	0	3.74999887500033e-05	0.00206329938101018	9.8899970330009e-05	0	0	0.000740499777850067
CON18	0.000256200025620003	0.000194100019410002	2.06000020600003e-05	0	0	0.0114643011464301	0.00340140034014004	0.296671629667163	0	4.61000046100004e-05	0.000228100022810003	0	1.56000015600001e-05	0.0754862075486209	0	0	0.00742630074263009	0.0198242019824201	0	0.00231600023160002	0.0317641031764104	0.00447940044794004	0	0.326387932638793	0.0364349036434904	0	0	0	0	0.00148960014896001	0.00298610029861003	0	0.000183300018330001	0	0.000281300028130003	0.0167921016792101	0.0865778086577809	0	0.000230900023090003	0.00374300037430004	0.0580351058035105	0	0.000328100032810004	0.00373550037355004	0.000220300022030003	0	0.00867590086759009	0.000303900030390003
CON19	3.56e-05	0.0005306	0	2.73e-05	0	0.0060807	0	0.5855498	3.3e-05	0	0.0004373	0	0	0	0.0001989	2.03e-05	0.0037644	0.0111068	0	0.0051122	0.0229825	0	0	0.219545	1.9e-05	0	0	1.1e-06	0	0	0	0	0.0001515	0	0.0006736	0	0	0	0.0004397	4.28e-05	0.1305237	0	0.0009899	0.0070544	0	0	0.0009041	0.0037758
CON20	0	0.00137391754453072	0	0	0	0.358612695566574	0	0.108906884860145	0	0	0	0	0.000317758464735216	0	7.90643109104939e-06	0	0.0260212656975183	0.0844835188942685	0.145784080771299	0.00736679214873378	0	0	0	0.115606534355044	0.0394369780379361	0.00761509411755522	0	0.000408232055954313	0	5.90480296673309e-06	0	0	0	0	0.00363906001141329	0	0	0	0	0.013272095522498	0.0684734963419246	0	0.000897630132349652	0.0126629000028623	0	0	0.00411704880750002	0.000990205433099284
CON21	0.000206600020660003	0.000418300041830004	0.0110334011033401	0	0	0.0410032041003204	0.00321900032190004	0.543086254308625	0	2.32000023200003e-05	0.000446100044610004	0	7.90000079000002e-06	0.0357369035736904	0.000208600020860003	0.000351600035160004	0.00265570026557003	0.0230501023050103	0	0.00105000010500001	0.0263770026377003	0.00147340014734001	0	0.0957100095710013	0.00301500030150003	0.000144500014450001	0	7.30000073000002e-06	0	0.000262000026200003	0.00313990031399003	0	0	0	1.64000016400001e-05	0	0.00226790022679003	2.86000028600004e-05	0.00135230013523001	0.0236386023638603	0.146034714603472	0.000693300069330009	0.000543400054340005	0.00292890029289003	0.000259300025930003	0.000132700013270001	0.00251280025128003	0.0269651026965103
CON22	0.0140158014015801	0.000250400025040003	0	0	0	0.186380718638072	0.00126710012671001	0.0582779058277908	0	2.91000029100003e-05	0.000438900043890004	0	0	0.0666433066643308	0	0.000186600018660001	0.00455200045520004	0.283136128313613	0	0.000299800029980003	0.0488396048839604	0	0	0.241173224117323	0.00103820010382001	0	0	0	0	0.00104600010460001	0.000505000050500004	0	0	0.000260700026070003	0.000200900020090002	0	0.000183800018380001	7.20000072000001e-06	0	0.0366736036673604	0.0401310040131004	0	0	0.00211520021152002	0.000558500055850008	0	0.0117893011789301	0
CON23	0.000820599753820074	9.68999709300087e-05	0	0	0	0.0379111886266434	0	0.0963846710845987	0	0	0.000490599852820044	0	0.000182299945310016	0.0393933881819834	0	0	0.00602099819370054	0.035120489463853	0.0066653980003806	0.0165299950410014	0.00620979813706057	0.00962499711250087	1.94999941500017e-05	0.703333788999864	0.000978999706300087	0	0	0	0	9.10999726700084e-05	0	0	0	0	0.00388829883351037	0	0	0	0.00710159786952064	0	0.0242450927264721	0	0	0.0022301993309402	0.000594599821620054	0	0.00196199941140017	0.000103499968950009
CON24	0.0274023917792825	0.000458399862480041	0.000318499904450029	0	0.0010994996701501	0.0210904936728519	0	0.0479160856251744	0	0	0.0130860960741711	0.000213799935860019	0	0.139536858138942	0.000206699937990018	0.000887799733660082	0.000454299863710041	0.000951299714610089	0.000819099754270075	0.0301414909575527	0.0453474863957541	0.000864299740710078	0	0.289720213083936	7.61999771400068e-05	0.0191660942501717	0.00613359815992058	0.000625899812230058	0	0	0.000346299896110031	8.89999733000082e-06	0.000121399963580011	0	0.000761399771580068	0	0.0503300849009744	1.67999949600015e-05	1.05999968200009e-05	0.000358399892480034	0.0768746769375971	0.182385945284216	0.000823599752920075	0.0242660927201722	0.00152109954367013	0	0.00771979768406071	0.00793829761851072
CON25	0	0.000607028932945358	0	0	0.000489003864420804	0.0061273014388256	0	0.000117524962301993	0	0	0	0.000143630507119712	0	0	1.99042276579546e-05	0	0	0.0941819042364599	0.0112808960623236	0.0372755173198786	0	0	0.0256504481551882	0.688986540741254	0	1.83038877457572e-05	0	3.3207053178095e-05	0	0	0	0	0	0	0.000808571740637714	0	0	0	0	0	0	0	0	0.133138178549124	0	0	0	0.00112203832093936
CON26	0	0.00233022426708115	0	2.84076103988259e-05	0.000569352529542665	0.000176247216629335	0	0.0961807668274333	0	0	0.000502034495041221	0.000131535238290338	0	0	0	0	0.00400787370936672	0.0513818652016877	0.00506535700914277	0.0552750081746902	0	0	0.000934550366043064	0.728610394724746	0.000789211429742029	0.00422483183244791	0	8.05215717290662e-05	0	0	0	0	0	1.98053058414349e-05	0.00300540514803916	0.000246666081843326	0	0.000134035908219812	0	0	0.00221589363790559	0	0.000730095592609259	0.0413540787576992	0	0	0	0.00200583736382977
CON27	0.0331604474714867	7.50401614944319e-05	0.0965635808284596	2.6814351040677e-05	1.86099600506191e-05	0.115956459897337	0.0226597274861506	0.0145749004867405	8.69465337848817e-05	5.84312724169978e-05	0.00341612831187251	0	0.000272245705901799	0.0685947118898034	0	0.00201978098678413	0.018966450844492	0.0215106124797992	0.00537837850817757	0.00249383470033162	0.112343126041057	0.00420805214951041	0	0.254457985914061	0.000143176628131375	0.00077551505565779	0	0	0	0.00721195984090685	0.00166419067484918	0	0	0	0.00094690678451107	0	0.000820939366749085	0	0	0.100100373720015	0.0693382098098901	0.00978823866533369	0	0.00459165745506995	0	0.00106797157838875	0.0267085944397442	0
CON28	0.0361490664719643	0.00159447350522859	0	0	0.000610328136127075	0.00273222595561655	0	0.582583757111203	0	0	0	4.12018994075625e-05	0	0.0493991773020734	3.91018025930997e-05	0	4.08018809667124e-05	0.00593957381435283	3.63016735071486e-05	0.0255538780337773	0.0137764350936578	0	0	0.251720204301418	0	0.000563825992378249	0	0.000924542621414847	0	0	0	0	4.60021206977642e-05	0	3.4901608964173e-05	0	0.00680501371113207	0	7.23033331836596e-05	0	0.00248471454534054	0	0.000324814973970299	0.0120031533453692	0.00646349796725629	0	6.07027983990062e-05	0
CON29	1.47002543143996e-05	6.40011072191542e-06	0	0.00310555372607946	0	0.0974145852723252	0	0.334702690356543	9.20015916275349e-06	2.70004671080806e-06	0	0	0.000120702088146124	0	0	2.38004117471232e-05	0.00921985950356942	0.0231413003444959	0.00183213169587834	5.3700929026072e-05	0.0903769635214689	0.000656311354186429	0	0.281153663958386	0.000579910032443563	0.00133752313915031	0	0	0	0.00159552760262752	0.000136802366680943	0	0	0.00029800515548919	0	4.32007473729297e-05	0	0	0.00038200660871433	0.0130180252118361	0.103000581910067	0	0.00031230540288347	0.00840334537787505	4.4100762943199e-05	0	0.000689411926826336	0.0283249900223274
CON30	0.00270065471447836	0.000752554574709646	0.000337969418918646	0	0.00179116790588787	0.0978574999304858	0.000822668976207714	0.124579188565331	0	0	0.00158652587241419	0.000188238664221631	4.26087518376274e-05	0.0128610416579565	0.000181537287758906	3.40069850347261e-06	0.00238228932222679	0.01826725209358	0.139743603336125	4.52092859873418e-05	0.0129094516013589	0.00127786247295194	0.000190239075106027	0.303684376770989	0	0.000691942124912459	0	0.00213233798222155	0	0.00223235852644133	0.000245850497692226	0	0.0145895967031628	9.10186952400023e-06	0.000202341560956621	0.0195821221678933	0.00778789963458496	1.06021776872969e-05	0	0.00833981299758974	0.0699718722225547	0.0260299465510216	0.000240349367760138	0.115314985698062	0	0	0.00468856303084656	0.00572497591005192
CON31	0.000126507185608143	0.00176370017817012	0	0	0.00189680773867956	0.0119720800141448	0	0.0268018223435091	0	0	0.130427608288151	0.00022971304770111	0	0.0290491499917196	0.000745942369526591	0	0.000463526328295447	0.125012100687319	0.00653767133973212	0.01103452676112	0.010573000546431	0	6.10034649968119e-05	0.359078995686955	0.00178180120630852	0.000132007498025888	0	0.00250254214439381	0	1.19006759583944e-05	0	0	0.00436714805400947	0.000111706344920391	0.0518805468150592	0.0287908353194462	0.000396622528159601	9.17052088558633e-05	0.00134767654802793	0	0.0195511105030766	0.000282416041231142	0.162313919430624	0.00935763151346999	0.000158008974909775	0	0.00113856467047328	9.70055099129625e-06
CON32	0	0.000866508405131529	0	0	0.000565505485403207	0.0496631817328627	0	0.0721873002168121	0	0	0	5.11004956748083e-05	0	0	9.63009341190611e-05	0	0.00226792199884339	0.000205601994339345	0	0.00722447007735976	0.0222191155254206	0.000972609434311515	0	0.24753090104974	0.143075387831262	0.000279802714086327	0	0.00225412186498209	0.000371803606494983	0	0	0	0.00180531751157986	0	3.10003007029166e-06	0	0.0198947929794918	7.40007178069621e-06	5.22005063449114e-05	0	0.0476501622065733	0	0.00202501964269054	0.335961258824211	0.00291202824667399	0	0.00256722490208155	0.0372898617116586
CON33	0.0113694022738804	0.00223480044696009	0	5.55000111000025e-05	0	0.0820184164036836	0.00751600150320032	0.0359366071873214	0	0	2.50000050000011e-06	0.00121470024294005	9.0400018080004e-05	0.00738150147630032	0	0.000310400062080013	0.000770700154140032	0.0400448080089618	0.000545000109000022	0.024589004917801	0.151957330391466	0.0096900019380004	0	0.394934078986815	9.3000018600004e-05	0.00261200052240011	0	0	0	0.00146520029304005	0.00145990029198006	0	0	0	0.000624200124840029	0.000202500040500009	0.0327576065515214	0.00204840040968009	0	0.0537725107545022	0.114327922865585	0	0.00187100037420008	0.0107429021485804	0	0	0.00736170147234032	0
CON34	0.000548299835510051	0.000344899896530031	0	0	0.000204299938710018	0.0404664878600537	0	0.260994821701553	0	0	0.000905099728470081	9.77999706600088e-05	0	0	1.09999967000009e-05	0.000582899825130054	0.00176449947065016	0.0408555877433237	3.24999902500029e-05	0.00247639925708022	0.0266745919976224	4.92999852100044e-05	0.000465599860320041	0.291580312525906	0.00636079809176058	0.00158479952456014	0	1.2999996100001e-06	0	0	0	0	0.00032469990259003	2.2299993310002e-05	0.00184759944572017	0	0	0	0	0	0.284893314532005	0	0.000376699886990034	0.0254578923626323	0	0	0.00602649819205054	0.00504969848509047
CON35	0.00204709979529002	0.000785099921490007	0	0	0.000158699984130001	0.0807130919286908	0	0.302517469748253	0	0	1.07999989200001e-05	8.77999912200008e-05	0	0	0	0	0.00282149971785002	0.0221673977832602	0	5.36999946300007e-05	0.0144559985544001	0	0	0.180028381997162	8.75999912400008e-05	0.0111912988808701	0	0.000212699978730002	0	0	0	0	0.000255399974460002	0	0.000303799969620003	0.000973099902690011	0	0	0.0158528984147101	0.00198559980144001	0.355305764469424	0	0.000648999935100007	0.00465729953427004	0.00140959985904001	0	0.000909099909090011	0.000359799964020004
CON36	0.00396747902377016	0.000270857992237606	0	0.00142435669975652	0.000748713149274684	0.0176782385221924	0.000924380472399961	0.0185235436753508	0	0	0.000702369006478674	4.38417592757101e-05	0	0.06248351554856	4.64442381368254e-05	0.00113898488310115	0.00288935210788276	0.00287173532789983	1.92183054359278e-05	0.00144888005825548	0.0320550324183785	4.63441427960133e-05	0	0.275809108175537	0.00262780298234068	0.00305941409192255	0	0.000912869508206568	0.000455633991376787	0.00111316028517162	0.000472349913292412	0	0.00851721264504443	1.33126803280124e-05	0.000135428996118803	0.000178269801986392	0.364478665929298	0	4.50429033654555e-06	0.00049347003020377	0.118643107559951	0	0.000212802694566575	0.0674575533195371	0.000749113530637935	0	0.00421011012989873	0.00317282211306269
CON37	0.000362400000000001	0	0.0002031	0	0	0.1227531	0.00467020000000002	0.2516572	8.99999999999993e-06	0.000130799999999999	0.000449600000000002	3.09999999999991e-06	0.0002394	0.028216	0.0002775	0.0001652	0.00335750000000001	0.0215093	0	0.0001946	0.0521368000000002	0.0011788	0	0.2815537	0	0	0	0	0	0.00244619999999999	0.000575400000000002	1.43999999999999e-05	0	0	3.68000000000001e-05	0	0	0	0	0.022654	0.0989686	0	0.0850885000000003	0.0002181	0.000217	9.33000000000003e-05	0.0104445	0.0101758999999999
CON38	0.0204402040880408	0.000267600053520011	0	0	0	0.179587135917427	0	0.245629649125929	0	0.000299500059900013	0.000175500035100007	0	0	0.0677065135413028	0	0.00025670005134001	0.00559900111980021	0.0202672040534408	0.00406730081346017	0.0139472027894406	0.0131477026295405	0.00576750115350024	0	0.200095040019008	0.0217681043536208	0.000172500034500006	0	0	0	0.00135190027038005	0.00128410025682005	0	0	0	6.26000125200025e-05	0	0.00593440118688024	0	0	0.025155005031001	0.128738825747765	0.00962930192586038	0.000545000109000021	0.00380250076050017	0	0	0.0194302038860407	0.00487180097436021
CON39	0.00443250088650017	3.19000063800013e-05	0.00182040036408007	0	2.16000043200008e-05	0.147476529495306	0	0.421775084355017	0	0	0.000488400097680021	0	0	0	0	6.80000136000028e-05	0.00336680067336014	0.00639200127840028	1.61000032200006e-05	0.00277790055558011	0.0137699027539805	0	0	0.194251138850228	0.000457600091520017	0.000874100174820035	0	1.5000003e-06	0	0	0	0	0.000168600033720006	3.33000066600013e-05	0.000761000152200031	0	0	0	0.000485300097060021	0.00545480109096021	0.175905635181127	0	0	0.00605770121154024	0.00641020128204028	0	0.00546250109250021	0.00123950024790004
CON40	0	1.10000528002534e-05	0	0	0.000166900801123845	0.0148758714041828	0.00018620089376429	0.293925610842933	0	0	5.23002510412051e-05	0	0	0.100330881588232	0	0	0.00118810570290737	0.00132130634227045	0	0	0.0144471693464129	0.000124900599522878	0	0.410279669342412	0.0104660502370412	3.28001574407558e-05	0	8.98004310420692e-05	0	0.000780603746897986	0.000110600530882548	0	0.00187390899476317	0	4.39002107210116e-05	0	0.0331041588999628	0	0.000730503506416834	0.00884604246100383	0.0237672140826276	0.00729803503056818	1.55000744003571e-05	0.0035289169388013	0.000640603074894762	0	0.00126530607346915	0.0704961383814645
CON41	0.0040883	0.0009015	0	2.44e-05	0	0.0351452	0.0026223	0.1761092	0.0001957	0	0	0	0	0.0251645	4.09e-05	3.69e-05	0.0077283	0.0079208	0.0001766	0.0006633	0.0369088	0.0002564	0	0.6046723	0.0063906	0	0	0	0	0.0013629	0	0	0	3.32e-05	0.0001568	0	0.007629	0	0	0.0012116	0.0459425	0	0.0002607	0.0172472	0	0	0.0009554	0.0161547
CON42	9.73000097300012e-05	0.00182430018243001	0	0	0.000330700033070004	0.000704000070400008	0	0.151699715169971	0	0	0	3.59000035900004e-05	0	0.0520621052062108	0	0.00104260010426001	0.00224410022441003	0.290956229095623	0	0.000281300028130003	0.0470025047002504	0	0	0.378322537832254	0.0266469026646903	0.000124100012410001	0	0.000367400036740004	0	0	0	0	0	0	3.28000032800003e-05	0	0.000914900091490009	0	0	0.00147950014795001	0.0273193027319302	0	7.40000074000008e-05	0.00596230059623005	0	0	0.000329700032970003	0.0101458010145801
CON43	0	5.67999886400021e-05	4.18999916200018e-05	0.000135199972960005	3.24999935000013e-05	0.00913139817372039	0.000900199819960039	0.0288234942353012	0	0	0.000763299847340032	4.69999906000018e-05	0	0.0885735822852835	0	5.30999893800021e-05	0.000198699960260008	0.0393610921277818	0.0162599967480006	1.05999978800004e-05	0.0555327888934421	0.00153429969314006	0	0.180305463938907	0.00565529886894025	0.00297079940584012	0	2.14999957000008e-05	0.000388199922360018	0	0.000616599876680025	0	0	0	0.000283799943240012	0	0.215590556881888	0.000650799869840028	0	0.0117644976471004	0.152428469514306	0.000431099913780018	0.0108028978394204	0.0132530973493805	7.77999844400032e-05	0	0.00290189941962011	0.160401267919746
CON44	0.0230093069027921	0.000687500206250062	0	0.000690800207240062	0.000364900109470034	0	0	0.0813492244047676	0	0	0	1.35000040500012e-05	0	0.0960821288246386	0	0	0.00513570154071048	0.138187641456292	0.000381400114420034	0.0885814265744283	0.110410133123039	0	0	0.206442261932679	0.0848671254601379	5.87000176100055e-05	0	0.000376800113040034	0	0	0	0	0.000264700079410024	0	8.43000252900079e-05	0	0.00920350276105086	0	0.000879200263760079	0	0.131588439476532	0	0.000720900216270065	0.0201363060408918	0.000320900096270029	0	0	0.000163200048960014
CON45	0	0.00140501782062986	0	0	0	0.0167915053912601	0	0.112350445177713	0	0	4.69741486937133e-05	0	0	0	0	0	0.0186789847774712	0.00123044225309652	0.000697601163436487	0.013732677030693	0.0604682491312538	0	0	0.658016979802618	0.000128102209337439	0	0	2.29362047992757e-05	0.000523927018799176	0	0	0	0	0	7.24143059819926e-05	0	0.000438692476073484	8.82392857124975e-05	0	0	0.023397032215352	0	0	0.00824261096140259	0	0	0.000553573816268982	0.0831135948094067
CON46	0.00159519984048001	0.000216099978390002	0	0	2.64999973500002e-05	0.0176736982326302	0	0.0956788904321111	0	4.74999952500004e-05	0.00821889917811008	0.000407999959200004	2.19999978e-06	0.0740543925945608	6.49999935000001e-06	7.81999921800008e-05	0.00457089954291004	0.0658652934134708	0.00858569914143008	0.00186829981317001	0.0815613918438608	0	0	0.397216060278394	0.00212219978778002	1.52999984700001e-05	0	0	0	1.16999988300001e-05	3.82999961700004e-05	0	0.000116299988370001	3.17999968200003e-05	0.00749799925020008	0	2.07999979200002e-05	0	0.00139169986083001	0.00903959909604011	0.190312280968772	0	8.19999918000008e-05	0.00364829963517004	0.000820699917930008	0	0.00172229982777001	0.0254549974545002
CON47	0.000323699967630004	0.000456099954390004	0	7.24999927500008e-05	4.32999956700004e-05	0.0279622972037703	4.69999953000001e-06	0.0345848965415104	0	0	0.000614799938520008	0.000153199984680001	0	0.0185499981450001	3.17999968200004e-05	0	0.000900999909900008	0.00609009939099008	0.336317866368214	8.76999912300008e-05	0.0315474968452503	0.00142039985796001	0	0.177200482279952	0.0279114972088503	0.00331929966807004	0	0.000574499942550004	0	0.000800699919930008	0.000247799975220002	0	0.00140819985918001	0	0.00300869969913004	0	0.0428468957153104	1.53999984600001e-05	0	0.0153190984680901	0.0450031954996804	0	0.00154779984522002	0.197914280208572	0	0	0.00667309933269008	0.0170471982952801
MI1	0	5.87999823600051e-05	0	0	0.00011179996646001	0.167482449755265	0.000302299909310028	0.205564138330758	0.000166999949900014	0	0.0104608968617309	0.000135299959410012	0.00023369992989002	0.0870498738850378	0	0.000290699912790027	0.0101457969562609	0.00678719796384061	0	0.0138339958498012	0.00729349781195068	0.00414929875521037	0	0.238300328509901	0	0	0	0	0	0.0012114996365501	0	0	0	4.09999877000031e-06	0.00227699931690021	0	0	0	0.000487599853720044	0.0738803778358868	0.10559426832172	0	0.000488199853540044	0.0010992996702101	0.00010679996796001	7.27999781600068e-05	0.0152890954132713	0.0471218858634344
MI2	0.00261007226476947	3.69024355607471e-05	0	0	0	0.280740028841903	0.0340028441877164	0.0197319023055521	1.4000924060988e-05	0.00104756913956321	0.00198333089983938	0	0.00344872761602265	0.0607448091574044	0	0.00120737968705934	0.0398577306102201	0.000527234797496635	0.000682245028171859	0.00106147005702376	0.0584959607334086	0.00664303844053709	0	0.189327795634512	0.00144459534329266	2.21014586962739e-05	0	1.9401280484512e-05	0	0.0074831938907968	0.00151860022761502	1.95012870849476e-05	0	0	0.000566537391467837	0	9.50062704138469e-06	0	0.000180411907185874	0.0799959797346628	0.163028959911354	0	7.02046335058115e-05	0.00226104922924913	0.00644052507465492	0	0.00868067292441301	0.026095722317673
MI3	0	0	0	0	0	0.274453427445343	0	0.0406111040611104	0	0.000329000032900004	0.000582200058220008	0	2.55000025500003e-05	0.0629460062946008	0	0.000330700033070004	0.00794020079402008	0.000213900021390002	0	0.000179800017980002	0.0688802068880208	0.00428280042828004	0	0.256215225621523	3.05000030500004e-05	0.000112400011240001	0	7.50000075000001e-06	0.000263600026360003	0.0150837015083701	0.000794900079490008	0	0.000114400011440001	0	4.69000046900004e-05	0	0	0	0.00545450054545004	0.116889611688961	0.135232613523261	0	0	0.00178310017831001	0.000145600014560002	2.81000028100003e-05	0.00702250070225008	0
MI4	0.00171152049104257	1.00007040495651e-05	0	0	0	0.514020187021166	0	0.00431030344536255	0	0	0.000165511652020302	0	0	0.0070620971716409	0	0.000197413897938415	0.00212364950492515	0.0857878394638983	0	0.000249417558996153	0.0155626956137712	2.70019009338255e-06	3.4102400809017e-05	0.184750406428613	0	0	0	0.000132109300494755	0.000269818995257266	0.00224405798168191	0.000315222191642292	0	0.00509675881182035	0	0	0	7.78054775056165e-05	0	0.00441901109838133	0.0313663081880965	0.0773625463232612	0	0.00101467143286888	0.0443939253323434	0.000108507638937781	0	0.00572570308949752	0.011485708593885
MI5	0.00651066836201783	0.00138911458570315	0	3.40003570037487e-05	0	0.0732225688369728	0.0293189078485324	0.0222004331045476	0	0.000130501370264387	0.00763018011689126	0.000278302922180682	0	0.0338087549919276	0	0.00351573691523763	0.0100157051649042	0.0887943323404899	0	0.00118561244893071	0.0306948222956341	0.00502185272945368	0	0.18630655621884	0.0153294609593401	0	0	0	0.000245902581977111	0.00433764554527824	0.00565265935292323	0	0.00111521170972295	0	0.00985070343238608	0	2.30002415025349e-06	0	0	0.137584144633518	0.278053019556705	0	0	0.0150892584372136	0.000231502430775523	0	0.00674187078964332	0.0257082699368343
MI6	0	0	4.50999864700041e-05	0	0	0.261854921443523	0.00011879996436001	0.291957912412626	0	0	1.73999947800015e-05	0	0	0.0505869848239047	0	4.35999869200041e-05	4.39999868000041e-05	0.00135259959422012	0	0.000484899854530044	0.0175263947420816	0.000803599758920074	0	0.0740975777707268	0.0125809962257011	0	0	0	0	0.000873099738070081	0.000359099892270034	3.1999990400002e-06	4.49999865000041e-06	0	0.0011877996436601	0	0	0	0.000184999944500016	0.0124777962566611	0.248332925500122	0	0.000324999902500029	0.00185149944455016	0.00364319890704034	0	0.011643896506831	0.00759819772054068
MI7	0.0154971907016856	2.789998326001e-05	0	0	0	0.308173515095891	0.000179599892240064	0.0460929723442164	0	0	0.000225699864580081	0.000395799762520144	5.49999670000191e-06	0	0	0.00176419894148063	0.00473229716062171	0.174127895523262	0	0.0259173844495693	0.000252799848320091	0	0.0144429913342051	0.161997802801318	0.00164289901426059	0	0	0	3.64999781000131e-05	0.00223239866056081	0.000294799823120107	0	0	8.09999514000292e-06	0.0306612816032311	0	0.0293616823829906	0	0.00285849828490103	0.0242038854776687	0.126387724167366	0	0	0.000438799736720158	0.00123299926020044	0	0.0268068839158697	0
MI8	0.00442147263076821	0.000462500486566121	0.0544905024794611	0	0.000101766117446505	0.133031130325372	0.00485205237843026	0.0136947975099422	0	0	0.00600500144944171	0	0.000615199695241999	0.0306250971256025	1.88122223008289e-05	0.00528293232112906	0.00912142619059603	0.00867323500078002	0	0.0417837469003611	0.0613259434654696	0.00883834227097346	0	0.200394596369261	7.70500594236074e-06	0	0	0.00024295784971496	0	0.0279997914645145	0.0066662310503134	0	9.91644271283053e-05	1.36088416644294e-05	2.10136525700746e-06	0	0.0400216020348421	0	7.66497993746537e-05	0.128984601295461	0.0882529379337757	0	0.000299694711654161	0.100880241893158	0.00104818100319778	0	0.0209775291006567	0.000688447284200544
MI9	0.00687970068797008	0.000191900019190002	0.00435040043504004	0	2.63000026300003e-05	0.0622486062248608	0	0.00142840014284001	1.07000010700001e-05	0.000210800021080002	3.04000030400004e-05	0	0	0.0308454030845404	3.54000035400004e-05	0.000662100066210008	0.00714520071452008	0.476374047637404	0.00123190012319001	0.00150180015018001	0.00911690091169012	0	0	0.173009917300992	2.30000023000003e-05	0	0	0.00195960019596001	8.24000082400009e-05	0.00456080045608004	0	0.000470100047010004	0.000133700013370001	0	0.00117890011789001	0	8.48000084800009e-05	0	0	0.00356220035622004	0.162683816268382	0	0.000917000091700012	0.0261392026139203	0	0.00344690034469004	0.0171406017140602	0.00231710023171003
MI10	0	0.000475822476705504	0	0.00214695262560583	0.000672473094574544	0	0	0.413792910295109	0	0	0.0161015445375639	0.000179046086462656	0	0	2.62067456163217e-05	0	0.0012471210089477	0.0516195868816633	0.0479150333295793	0.0232165759466487	0.00387979866017515	0	0.000139936019531428	0.226330057356764	0.0102269324124029	0	0	6.52167868009227e-05	0	0	0	0	0	0	0.0461029669036812	0	0.00030807929961172	8.70223995656482e-06	0	0	0.0147723023906354	0	0.000481323892770001	0.134999248806643	0	0	0	0.00529216220255095
MI11	0.00743059851388032	0	0.00302689939462013	7.08999858200028e-05	0	0.214135557172888	0.00800389839922032	0.000596299880740025	0	0	0.0120612975877405	5.92999881400025e-05	0.0123210975357804	0.0353106929378614	0	0.000200699959860008	0.00289499942100011	0.000420399915920018	0.000759399848120032	0.0389978922004217	0.0600795879840825	0.00119539976092005	0	0.316821236635753	0	6.27999874400025e-05	0	0	0	0.00752219849556032	0.00501409899718021	0	0	0	0.0163687967262406	0.000910099817980035	0	0	4.55999908800018e-05	0.0709413858117228	0.170163265967347	0.00718369856326028	0.000111299977740004	0.000833599833280035	0.00275769944846012	0	0.00369049926190014	8.79999824000032e-06
MI12	0.00139479930260034	0.000452299773850114	0	0	0	0.0223905888047056	0.0105833947083026	0.147553426223287	0.000270599864700067	0.000259599870200064	0	0	0.00156299921850039	0.0624859687570158	8.49999575000214e-05	3.15999842000078e-05	0.00124959937520031	0.0119500940249529	0	0.0274851862574069	0.00535809732095134	0.000450899774550114	0	0.0721581639209181	0.347108926445537	0	0.0923273538363231	0	0	0.00217799891100054	0.000907999546000228	0	0	0	0	0.0335117832441084	0	0	0	0.0276684861657569	0.0389775805112097	5.89999705000141e-06	4.66999766500117e-05	0.0317881841059079	0.000132499933750033	0.0524035737982131	0.00722069638965181	0
MI13	0.000272974019994358	7.55725176127078e-05	0.000315680100417109	0.000153985344612202	0	0.0862730789085624	0.00310648695217659	0.0175600099045646	0	0.000123553458325205	0.0004542466226439	0	0	0.00952163002109639	0	3.85470559635285e-06	0.00211237866680137	0.37358629940249	0	1.27813922405385e-05	0.0377330030053517	0.000255526405189813	0	0.144353145404263	0.130333581150327	0	0	0	0	0.00330977195257373	0.000926448058197127	0	0.000122133303631812	0	0	0	0	0	0.000269322193639918	0.0259550514953164	0.108107754440241	0	0.00758869804376735	0.0308378476500649	0	5.47773953165931e-06	0.00262982217330127	0.0139998849674698
MI14	0.00299992479687155	0.000642626733272103	0.0138293753020125	0	6.3502641709895e-05	0.0650113044702662	0.00433488033102177	0.0123545139477802	6.58027373938757e-05	0	0.00876886478477505	2.2300927718593e-05	3.99016599090524e-05	0	1.52006323463056e-05	0.000167106951649188	0.0194039072025396	7.56031450908359e-05	0	0.00864895979672755	0.0500381815883542	0.00688398637383316	0	0.309442372802709	0.000192708016653492	0	0	6.57027332337027e-05	0	0.00311462956859005	0.00398126562064983	0.00106794442648814	9.29038648007758e-05	2.5201048363612e-05	0.0057641397882152	0	0.0011876494062153	0	0.00323513458159859	0.0680226297413973	0.367159373829951	0	0.000552822997436696	0.0347782467750659	0.000752331296981956	0.00105674396054876	0.00607415268475169	6.81028330778561e-05
MI15	0	0	0	0	1.51000030200006e-05	0	0	0.00124020024804004	0	0	0.000218900043780009	8.50000170000032e-06	0	0.00285310057062012	0	8.85000177000035e-05	0.000160200032040007	0.0297583059516612	0.877865475573095	0.00307580061516012	0	0	0	0.0110328022065604	0.0524797104959421	0	0	0.000283600056720012	0	0	0	7.30000146000022e-06	0	0	0.000114900022980005	0	3.60000072000011e-06	0	0	0	0	0	0.0199070039814007	0.000686000137200028	0	0	0.000201000040200008	0
MI16	0.000762499923750008	0.000225399977460002	0	0	0.000146299985370001	0.0118218988178101	0.00173999982600001	0.217442178255782	0	7.39999926000001e-06	0.000181499981850001	0	0	0.123447987655201	0	0	0.00343849965615004	0.000933999906600011	0	0.000286199971380003	0.179278582072142	0	0	0.354675364532464	0.00464029953597004	0	0	0.000131599986840001	0.000562799943720007	0.000404999959500004	0.000104799989520001	5.38999946100007e-05	3.26999967300003e-05	0.000341199965880004	6.71999932800007e-05	0	1.31999986800001e-05	0	0	0.0282444971755502	0.0477163952283604	0.00137709986229001	0.000232099976790002	0.0207065979293402	0	1.08999989100001e-05	0.000212499978750002	0.000759399924060008
MI17	0	0.000498815438387841	0	0.000133557683563531	0.00467381862226295	0.124341603138395	0	0.164994561150961	0	0	0.000545735703250234	0.000101443813583086	0	0	0	0	0.0016901299671328	0.0412350094005602	0.00974560912858262	0.137118121316596	0	0	8.79379804137408e-05	0.371308668213803	0	0	0	0.000789641045967755	0	0.00176406189833389	0	1.84079503937751e-05	1.27054875000513e-05	5.09219932088668e-05	0	0	0	0	0.0175158651021375	0	0.0135537538662948	0	5.73247585632234e-05	0.0618934317731827	0.000553439030317193	0	0.0193777692585427	0.0279376662780655
MI18	0.00384520076904014	0.000300700060140012	0	0	0	0.050608510121702	0.00267690053538011	0.0365708073141614	0	0	0	0	0	0.0316992063398412	0	3.74000074800014e-05	0.0051364010272802	0.407262281452457	0	0.0128194025638805	0.048651709730342	0.00310570062114012	0	0.323298964659792	0	0	0	0	0	0.000714200142840027	0.00477960095592021	5.45000109000021e-05	0	0.000107000021400004	6.20000124000021e-06	0	0	0	3.43000068600014e-05	0.0192249038449808	0.0457336091467217	0	0	0.00147510029502005	1.01000020200004e-05	0.000103600020720004	0.00174370034874006	0
MI19	0	0.00424060254436154	0	0.00461980277188168	9.88000592800355e-05	0.0927719556631735	0	0.234917740950644	0	0	0.00534440320664191	0.00449280269568161	0	0	0	0	0.0188245112947067	0.002771101662661	3.91000234600141e-05	0.00333910200346121	0.0104739062843438	0	0	0.283645270187162	0.0371976223185734	0	0	7.72000463200278e-05	0	0	0	4.99000299400181e-05	1.33000079800047e-05	0	0.00584980350988211	0	0.000695800417480251	8.73000523800315e-05	0	0	0.0159487095692257	0	0.00524030314418188	0.267795360677216	0	2.39000143400086e-05	0	0.00144170086502052
MI20	3.86999961300004e-05	0.000233399976660002	0	0	9.47999905200012e-05	0.00185039981496001	0	0.133657186634281	0	0	2.99999970000001e-06	0.000114899988510001	0	0.109797889020211	0.000165099983490001	0.000485799951420008	0.00857599914240012	0.00280619971938004	0	0.00133749986625002	0.0372220962777904	0.00264119973588003	0	0.138730986126901	0.00162009983799002	0	0	6.86999931300008e-05	0	0	0	0	0	0	0	0	0	0	0.000220799977920002	0.00171129982887001	0.410253958974604	0	7.15999928400008e-05	0.142089885791011	0.00611349938865008	0	7.09999929000008e-05	2.39999976000002e-05
MI21	0.0110192955922817	0.000404599838160065	0.000507099797160082	4.19999832000061e-06	0.000167299933080027	0.0617742752902899	0	0.0764722694110926	0	0	0.00109659956136017	0.000111999955200018	0	0.0677520728991709	0	0.00166329933468027	0.00407919836832065	2.03999918400033e-05	0	0.00115319953872019	0.0281009887596046	0.000872199651120143	0	0.166789633284147	0	0	0.00770389691844126	0.000729399708240119	0	0.00289819884072047	0.000616099753560099	7.62999694800126e-05	0	0	0	0	0.0475454809818078	0	0	0.00281789887284046	0.365969053612378	0.132411147035541	0.000479999808000078	0.00332789866884054	0	5.25999789600085e-05	0.0122230951107619	0.00116029953588019
MI22	0.000144199999999999	0.0001439	0.0181229	0	0	0.015503	0.0033392	0.3416813	3.07e-05	3.03999999999999e-05	0.0057362	0.0001164	0	0.1539777	0	0	0.00873	0.0014635	4.41e-05	0.0044209	0.1272137	0.0003137	0	0.1581072	0.0102541	0	0.0174452	0	0	0.0011061	0	2.08e-05	0	5.8e-06	0.0020067	0.0005711	0.0024066	0	0	0.0381495	0.0846677	0	0.0001621	0.0007969	0	0.0001501	0.0031383	0
MI23	0	0.00120969987903001	0	0.00108179989182001	6.06999939300005e-05	9.89999901000002e-06	0	0.396488360351164	0	0	6.23999937600008e-05	0.000200499979950002	0	0.296694170330583	0	0	0.00352509964749004	0.00174719982528002	0	0.00223989977601002	0.00738749926125008	0	0	0.0886220911377909	0.0646986935301308	6.16999938300005e-05	0	6.69999933000002e-06	0	0	0	7.69999923000002e-06	0	0	2.74999972500003e-05	0	0	8.90999910900009e-05	0	0	0.0530693946930605	0	0.000632599936740008	0.0820326917967309	0	0	0	4.45999955400004e-05
MI24	0	0.000155399922300038	0	0	0.000102099948950025	0.00242849878575061	1.70999914500043e-05	0.227426386286807	0	5.20999739500132e-05	0	1.25999937000031e-05	0	0.141265029367485	0	0.00114189942905028	0.0124105937947031	0.00130589934705033	0	0.00758289620855192	0.0743947628026186	0.00332129833935083	0	0.31993474003263	0.0726656636671682	0	0	0.000256199871900064	0	0.00135409932295033	0.00143759928120036	5.41999729000135e-05	8.51999574000216e-05	0.000112199943900028	0	0	0.0110839944580027	0	5.69999715000142e-06	0	0.0943110528444736	0	0.0132234933882533	0.00813429593285206	0.000861799569100219	0	0.00312059843970078	0.00174259912870044
MI25	0	0.000128299961510011	0.00158169952549014	0	4.35999869200041e-05	0.00710949786715064	0	0.22691763192471	0	0	0.00560199831940051	0	0	0.213244136026759	0	0	0.0127608961717312	0.0415423875372837	9.54999713500088e-05	0.00573299828010051	0.00400969879709037	0.000355699893290034	0	0.22606983217905	0	0	0	0.000360999891700034	0	9.87999703600092e-05	0	3.63999890800034e-05	0	0	0.000922499723250085	0	0	0	0.00174509947647015	0.0376829886951034	0.162176351347094	0.000187899943630016	0.0032488990253303	0.0478068856579344	0.00011409996577001	0	0.000425199872440037	0
MI26	2.95000118000047e-05	0.0018937007574803	0	0	1.62000064800025e-05	0.00353830141532057	0.000101100040440016	0.464064985625994	0.000866200346480138	0	0.000221400088560035	0.000245200098080039	0	0.202119780847912	0	0	0.0214629085851634	0.000304200121680048	0.000464300185720074	0.0110539044215618	0.0479534191813677	0.00756160302464121	0	0.194593977837591	0.000349500139800057	0.00194640077856031	0	1.55000062000024e-05	0	0	0	5.69000227600091e-05	0	2.00000080000032e-05	0.000895800358320145	0	0.000123700049480019	0	0	0.0031494012597605	0.0112495044998018	4.60000184000071e-06	0.000175700070280028	0.025353810141524	0	0.000147600059040023	9.00000360000141e-06	1.19000047600019e-05
MI27	0.00121503863822869	6.94022069901824e-05	0.00144104582525724	0	0	0.0525676716519586	0	0.628045371842824	0	0	0.000468714905133982	0	0	0.0361538496924202	0	0.000326710389390383	0.000196706255258917	0.0196953263113767	0	0	0.0250095953051307	0.00170185411896098	0	0.107572920818882	0	0	0	0	0	0.000218106935800559	0.000328910459352608	1.40004452141578e-05	0	0	0	0	0.000436613884321522	0	0	0.0289342201081995	0.0569064096238262	0.0131460180433738	0.0188544995730865	0.000425513531330297	0	0.000347211041311114	0.00591868821428523	5.60017808566311e-06
MI28	0.00718940071894009	9.7700009770001e-05	0	0	0.000171000017100002	0.110734711073471	0	0.0413309041330905	0	0	0.00196420019642002	0	0.00489400048940005	0	0	0	0.00969850096985013	0.000425700042570005	0	0.00127530012753001	0.0502672050267205	0.00803790080379009	0	0.611970061197005	0.000177000017700002	0	0	1.80000018000001e-06	0	0	0	3.50000035000005e-05	0	0	0.000691800069180009	0	0	0	0	0.0425141042514105	0.086681308668131	0	0	0.0144748014474801	0	0	0.00736760073676009	0
MI29	0.0277514027751402	2.27000022700002e-05	0	0	0.000182200018220001	0.0204347020434702	0	0.0604300060430008	0.000164500016450001	0	0.00177620017762002	3.06000030600004e-05	3.53000035300004e-05	0.123201212320121	0	0.000732800073280008	0.00456040045604004	0.00360980036098004	0	0.000293700029370003	0.104264110426411	0	0	0.260435026043503	0.00158500015850001	0	0	0	0	7.60000076000001e-06	0	0.000611100061110008	0	0	0	0	0.0387169038716904	0	0.000115000011500001	0.0471677047167704	0.189183918918391	0.0917818091781812	0	0.000833600083360008	0.000136800013680001	2.47000024700002e-05	0.0129993012999301	0.00891190089119008
MI30	0	0.000215275693061881	0	0	0	1.73939485838967e-06	0	0	0	0	0	0	0	0	0	0	0	0.837520670661546	0.00184529331006227	0.000113572252518387	0	0	0	0	0.159144909394921	0.000509642693508189	0	4.39964581827988e-05	0	0	0	2.13843250237325e-05	0	0	0	0.000115720916755222	0	0	0.000146723072172403	0	0	0	0	0	0	0	0	0.000321071827389821
MI31	0	0.00167520050256015	0	0	0.000601900180570054	0.202391760717528	0	0	0	0	0.00011360003408001	0	0	0.0390603117180937	0	0.00055410016623005	0.00284840085452026	0.00726140217842064	0	0	0.044305013291504	6.11000183300054e-05	0	0.488162346448704	0	0	0	0.00177060053118015	0	0	0	7.22000216600067e-05	0.00057560017268005	0	0	0	0	0	0	0.00419940125982037	0.0842397252719177	0	0	0.11182383354715	0	0	0.0102781030834309	5.4000016200004e-06
MI32	0	0.0002219	0.000269999999999999	0	7.71000000000001e-05	0.292876899999999	9.29999999999991e-06	0.0501030000000001	0	0	0	0	2.22e-05	0.0168760999999999	0	8.15000000000001e-05	0.00124949999999999	0.0104972999999999	0	0.000222399999999999	0.0569622000000001	0	0.0123893999999999	0.338893700000001	0	0	0	0.000651100000000001	0.000185699999999999	0.000324799999999999	0	1.4999999999999e-06	0.000631800000000001	0	3.76000000000001e-05	0	0.00794080000000001	0	0.00292349999999999	0.00148289999999999	0.0638313000000001	5.09000000000001e-05	0.00110479999999999	0.0992342000000001	0.000268799999999999	7.91000000000001e-05	0.0247956999999999	0.0157029999999999
MI33	0.000107401063270526	5.76005702456454e-05	0	0	0	0.0471168664569779	0.00582135763144057	0.0919710105130041	0	0.000202102000809808	0.000341603381873479	0	0.000114601134551232	0.0769423617293814	0	0.000486804819367711	0.00346123426621923	0.0178168763870762	2.09002069120484e-05	0.00159391577976622	0.112674515477703	0.00590365844621862	0	0.200673486667518	0.00851658431418471	0.000527105218341662	0	1.10001089010781e-06	0	0.00410914068049275	0	0.000387603837277988	0	4.98004930248808e-05	0.000403003989739498	0	0.00117991168112564	0	0	0.0589675837790795	0.193052211216891	0.0154413528693934	0	0.0343298398654148	0	0.000393603896678576	0.0148876473877091	0.10244721422742
MI34	0	0.00180199927920029	0	5.91999763200094e-05	8.03999678400128e-05	0.117597952960818	0	0.0876868649252541	0	0	0.000146599941360023	8.90999643600141e-05	0	0.0212413915034434	0	0	0.000828599668560134	0.0266138893544443	0	0.00699449720220114	0.00379859848056061	0	0	0.272506990997203	0.355227357909057	4.79999808000071e-06	0	0.00031529987388005	0	0	0	4.92999802800081e-05	0	1.3999994400002e-06	0	0	0	0	0	0	0.00768619692552124	0	0.00154439938224025	0.0849980660007738	0	0	0.0100950959619616	0.000631999747200101
MI35	0.000406000121800037	0.00137500041250012	0	0	0.000199000059700018	0.0870535261160577	0.00701230210369063	0.0532936159880847	0	0.000103100030930009	5.90000177000053e-05	0.000609300182790053	0	0.0741375222412567	0	0.000204700061410018	0.00417820125346037	0.00130340039102011	0	0.000518000155400047	0.079351923805577	0.00288960086688026	0	0.358529207558763	1.55000046500014e-05	0	0	8.9500026850008e-05	0.000377400113220033	0.00311710093513028	0.000400000120000037	1.84000055200016e-05	3.69000110700033e-05	0.00011620003486001	1.47000044100013e-05	0	0	2.3200006960002e-05	0	0.0326443097932929	0.1158453347536	4.5600013680004e-05	0	0.152973645892093	0	0.000284700085410025	0.00165460049638014	0.0211195063358519
MI36	0.00870989738703079	0	0	0	0	0.272171718348485	0.0185805944258217	0.0210022936993119	0	0	0.00588049823585055	0	0	0.00494849851545045	0	0.000766899769930072	0.000629099811270058	0.140330857900742	0.0437301868809441	6.19999814000058e-05	0.0153240954027714	0.00182979945106017	0	0.158272552518234	0	0	0	5.91999822400055e-05	0	0.011636996508901	0.00282779915166026	0	0.000135499959350012	0	0	0	0	0	0.000154499953650013	0.0451060864681741	0.170787848763645	0	0	0.0571920828423752	0.0010600996819701	0	0.0173772947868116	0.00142359957292013
MI37	0.00145839941664023	7.68999692400125e-05	0.0374848850060461	7.03999718400115e-05	0	0.122695750921699	0	0.115480353807858	0	0	0.00391129843548064	0.000315699873720051	0.000816899673240132	0.00761079695568122	0	0	0.00709859716056115	0.00488039804784078	0.18846072461571	0.00194179922328031	0.00801629679348129	0.0024603990158404	0	0.103519858592057	0.0514359794256085	0	0	3.35999865600054e-05	0.000568699772520091	0.000603999758400098	0.000444499822200071	1.78999928400028e-05	0.000546399781440088	0	0.000661999735200108	0	0	0	2.4999990000004e-05	0.0134691946123221	0.217606812957275	0	0.00470889811644074	0.0963985614405756	0.00264239894304043	0	0.0025101989959204	0.00202639918944032
MI38	0.00233789953242009	0.000159599968080006	0.0026307994738401	0	0	0.187906562418687	0.0122859975428004	0.128228474354305	0	0	0.000707399858520028	0	0.000192699961460007	0.203878259224348	0	4.03999919200017e-05	0.00330509933898014	0.0183820963235807	0	0.00167799966440007	0.0174629965074007	0.00128209974358005	0	0.0866252826749435	0.00159739968052006	0	0	0.000335399932920014	0	0.00783069843386031	0.00475849904830021	0.000530399893920021	0	0	0	0.000287299942540012	0	0	0	0.0790739841852031	0.135731872853625	0	0.00168949966210006	0.0428662914267417	0	0	0.0580393883921224	0.000155599968880006
