Feature	CON1	CON2	CON3	CON4	CON5	CON6	CON7	CON8	CON9	CON10	CON11	CON12	CON13	CON14	CON15	CON16	CON17	CON18	CON19	CON20	CON21	CON22	CON23	CON24	CON25	CON26	CON27	CON28	CON29	CON30	CON31	CON32	CON33	CON34	CON35	CON36	CON37	CON38	CON39	CON40	CON41	CON42	CON43	CON44	CON45	CON46	CON47	MI1	MI2	MI3	MI4	MI5	MI6	MI7	MI8	MI9	MI10	MI11	MI12	MI13	MI14	MI15	MI16	MI17	MI18	MI19	MI20	MI21	MI22	MI23	MI24	MI25	MI26	MI27	MI28	MI29	MI31	MI32	MI33	MI34	MI35	MI36	MI37	MI38
Acidaminococcaceae	0.430859870742036	0.0142500042750013	0.0228899977110002	1.28928038678411	0.395339802330096	0	0	2.48241	0	0.81819016363803	0.398579960142003	0	1.99554059866218	0	0.38493	0.319980063996012	0	0.0768600076860006	0.01068	0	0.0619800061980006	4.20474042047403	0.246179926146022	8.22071753378473	0	0	9.94281298284387	10.8442156623137	0.00440999867700039	0.810030243009072	0.0379500075900015	0	3.41082068216412	0.164489950653015	0.614129938587006	1.18910928653443	0.10872	6.13206122641224	1.32975026595005	0	1.22649	0.0291900029190003	0	6.9027920708376	0	0.478559952144003	0.0971099902890009	0	0.782970234891069	0	0.513419948658003	1.95318	0	4.64915721050566	1.32558066279033	2.06391020639102	0	2.22917955416409	0.418439790780102	0.0807299919270006	0.899940179988033	0	0.228749977125002	0	1.15356023071204	0	0.0116099988390001	3.30578867768451	0.0432599999999997	0	0	0	0.00885000354000141	0.364499927100012	2.15682021568202	8.32542083254206	0	0	0.0322199742240204	0	0.121800036540011	2.61296921610923	0.437519824992069	0.701369859726027
Actinomycetaceae	0.0474299857710041	0	0	0.0210000063000019	0.0305699847150076	0.315420031542003	0.0253799923860022	0.00861	0.176490017649001	0.0345600069120012	0.0114899988510001	0.0358499856600057	0.0730500219150063	0.00710999857800025	0	0.0328200065640012	0.045959986212004	0.0582300058230004	0.15918	0.411839958816003	0.125490012549001	0.0751200075120006	0.0290699912790026	0.137519958744012	0.182069963586007	0.698880209664061	0.022500006750002	0.478319808672075	0.00191999942400015	0.22572006771602	0.529080105816021	0.259950025995002	0.670440134088026	0.103469968959009	0.235529976447002	0.081179951292029	0	0.080280016056003	0.00957000191400036	0.00329999835000081	0.27045	0.547290054729003	0.0170399965920006	0.206250061875018	0.420839873748036	0.0648299935170006	0.136829986317001	0.0176399947080015	0.011070003321001	0	0.00299999970000003	0.416729999999997	0	0.00836999497800299	0.138660069330034	0.0575700057570004	0.142709914374051	0	0.135689932155034	0.0223499977650002	0.192780038556007	0	0.0676199932380005	0.149580059832024	0.0902100180420034	1.27218076330846	0.0700199929980006	0.121379951448019	0.04317	0.362909963709002	0.0466199766900114	0.0384899884530033	0.568110227244089	0.0208199958360008	0.0293100029310002	0.00681000068100005	0.502560150768045	0.06657	0.017279986176011	0.540599783760085	0.412500123750036	0	0.0230699907720037	0.0478799904240018
Aerococcaceae	0	0	0	0	0	0	0	0	0.000150000015000001	0	0	0	0	0	0	0	0	0	0	0	0	0	0	0	0	0.00738000221400066	0	0	0	0	0	0	0	0	0	0	0	0	0	0	0	0	0	0	0	0	0	0	0	0	0	0	0	0	0	0	0	0	0	0	0	0	0	0.118680047472019	0	0	0	0	0	0	0	0	0	0	0	0	0	0	0	0	0	0	0	0
Akkermansiaceae	0.661649801505057	0	0.529349947065003	0	0.561509719245138	0	0	26.15772	0	0.146280029256006	0	0	3.24300097290027	0	0	0	2.11442936567119	0.00618000061800006	0	0	3.31002033100203	0	0	0.0955499713350084	0	0	28.9535786860736	0	0	0.101370030411009	0	0	0	0	0	0	0.0609299999999997	0	0.546120109224021	0	0	0	0.0125699974860005	0	0	0	0	0	0	0	0	0	0.0135299959410012	0	16.3365381682691	1.30512013051201	0	0.908069818386036	0	0.0933599906640006	4.14864082972815	0	0	0	0	0	0	0.152129939148024	5.43687	0	0	0.474509857647042	0	0.432299913540015	0	0	0	0.0809999999999997	0	0	0	0	11.2454655018138	0.78923984215203
Atopobiaceae	0	0	0	0	0	0	0	0	0.0283800028380003	0	0	0	0.150630045189014	0	0	0	0	0	0.00819	0	0	0	0	0	0	0.00852000255600075	0.00804000241200072	0	0.931649720505084	0	0	0	0.0166500033300007	0	0	0.426899743860152	0	0	0	0	0.00732	0	0.0405599918880015	0.207240062172018	0	0	0.0217499978250002	0	0	0	0	0.0102	0	0	0	0	0.64391961364823	0.0212699957460008	0	0.0455399954460003	0	0	0	0.0400500160200063	0	1.3859408315645	0	0.00125999949600018	0	0.324539967546002	0	0	0	0	0	0	0	0	0	0.0177599928960028	0	0	0.0211199915520034	0
Bacillales_unclassified	0	0	0.0123899987610001	0.0120600036180011	0.0676199661900167	0.0271500027150003	0.00437999868600039	0	0.0350700035070003	0.0081000016200003	0	0	0.0282900084870025	0	0.02556	0.0318300063660012	0	0	0	0	0	0	0	0.329849901045028	0.146669970666006	0.170760051228015	0.00558000167400048	0.183089926764029	0	0.537240161172048	0.569010113802021	0.169650016965001	0	0.0612899816130054	0.0476099952390003	0.22439986536008	0	0	0.00648000129600024	0.0500699749650123	0	0.0992100099210009	0.00974999805000036	0.10947003284101	0	0.00794999920500006	0.0129899987010001	0.033539989938003	0	0	0	0	0	0	0.0305100152550075	0.00789000078900006	0.201689878986072	0	0	0	0.0190500038100007	0.00453000090600018	0.0438899956110003	1.40154056061622	0	0.0296400177840106	0.0284399971560003	0.0501899799240079	0	0.0182099981790001	0.0306299846850075	0.0130799960760012	0.00486000194400075	0	0.0513000051300003	0.0546600054660003	0.180570054171016	0.02313	0	0.0241199903520038	0.0597000179100053	0	0	0
Bacteroidaceae	31.0070606978817	16.9855250956575	40.3557859644213	47.0336241100872	28.8800555599722	0	2.67572919728124	30.8619899999998	0.152340015234001	38.3107576621515	91.6023808397618	0.118889952444019	19.9305059791518	85.0902129819573	44.7041699999998	1.65306033061206	4.52972864108139	3.43929034392903	1.82421	107.496289250371	12.3009612300961	55.9142155914214	11.373356587993	6.32714810185555	1.83779963244007	0.0528600158580045	34.768330430499	0.81962967214813	29.2238612328416	29.3512288053686	3.59142071828412	14.8988114898811	24.605524921105	12.1399463580161	24.2139275786072	5.29841682094989	36.8259299999998	53.8761407752281	44.2429588485916	4.46273776863111	10.54356	0.211200021120002	2.73941945211611	0	5.02949849115045	5.30210946978904	8.38868916113107	50.2447349265795	84.2164752649424	82.3360282336026	154.195184580481	21.9665399999999	78.5564764330569	92.4520545287671	39.8834299417149	18.6745818674582	0	64.2406671518664	6.71717664141168	25.5146074485392	19.5025839005168	0	3.54656964534303	37.2863849145538	15.1825530365106	27.831586698952	0.555119944488003	18.5322825870869	4.6509	0.002969999703	0.72854963572518	2.13284936014519	1.06149042459617	15.7697968460406	33.2204133220413	6.13041061304106	60.7175282152584	87.8630699999997	14.134908692073	35.2793858882455	26.1160578348173	81.6515155045452	36.8087252765097	56.3719687256061
Barnesiellaceae	2.00039939988018	0.906090271827081	2.05580979441902	0	4.17770791114602	0	0	8.08064999999997	0	0.984480196896038	0.127409987259001	0	2.93478088043426	0	0	0.00399000079800015	0	1.02042010204201	0	0	0.965700096570009	0.380130038013003	0	0	0	0	6.79428203828459	0	0	0.246750074025022	0	0	2.25480045096009	0	0	0.277049833770099	1.40106	0	0	0.0558599720700138	0.78669	0	0.270059945988011	0	0	0	0.001409999859	0.0906899727930081	10.2001830600549	0	0	8.79557999999997	0.035639989308003	0.0538799676720192	1.45467072733536	0	0	2.40116951976609	3.17501841249078	0.918719908128006	1.30041026008205	0	0.521999947800003	0	0.803070160614031	0	0	0	1.00176	0	0.00512999743500126	0	0.0303300121320048	0	0	0	0	0.00278999999999997	1.74638860288912	0	2.10369063110719	5.57417832774648	0	3.68579926284012
Bifidobacteriaceae	65.7514302745708	200.763330228999	57.9706742029324	43.2360729708218	14.3582028208986	54.2666154266613	245.025436492369	4.95303	194.647069464707	17.1935434387087	82.5094417490557	263.291204683518	41.0811423243426	130.136073972785	10.27656	65.5135631027124	63.1553210534036	89.0014889001486	175.66494	32.6454867354513	162.925876292587	17.4833717483372	28.9154013253796	14.3748256875523	0.0352499929500013	28.8465086539526	4.37013131103938	174.7670000932	100.409039877288	37.3660912098273	8.0400916080183	21.6559821655982	10.7809821561964	78.2984465104659	90.7552409244759	5.55176666893998	75.4971599999997	73.6888947377787	126.532525306505	88.1772159113919	52.83276	45.5099145509913	8.64704827059033	24.4047673214302	33.651919904424	28.7036671296333	10.3754689624531	61.6692414992274	5.91918177575451	12.1833312183331	1.29299987070001	6.66005999999998	87.5873737237878	13.8278917032649	4.10577205288601	0.428520042852003	124.105845536492	0.178889964222007	44.2660278669859	5.19323948067604	3.70620074124013	0.372060074412012	65.2326534767346	49.4770097908038	10.9712421942484	70.4753222851932	40.0971559902843	22.9416808233277	102.50439	118.946508105349	68.2279158860418	68.075289577413	139.219495687798	188.407582318483	12.3992712399271	18.1290018129002	0	15.0309	27.5910079271936	26.3060594775762	15.9880847964254	6.30068810979354	34.6441061423574	38.4685423062915
Campylobacteraceae	0	0	0	0	0	0.00408000040800003	0	0	0	0	0	0	0	0	0	0	0	0	0	0	0	0	0	0	0	0	0	0	0	0	0	0	0	0	0	0	0	0	0	0	0	0	0	0	0	0	0	0	0	0	0	0.00314999999999997	0	0	0	0	0	0	0	0	0.00639000127800024	0	0	0	0	0	0	0	0	0	0	0	0	0	0	0	0	0	0	0	0	0	0	0
Cardiobacteriaceae	0	0	0	0	0	0	0	0	0	0	0	0	0	0	0	0	0	0	0	0	0	0	0	0	0	0	0	0	0	0.00786000235800069	0	0	0	0	0	0	0	0	0	0	0	0	0	0	0	0	0	0	0	0	0	0	0	0	0	0	0	0	0	0	0	0	0	0	0	0	0	0	0	0	0	0	0	0	0	0	0	0	0	0	0	0	0	0
Carnobacteriaceae	0	0	0	0	0	0	0	0	0	0	0	0	0	0	0	0	0	0	0	0	0	0	0	0	0	0.0264000079200023	0	0	0	0.0159300047790014	0.0169800033960007	0.002880000288	0	0	0	0	0	0	0	0	0	0	0	0	0.0128999961300011	0	0	0	0	0	0	0	0	0	0	0	0	0	0	0	0	0	0	0	0	0	0	0	0	0	0	0	0	0	0	0	0	0	0	0	0	0	0	0
Catabacteriaceae	0	0	0.0184199981580001	0.0608400182520054	0.0567899716050141	0	0	0	0	0	0	0	0.0164100049230015	0	0	0	0	0	0.0099	0	0	0	0	0	0	0	0.0260700078210023	0	0.00275999917200024	0	0	0	0	0	0	0	0.00269999999999997	0	0	0	0.05871	0	0	0	0	0	0	0.0500999849700042	0.00420000126000036	0	0	0	0	0	0	0.00321000032100003	0	0	0.0811799594100201	0	0.0197400039480008	0	0	0	0	0	0	0	0.00921	0	0	0	0.259860103944041	0	0	0.0493500049350003	0	0	0	0	0	0	0	0
Christensenellaceae	0	0.00372000111600033	0	0	0	0	0	0	0	0	0	0	0.0779400233820069	0	0	0	0	0.0138300013830001	0	0	0.00696000069600006	0.00873000087300006	0	0	0	0	0.0175200052560016	0	0.00080999975700006	0	0	0	0	0	0	0	0.0392399999999997	0.0898500179700036	0	0	0	0	0	0	0	0.0142499985750001	0	0	0.314250094275027	0.0987000098700009	0	0.0391499999999997	0	0	0	0.0632400063240006	0	0	0.0778799610600192	0.0365399963460003	0	0	0.002219999778	0	0	0	0	0	0.00911999999999997	0	0.0156299921850039	0	0	0	0	0	0	0	0.0606299514960387	0	0.0309300092790027	0	0	0
Clostridiaceae	0.263279921016023	4.09812122943636	0.259109974089002	4.58535137560539	0.432359783820106	1.17006011700601	0	0.41634	0.221070022107002	0.149430029886006	0.0746099925390006	0.0544199782320084	2.63517079055123	0.433379913324016	1.06101	0.143220028644005	2.76413917075825	0.0684300068430006	0.13119	0	0.133830013383001	0.131670013167001	0.147179955846013	3.92582882225133	0	0.150570045171013	1.02429030728709	0	0	0.475860142758042	39.1260678252135	0	0.00075000015000003	0.271529918541024	0.00323999967600003	0.210509873694076	0.13488	0.0526500105300021	0.146520029304006	0.0156899921550039	0	0	0.228989954202009	0	0.0140699957790013	2.46566975343302	0.184439981556002	3.13826905851927	0.594960178488051	0.174660017466002	0.0496499950350003	2.28903	0.00521999843400045	0.0677099593740241	1.80033090016545	0.00912000091200009	4.82921710246971	3.61838927632213	0	0.134339986566001	2.6305505261101	0.0656700131340024	0.0544499945550003	0.163650065460026	0	1.60332096199257	0.00089999991	0.328979868408051	1.72086	0.0187199981280002	0	1.68059949582015	0.0664200265680105	0.140609971878005	0.589260058926003	0.532860053286004	0.034080010224003	0	0.102479918016065	0.0439799824080069	0.0177000053100016	1.76414947075516	1.17338953064419	0.212219957556008
Clostridiales_Family_XIII_Incertae_Sedis	0.00167999949600015	0	0	0.0153000045900014	0.0143399928300036	0.0348300034830003	0	0	0.0283500028350002	0	0	0	0	0.00488999902200018	0	0	0.0126599962020011	0	0	0	0	0	0	0.0641399807580057	0.0430799913840016	0.0394500118350034	0	0.0123599950560019	0	0.0564600169380048	0.0689100137820027	0.0153300015330002	0.364410072882014	0.0293399911980026	0.0263399973660002	0.0131399921160047	0.00092999999999997	0	0	0	0	0.0107700010770001	0.0140999971800005	0.00405000121500036	0	0.122399987760001	0.0459599954040003	0.0405899878230036	0	0	0	0.0834899999999995	0	0.118739928756043	0	0	0.0536999677800192	0.0177899964420007	0	0	0.00669000133800024	0.00255000051000009	0	0.0304200121680048	0	1.34784080870448	0.0344699965530003	0.0335999865600053	0.03492	0.0601499939850004	0.00377999811000093	0	0.0735600294240116	0	0	0.00918000091800009	0	0	0	0.0267299893080042	0.182790054837016	0	0.094709962116015	0
Clostridiales_unclassified	0	0.0195000058500017	0.109529989047001	0.121290036387011	0.096989951505024	0	0	1.36221	0	0	0	0	0.0122100036630011	0	0	0	0	0.00468000046800003	0	0.0952499904750009	0.002370000237	0	0.0546899835930048	0	0	0	0.0816300244890072	0	0.036209989137003	0.0127800038340011	0	0	0.0271200054240011	0	0	0	0.0718199999999997	0	0	0	0	0	0	0	0	0.000659999934	0	0.070109978967006	1.03455031036509	0.00765000076500006	0	0	0	0.00164999901000057	0.184440092220046	0	0	3.69632926073412	0.468899765550117	0	0.0119700023940005	0	0	0	0	0	0	0	0	0	0	0	0	0	1.46820014682001	0.0105900010590001	0	0.00666	0.0343799724960219	0	0	0	0.245069901972039	0.0578099884380021
Coriobacteriaceae	6.16157815152654	29.2348587704576	6.81305931869406	13.5794140738242	31.9424840287578	0	0.628259811522054	12.44976	1.06155010615501	8.68767173753433	12.4865987513401	0.733379706648117	37.0356711107013	0	1.21947	88.8466677693333	19.4509441647167	22.6458622645862	0	0	10.7210710721071	19.9929919992992	11.818016454595	41.8610574416826	0	0	20.5674061702218	14.8190640723743	0	3.85752115725633	8.71425174285033	0	2.21445044289009	0	0	18.7271887636867	8.46479999999997	20.3119540623908	0	30.0991049504475	7.54935	15.6186315618632	26.572074685585	28.8246386473915	0	22.2163177783682	5.56499944350003	26.1149621655113	18.2222454666736	18.8838018883802	2.11847978815202	10.14252	15.1760954471714	0	9.18156459078228	9.25362092536209	0	10.5932078813584	18.7457906271047	2.81594971840502	0	0.855930171186033	37.0343962965603	0	9.50976190195236	0	32.9393667060633	20.3256218697512	46.19331	89.0082510991746	42.3795088102455	63.9732408080277	60.6359342543736	10.8458078308384	0	36.9603636960363	11.7180935154281	5.06282999999997	23.0824615340308	6.37241745103301	22.241256672377	1.48454955463513	2.28323908670436	61.1634777673044
Corynebacteriaceae	0	0	0	0	0	0.0246300024630002	0	0	0.0116400011640001	0	0	0	0.00177000053100015	0	0	0	0	0	0.05967	0.002369999763	0.0625800062580006	0	0	0.0620099813970054	0.00596999880600023	0	0	0.0117299953080019	0	0.0544500163350048	0.223770044754009	0.0288900028890003	0	0.00329999901000027	0	0.013919991648005	0.0832499999999997	0	0	0	0.01227	0	0	0	0	0.001949999805	0.00953999904600009	0	0	0	0	0	0	0	0.00564000282000141	0.0106200010620001	0.00785999528400282	0	0.0254999872500064	0	0.00456000091200018	0	0	0	0	0	0.0495299950470003	0	0	0	0	0	0	0	0	0	0	0	0	0	0	0	0	0
Corynebacteriales_unclassified	0	0	0	0	0	0	0	0	0.117510011751001	0	0	0	0	0	0	0	0	0	0	0	0	0	0	0	0	0	0	0	0	0	0	0	0	0	0	0	0	0	0	0	0	0	0	0	0	0	0	0	0	0	0	0	0	0	0	0	0	0	0	0	0	0	0	0	0	0	0	0	0	0	0	0	0	0	0	0	0	0	0.00320999743200204	0	0	0	0	0
Desulfovibrionaceae	0.0252899924130023	0.135690040707012	0.446219955378003	0.316140094842027	1.09514945242527	0	0	0.41442	0	0.0215100043020008	0	0	0.0939000281700084	0.00923999815200036	0	0.00732000146400027	0	0	0.00609	0	0.105480010548001	0.0559800055980003	0	0.266339920098024	0	0	0.605610181683054	0	0.00713999785800063	0.00102000030600009	0	0	0.0931200186240036	0.174869947539016	0	0.341369795178121	0.0495599999999997	0.077010015402003	0.0204000040800008	0	0.01107	0.312780031278003	0.0159299968140006	0	0	0.0234599976540002	0	0.0872099738370078	0.36219010865703	0.0992100099210009	0.0592199940780006	1.05471	0.0130799960760012	0.529259682444189	1.5838507919254	0.198630019863002	0	0.0602099879580024	0.00947999526000234	0.001139999886	0.0501300100260018	0.026550005310001	0	0	0.0112200022440004	0	0.145739985426002	0.498989800404078	0	0	0.342569828715084	0	0	0.0980099803980037	0	0.219840021984002	0.166230049869015	0.02445	0.146039883168093	0	0.0614100184230054	0.230069930979021	0	0.0121199975760005
Dysgonamonadaceae	0	0	0	0	0	0	0	0	0	0	0	0	0	0	0	0	0	0	0	0	0	0	0	0	0.0109799978040004	0	0	0	0	0	0	0	0	0	0	0	0	0	0	0	0	0	0	0	0	0	0	0	0	0	0	0	0	0	0	0	0	0	0	0	0	0	0	0	0	0	0	0	0	0	0	0	0	0	0	0	0	0	0	0	0	0	0	0
Eggerthellaceae	1.70732948780115	0.11709003512701	4.77713952228604	9.61461288438384	2.88920855539572	0	0.11396996580901	2.57475	0.0441300044130003	1.57521031504206	3.47396965260303	0	3.64842109452632	1.33811973237605	1.56081	2.6688905337781	1.05119968464009	2.22789022278902	1.12932	7.80002921999706	0.796710079671006	1.36560013656001	1.80629945811016	0.136289959113012	0	1.2020403606121	5.68689170606751	0.0122399951040019	2.76590917022725	0.714540214362063	0.139050027810005	0.680370068037006	0.231210046242009	0.529349841195046	0.846449915355006	0.865979480412309	1.00725	1.67970033594006	1.01004020200804	0.356429821785088	2.31849	0.673230067323006	0.0596099880780022	1.54071046221314	5.59484832154549	1.37126986287301	0.270299972970002	3.04373908687827	11.95653358696	2.38206023820602	0.637049936295006	3.00467999999999	0.0131999960400012	1.41968914818651	2.73465136732568	2.14356021435602	0.374039775576132	0.868499826300032	0.374879812560093	0.624719937528004	5.82093116418622	0.0480600096120019	1.03154989684501	0.50682020272808	1.54092030818406	5.64735338841201	2.57279974272003	1.22375951049619	2.619	1.05752989424701	3.72317813841092	3.82826885151934	6.43887257554902	0.0590099881980022	2.90955029095503	1.36812013681201	0.854520256356076	0.374849999999997	1.03835916931266	0.24857990056804	1.25346037603811	0.188729943381017	2.12957914816834	0.991529801694039
Enterobacterales_unclassified	0	0	0	0	0	0	0	0	0	0	0	0	0	0	0	0	0	0	0	0	0	0	0	0	0.00386999922600015	0	0	0	0	0	0	0	0	0	0	0	0	0	0	0	0	0	0	0	0	0	0	0	0	0	0	0	0	0	0	0	0	0	0	0	0	0	0	0	0	0	0	0	0	0	0	0	0	0	0	0	0	0	0	0	0	0	0	0
Enterobacteriaceae	17.9506746147976	2.2427406728222	0.218399978160002	6.82857204857161	0.431999784000105	61.7832661783265	0.379499886150032	6.68982	0.0595500059550003	0.0740700148140028	0.0202499979750002	0.0185699925720029	13.4652940395882	0.464189907162017	0	5.80752116150422	20.9882937035119	5.94726059472603	3.33204	25.3244374675562	6.91503069150306	84.9408384940836	10.5361468391559	0.285389914383026	28.2485643502871	15.4104346231304	6.44973193491956	1.78178928728428	6.94226791731961	5.47905164371548	37.5015075003013	0.0616800061680006	12.0134424026885	12.2566763229971	6.65021933497805	0.860699483580308	6.45278999999999	6.08016121603224	1.91760038352008	0.396389801805099	2.37624	87.2868687286866	11.8083276383345	41.4562924368876	0.368549889435033	19.7595880240412	1.82702981729702	2.03615938915218	0.158160047448014	0.0641700064170006	25.7345374265462	26.63802	0.405779878266036	52.2383686569786	2.60028130014065	142.912214291221	15.4818807108715	0.126119974776005	3.58502820748587	110.485308951469	0.0226800045360009	8.92749178549833	0.280199971980003	12.365164946066	122.178684435737	0.831330498798298	0.841859915814009	0.00611999755200096	0.43905	0.524159947584004	0.391769804115097	12.4627162611851	0.0912600365040144	5.90840881831821	0.127710012771001	1.08294010829401	2.17842065352619	3.14918999999998	5.34500572399541	7.98416680633327	0.391020117306033	42.0992573702225	1.46411941435223	5.51462889707421
Enterococcaceae	0.0809099757270072	0.381540114462033	0	0.236400070920021	0	20.4971720497172	0	0.40305	0	0	0	0	0.0184800055440017	0.749399850120027	0	0.26163005232601	0.214709935587019	0	0	43.6996456300353	0	0	1.99961940011418	0.245729926281022	3.38354932329012	1.51920045576014	1.61265048379514	0.0108899956440017	0.549629835111048	41.9144825743446	1.96119039223808	0	0.163500032700006	0.00974999707500086	0	0.00575999654400207	0	1.22019024403805	0.00483000096600018	0	0.05298	0	4.87799902440018	0.11442003432601	0.208949937315019	2.57570974242902	100.895359910464	0	0.204660061398018	0	0	0	0	0	0	0.369570036957003	14.3708013775192	0.227819954436009	0	0	0	263.359642671928	0	2.92242116896846	0	0.0117300070380042	0	0	0.01323	0	0	0.0286499914050026	0.139290055716022	0	0	0	0	0	0.00626999498400399	0	0	13.1190560642832	56.538217384713	0
Erysipelotrichaceae	2.03168939049318	0.69534020860206	13.5197986480201	14.6359843907953	2.27186886406556	23.1957023195702	0.103829968851009	4.28375999999999	0.135600013560001	8.81253176250633	0.0921599907840009	0.031769987292005	0.57360017208005	0.447629910474015	0.725639999999997	0.0310200062040012	2.16059935182019	0.694800069480005	1.53366	2.20823977917602	0.315000031500003	0.0899400089940008	4.95899851230043	9.0424472872658	11.1802777639444	16.5780649734195	0.747750224325067	7.6658069336772	0.0161099951670014	0.0135600040680012	3.31017066203412	2.16732021673202	7.37670147534027	0.742919777124065	0.0161099983890002	0.434249739450154	0.0583799999999997	4.18416083683216	0.833370166674032	0	0.19899	0.0843900084390006	0.00317999936400012	26.5744279723284	4.11329876601036	0.560489943951003	0.0263099973690002	4.15019875494036	0.318420095526028	0.0539400053940004	0.0748199925180006	0.355679999999997	0.145469956359013	7.77521533487078	12.5269862634931	0.450540045054003	6.96317582209449	11.6993676601265	8.24555587722205	0.00377999962200003	2.5945805189161	0.922740184548035	0.0858599914140007	41.1176864470744	3.84582076916415	1.00173060103836	0.401249959875004	0.345959861616055	1.32627	0.671969932803005	2.27486886256557	1.71989948403015	3.31617132646852	0	0.382590038259003	0.0881100088110007	0	0.0667199999999997	0.478169617464306	2.09834916066034	0.155400046620014	0.0185999944200017	0.582539766984091	0.503399899320019
Eubacteriaceae	7.06175788147263	2.2864206859262	13.2885586711441	3.82281114684333	6.17762691118653	0.0853200085320006	0.204839938548018	46.8827099999998	0.145470014547001	12.0947124189425	8.66333913366606	0	6.55737196721157	0	5.40455999999997	20.7117341423468	11.430356570893	9.52923095292309	6.89475	0	7.91310079131006	14.6518814651881	1.86293944111817	13.6042459187262	0	0	33.684910105473	4.13273834690464	27.1126118662164	3.87204116161234	3.17172063434412	6.66567066656705	45.5871991174398	8.00237759928672	4.33679956632003	9.60734423559343	15.64104	3.94431078886215	4.13097082619415	4.33412783293607	11.07264	14.1007514100751	16.6598366680326	33.1230399369117	18.1118345664496	24.4684175531582	9.46424905357508	2.1880493435852	17.5476352642906	20.6640620664062	4.66847953315203	9.20834999999997	5.25791842262446	0.0758399544960271	18.3858391929196	2.73507027350703	1.16363930181642	18.0238763952247	1.6074291962854	11.1592488840751	15.0108330021666	0	53.7835746216424	0	14.5955129191026	3.14217188530312	11.1666288833371	8.43029662788134	38.16411	2.21624977837502	22.3184288407855	1.20290963912711	14.3860257544103	7.50263849947227	15.0801615080161	31.2792331279233	13.2915039874512	17.08866	33.8019929584056	1.13957954416818	23.8055771416731	4.5972286208314	2.40488903804438	5.23889895222019
Firmicutes_unclassified	0.288899913330026	0.762630228789066	0.370889962911003	1.72530051759015	0.24026987986506	9.33435093343509	0	0.72372	0	0.459540091908018	1.02587989741201	0	1.47777044333113	0	0.366809999999997	0.0231000046200009	0.245789926263022	1.34382013438201	0	0	0.442020044202003	0	2.88749913375026	0.259289922213023	0	0	1.26174037852211	0	0.196889940933018	0.383280114984033	0	0.291780029178003	2.90700058140011	0.0147899955630013	0	0.013889991666005	0.353639999999998	1.73025034605007	0	0.0374699812650093	0.07692	0	0.460289907942018	0	0	0	0.426119957388003	1.24478962656311	1.99278059783418	1.28484012848401	0.000809999919	1.50654	0.241079927676022	0	2.64978132489066	0	0	0.358619928276013	0.135269932365034	0.0755699924430006	2.06511041302208	0	0	0	0.931710186342036	0	0.792359920764006	0.261659895336042	0.09411	0	0.996389501805246	0.10670996798701	2.26848090739236	0.510539897892018	2.41137024113702	0	0.0183300054990016	0	1.77107858313713	0	0.866880260064078	0.548939835318048	0.738119704752117	0.384629923074015
Fusobacteriaceae	0	0	0	0	0.222719888640055	0.107220010722001	0	0	0	0	0	0	0	0	0	0	0	0	0	0	0	0	0.00584999824500051	0	7.6934984613003	0.280290084087025	0	0	0	0.0570600171180051	0.0183000036600007	0	0	0.139679958096012	0	0	0	0	0	0	0	0	0	0	0	0	0	0	0	0	0.0102299989770001	0	0	4.33289740026153	0	0	0.041969974818015	0	0	0	0	0	0	0.0263700105480042	0	0	0	0	0	0	0	0	0	0	0	0	0	3.71681999999997	0	0	0	0	0	0
Hungateiclostridiaceae	0	0	0	0	0	0	0	0	0	0	0	0	0	0	0	0	0	0	0	0	0	0	0	0	0	0	0	0	0	0	0	0	0	0	0	0.229859862084082	0	0	0	0	0	0	0	0	0	0	0	0	0	0	0	0	0	0	0	0	0	0	0	0	0	0	0	0	0	0	0	0	0	0	0	0	0	0	0	0	0	0	0	0	0	0	0	0
Lachnospiraceae	79.1851262444619	13.3467340040202	55.0650244934974	50.9152352745705	60.17165991417	16.7853616785362	7.68443769466868	92.56992	0.961410096141008	136.111497222299	66.4106633589336	0.809969676012128	100.694040208212	24.1604651679069	98.8040699999996	91.7590683518134	46.6201360139592	97.9163797916378	65.8635	34.6537465346253	28.7130028713003	72.3519672351966	211.000136699959	86.9160639251807	206.652018669596	218.524625557387	76.2965628889687	75.51254979498	84.3446146966155	91.0866273259881	107.71760154352	74.2585574258556	118.480223696044	87.4740937577718	54.0085145991484	82.6638704016775	84.4661099999997	60.0285120057023	58.2753416550682	123.083248458375	181.40169	113.496761349676	54.0916391816721	61.9326785798034	197.09343087197	119.164818083518	53.1601446839854	71.4900985529702	56.794607038382	76.8645676864566	55.4212144578785	55.8913799999997	22.229273331218	48.5993408403954	60.0793500396749	51.9029751902974	67.8814992711003	95.0463709907256	21.6474491762754	42.6913457308653	92.8288685657736	3.30984066196812	106.402609359739	111.344534537814	96.9896893979376	85.0935810561485	41.6192958380703	50.0368899852439	47.43216	26.5866273413372	95.9804220097887	67.820949653715	58.3781933512773	32.2708435458312	183.591018359101	78.1305078130507	146.448703934611	101.66811	60.2014018388784	81.7520972991609	107.558762267629	47.4817657554702	31.0559575776169	25.987584802483
Lactobacillaceae	11.399576580127	10.3288830986649	0	24.4620373386112	0.00563999718000138	0.0272100027210003	39.8186880543933	0.334139999999997	100.99570009957	0	0.0152399984760001	23.7576504969398	0.493020147906042	30.5322838935432	0	0	0	10.9304710930471	0.0057	11.8214688178531	0.904500090450008	0.311460031146003	0.293699911890026	0.022859993142002	0	0.236700071010021	0.0429300128790036	0	0.173969947809016	0	0.534510106902021	42.9222042922203	0.0279000055800011	1.90823942752817	0.0262799973720002	0.787589527446283	0	6.53043130608624	0.137280027456005	3.13979843010078	1.91718	7.99407079940706	1.69658966068207	25.4601376380413	0.0383699884890034	0.636659936334006	8.37344916265507	0	0.433350130005039	0.00915000091500009	0	4.59878999999998	3.77429886771033	0.492869704278177	0.00231000115500057	0.00690000069000006	3.06728815962709	0	104.132677933661	38.5451661454833	0.0578100115620021	15.7439131487826	1.39208986079101	0	0	11.159286695572	0.486029951397004	0	3.07623	19.4096080590392	21.7996991001504	0	0.104850041940017	0	0.0531000053100003	0.475500047550003	0	0	2.55494795604163	106.568207372717	0.00465000139500042	0	15.4307938276825	0.479219904156018
Leuconostocaceae	3.80330885900733	0	0	0.712920213876063	0.0547499726250135	0.124470012447001	0.0175199947440016	0.01563	0	2.6190005238001	0	0	0.327840098352028	0	0	0	0	0	0	2.28266977173302	0.0433500043350003	0	0	5.74982827505151	0.00548999890200021	1.26711038013311	0.232530069759021	0.169139932344027	0.401249879625036	0.207540062262019	0.0396000079200015	0.0839400083940007	0.78360015672003	0.475439857368041	3.35738966426103	0.916949449830327	0	0.0517500103500018	0.26223005244601	0.00983999508000246	0	0.0372300037230003	0.891239821752033	0.0176100052830016	0	0.00458999954100003	0.995789900421009	0	0.00663000198900057	0.0337200033720003	0	0	0	0	0	0	0	0.0188399962320007	0	0	0	0	0	0	0	0	0	0	0	0.0185099981490001	0	0	0.583920233568093	0	0	0	0	0	0.158129873496101	0.00143999942400021	0	0	0	0
Micrococcaceae	0	0	0	0.203580061074018	0.0102899948550025	0	0	0	0.0129600012960001	0.114690022938004	0	0	0	0.0418499916300015	0.00875999999999997	0	0	0	0.00033	0.122369987763001	0.002190000219	0	0	0.187769943669017	0.00995999800800039	0.0241500072450021	0	0.277349889060044	0	0.639570191871056	0.750720150144029	0.676230067623006	0	0.00038999988300003	0.0638099936190006	0.273599835840098	0	0	0.00045000009	0.0269399865300067	0	0.110220011022001	0.00644999871000023	0.11304003391201	0.0068699979390006	0	0.172349982765001	0	0.00582000174600051	0.002250000225	0.0396299960370003	0	0	0	0.072840036420018	0.587880058788003	0.019559988264007	0	0	0	0.0197100039420008	0.0850800170160033	0.0394799960520003	0.236790094716038	0	0.0231600138960083	0.0206099979390002	0.218819912472035	0	0.002009999799	0.0768599615700189	0.10829996751001	0.00465000186000072	0	0.000540000054	0	0.531180159354045	0.19533	0.00032999973600021	0.094589962164015	0.0268500080550024	0.0177599946720016	0.0100799959680016	0.100619979876004
Moraxellaceae	0	0	0	0	0	0	0	0	0	0	0	0	0	0	0	0	0	0	0	0	0	0	0	0	0	0	0	0	0	0	0	0	0	0	0	0	0	0	0	0	0	0	0	0	0	0	0	0	0	0	0	0	0	0	0	0	0	0	0	0	0	0	0	0.0107700043080017	0	0	0	0	0	0	0	0	0	0	0	0	0	0	0	0	0	0	0	0
Morganellaceae	0	0	0	0	0	0	0	0	0	0	0	0	0	0	0	0	0	0	0	0.244049975595002	0	0	0	0	0.0489299902140018	0	0	0.00242999902800036	0	0	0	0	0	0	0	0	0	0	0	0	0	0	0	0	0.0464999860500039	0	0	0	0	0	0	0	0	0	0	0	0	0	0	0	0	0	0	0	0	0	0	0	0	0	0	0	0	0	0	0	0	0	0	0	0	0	0	0
Neisseriaceae	0	0	0	0	0	0	0	0	0	0	0	0	0	0	0	0	0	0	0	0	0	0	0	0	0	0	0	0	0	0.00552000165600048	0	0	0	0	0	0	0	0	0	0.00158999920500039	0	0	0	0	0	0	0	0	0	0	0.0211499978850002	0	0	0	0	0	0	0	0	0	0	0	0	0	0	0	0	0	0	0	0	0	0	0	0	0	0	0	0	0	0	0	0	0
Odoribacteraceae	0.960299711910085	0.35679010703703	0.362129963787003	1.1826603547981	0.580889709555143	0	0	1.87683	0	0.483630096726018	1.36058986394101	0	0.781380234414068	0	0.478109999999997	0.100050020010004	0	0.446880044688003	0	0.001769999823	0.0786000078600007	0.313800031380003	0.0273299918010025	0	0	0	2.16243064872919	0	0.478649856405042	0.669570200871059	0.00357000071400012	0	0.439560087912015	0	0	0.333629799822117	0.733859999999995	0.405570081114015	0	0.234179882910058	0.40887	0	0	0	0	0.00350999964900003	0.240209975979002	0.36344989096503	2.2448106734432	4.52511045251103	0.673169932683006	1.30128	0.261929921421024	0.66971959816824	8.39448419724208	1.36824013682401	0	2.25665954866809	0.653399673300162	0.978839902116007	0.934350186870034	0	0.121499987850001	0.528990211596084	0.214260042852008	0	0	0.869459652216138	0.33183	0	0.406229796885099	0.0296399911080027	0	0.0654299869140025	0	0.002280000228	0	0.0974399999999997	1.23272901381679	0	0.935130280539083	3.4910989526703	0.181199927520029	2.34920953015809
Oscillospiraceae	0.877769736669077	0.0851100255330075	0	0	1.97885901057049	0	0	0.46011	0	0.024480004896001	0.0513599948640003	0	0.33741010122303	0	0	0	0	0.895830089583006	0	0	0.941970094197008	0.151500015150001	0	0.103889968833009	0	0	0.498990149697043	0	0.0410399876880036	0.0737400221220065	0	0	0.437970087594016	0	0	0.141569915058051	0.17262	0.385230077046015	0	0.0331799834100082	0	0	0.184979963004007	0	0	0.0114899988510001	0.0743399925660006	0	0.455550136665039	0.238470023847002	0.0945599905440008	1.69578	0.10772996768101	0.0884399469360318	1.9985709992855	0	0	1.50422969915406	0.272399863800068	0.273989972601002	1.19433023886605	0	0.0314399968560003	0	1.43388028677606	0	0	0.184829926068029	0	0	0.431279784360106	0	0	0.0986699802660039	0	0	0	0	0	0	0.120000036000011	0.848339745498075	0.133349946660021	1.42754971449006
Oxalobacteraceae	0.0814499755650072	0	0.684599931540006	0	0	0	0	0	0	0	0	0	0	0	0	0	0	0	0	0	0	0	0	0.00266999919900024	0	0	0	0	0	0	0	0	0	0	0	0	0.00431999999999997	0	0	0	0	0	0	0	0	0	0	0	0.00585000175500051	0	0	0	0.00095999971200006	0	0	0.141030014103001	0	0	0	0	0.320370064074012	0.00219000043800006	0.0161699983830002	0.00552000220800087	0.0163500032700006	0.0149700089820054	0	0.0228899908440037	0.00624	0.002309999769	0.016259991870004	0.010919996724001	0.0170700068280027	0.00419999916000015	0.0105000010500001	0.183330018333002	0.021660006498002	0.00044999999999997	0.116279906976074	0.0147899940840024	0.00552000165600048	0	0.00536999785200084	0.159119968176006
Pasteurellaceae	0	0	0	0.00612000183600054	0	0	0	0	0.323130032313003	0.00258000051600009	0	0	0	0	0	0	0	0.0549900054990003	0.04545	0	0	0	0	0.0364199890740032	0	0	0	0.0137999944800022	0	4.37598131279439	1.31007026201405	0.541590054159003	0	0.0974099707770087	0.0766199923380006	2.55272846836292	0	0	0.0505800101160018	0.562169718915138	0	0	0	0.0794100238230069	0	0.0348899965110003	0.422459957754003	0	0	0.0343200034320003	1.52891984710801	0.334559999999997	0.00134999959500012	0	0.0297300148650074	0.0401100040110003	0	0	0	0.0361199963880003	0.0278700055740011	0	0.00980999901900009	0.0038100015240006	0	0.00399000239400141	0	0	0	0	0.0255599872200064	0	0	0	0	0	0.172680051804015	0.18954	0	0	0.011070003321001	0.0406499878050036	0.163919934432026	0
Peptoniphilaceae	0	0	0	0	0.00566999716500141	0	0	0	0.373230037323003	0	0	0	0	0	0	0.00153000030600006	0	0	0	0	0	0.0782100078210006	0	0	0	0.00594000178200051	0	0	0.0893999731800081	0.00273000081900024	0.0335100067020012	0	0	0.0066899979930006	0	0.00398999760600141	0	0	0.00999000199800037	0	0.00996	0	0	0	0	0.00953999904600009	0	0.00122999963100009	0	0	0	0	0	0.00242999854200087	0.00408000204000102	0	0	0	0	0	0.0075600015120003	0	0.102359989764001	0.0152700061080024	0.0321000064200012	0	0	0	0.00174	0	0.0336599831700084	0	0.00600000240000096	0	0	0	0	0	0.0149399880480095	0.00041999983200006	0.034860010458003	0	0	0
Peptostreptococcaceae	0	0	0	0	0	11.9595311959531	0	0.01557	0.0274500027450003	0.163590032718006	0.746789925321006	0	0.0553200165960048	0.299519940096012	2.78037	0	3.3809689857093	0.0843900084390007	0.20208	1.09082989091701	0.00492000049200003	0.0602700060270005	1.16648965005311	0.22841993147402	0.24251995149601	0.901380270414078	0.283920085176025	0.0104699958120016	0	0.0606900182070054	15.5632831126566	0.000930000093	0.187260037452008	0.554279833716049	0.0911399908860007	0.0405899756460144	0.01104	0.0187800037560007	0.228300045660009	0.0131699934150033	0.04704	0.00984000098400007	0.0851399829720033	0.0252900075870023	0.0216899934930019	2.24939977506002	0.902609909739009	0.683099795070061	0.169950050985015	0.0140700014070001	0	2.95518	0.35633989309803	9.1983844809693	0.00063000031500015	0.353670035367003	13.827321703607	4.91063901787218	0	0	1.72917034583407	0.0344700068940013	0.0201599979840002	0	0.00186000037200006	1.75494105296463	0	0	0.60201	0.00824999917500006	0	0.276749916975025	0.268740107496043	0	0.207540020754002	0	0	0.01128	0.120899903280077	0	0.00441000132300039	0	0.198599920560032	0
Planococcaceae	0	0	0	0	0	0	0	0	0	0	0	0	0	0	0	0	0	0	0	0	0	0	0	0	0	0	0	0	0	0	0	0	0	0	0	0	0	0	0	0	0	0	0	0	0	0	0	0	0	0	0	0	0	0	0	0	0.0773999535600276	0	0	0	0	0	0	0	0	0	0	0	0	0	0	0	0	0	0	0	0	0	0	0	0	0	0	0
Porphyromonadaceae	0.0179999946000016	0.00204000061200018	0	0	0.0128699935650032	0	0	0.13122	0	0	0	0	0	0	0	0	0	0	0	0	0	0	0	0	0	0	0.160470048141014	0	0	0.00093000027900006	0	0	0	0	0	0.0560699663580201	0	0	0	0	0	0	0	0	0	0	0	0	0	0	0	0	0	0	0.11898005949003	0	0	0	0	0	0	0	0	0	0	0	0	0	0	0	0	0	0	0	0	0	0	0	0	0	0	0	0	0
Prevotellaceae	0.0379799886060033	0.0139800041940013	0	7.56321226896366	12.4937037531481	0	0	0.37848	0	0.232920046584009	0	5.34923786030484	4.37499131249739	0	0	3.94083078816615	0	25.9733425973342	0	0	0.680370068037006	0.0551400055140003	0	15.0990254702923	0	0	0.246150073845022	2.04140918343632	0	2.33589070076721	0.118980023796005	5.96838059683803	9.82728196545638	0	0	109.239384456369	0	1.78032035606407	0	9.93119503440246	2.2887	0.274470027447002	64.6771670645664	2.76105082831525	0.131399960580012	0.00623999937600005	12.8540687145931	0	0.00285000085500024	0	0.0233399976660002	0.00068999999999997	0	8.80850471489715	11.998685999343	0.0254400025440002	0.092399944560033	0	0	0	0.356280071256013	0.00108000021600003	0.00395999960400003	0	0	0.208740125244075	0	14.2636442945423	0.72198	0	3.32519833740081	0	0.0371100148440057	0.130979973804005	0	11.6150711615071	0	2.38224	0.353969716824225	0	0	0	0	0
Propionibacteriaceae	0.0172199948340015	0	0	0	0	0	0.00617999814600054	0	0	0	0	0	0	0	0	0	0	0	0	0	0.00858000085800009	0.002160000216	0	0.00503999848800045	0	0.0402000120600036	0	0	0	0.00318000095400027	0.0275100055020011	0.002220000222	0.614520122904024	0	0	0	0	0	0	0	0	0	0.195239960952008	0	0.0264299920710024	0	0.00461999953800003	0	0	0	0	0	0	0	0	0	0.00260999843400093	0	0	0	0	0	0	0	0	0.0261900157140094	0	0	0	0.0267299973270002	0	0	0	0	0	0	0	0	0	0	0.0069600020880006	0	0	0
Proteobacteria_unclassified	0	0	2.33405976659402	0	0.695009652495171	0	0	0	0	0.00987000197400039	0	0	0.831240249372072	0.0365399926920012	0	0	0	0.0692700069270006	0.13191	0	0.405690040569003	0	2.13047936085619	0.00317999904600027	0	0	0	0.0216899913240034	0.11459996562001	0	0.404280080856015	0.0156600015660001	0	0	4.75586952441303	0.00134999919000048	0	0	0.145590029118006	0.219149890425055	0	0	0	0.263760079128023	0	0.417509958249003	0	0.146279956116013	0.0541200162360048	1.63635016363501	1.32560986743901	0	0.0554999833500048	0.857549485470306	0.0229800114900057	0	0	0.0136799972640005	0	0.0796499920350006	0.970500194100036	0	0	5.25249210099681	0.0102900020580004	0	0.0662399933760006	0	0	0	0.00170999914500042	0.523529842941045	0	0	0	0.0345000034500003	0	0.877049999999997	0	0	0	0.0463499860950039	0.00749999700000117	0
Rikenellaceae	8.45168746449375	1.74426052327816	12.2688287731171	13.7511341253402	11.1351544324228	0	0	6.34128	0	4.91619098323818	0.740579925942006	0	15.5580646674194	0	7.56350999999997	3.77616075523215	0	1.12290011229001	0.01284	3.97838960216103	7.09158070915806	11.0020811002081	0	0.10751996774401	0	0	30.0140490042147	0	3.90533882839833	2.50143075042923	0	0	16.1317532263506	0	0.595679940432003	0.147899911260053	6.79619999999997	7.5465015093003	1.63644032728806	2.65379867310066	0.36348	0.443850044385003	3.52934929413012	0	0	2.71187972881203	4.59572954042703	22.164113350766	23.9972171991652	35.0668835066883	9.40922905907709	41.2748099999997	3.74333887699833	7.2611656433006	38.6702593351295	1.06866010686601	0	21.2824157435168	8.30054584972706	7.67600923239906	20.4059440811888	0	8.47334915266506	0	5.76747115349422	0	0.513389948661003	0.845369661852134	11.44485	0	0	11.304896608531	0.94482037792815	8.67998826400233	12.7542312754231	14.1503114150311	1.25982037794611	0.444869999999997	17.6900858479313	0	9.79329293798787	13.5318259404522	4.04075838369663	23.7221952555609
Ruminococcaceae	45.213436435969	1.19997035999111	68.3840931615905	13.0641639192492	65.1439474280261	6.29064062906405	0.0215099935470019	37.23924	0.0362400036240003	58.7999217599842	27.0991172900883	0.00524999790000081	35.4276706283011	7.66937846612428	117.82353	3.64878072975613	120.952703714189	17.4105317410531	39.15711	20.5253379474662	43.8104143810414	12.0393012039301	7.27352781794164	23.0624030812791	0	0.664590199377057	20.7903362371008	0.745379701848118	30.8996307301108	20.9872562961769	5.86500117300022	14.2949114294911	34.2983768596753	85.4679943596015	106.591729340827	35.5590086645947	29.6905799999999	38.6216477243295	52.771690554338	7.13012643493676	13.78275	8.19579081957905	45.7285408542917	39.4765318429594	7.00802789759163	57.0936842906314	13.5009586499041	31.6782804965158	48.9054746716423	40.5697840569783	23.2071276792872	83.4150299999996	74.4998776500366	37.9163172502096	26.4586932293466	48.8051448805144	4.43054734167159	51.0489797902039	11.6932741533629	31.9720468027953	110.14325202865	0	14.3149185685081	4.06437162574864	13.7200827440165	4.78461287076771	123.076187692381	109.790716083713	25.40031	15.9208184079181	28.293315853342	48.6529054041282	3.37485134994054	17.0713765857247	26.0043926004392	56.7551756755173	25.2719175815753	19.14939	57.915043667965	2.30585907765637	34.7536004260801	51.2363546290934	65.2820438871822	40.7195618560875
Selenomonadaceae	0	0	0	0	15.7385921307039	0	0.00122999963100009	0.13869	0	0	0	0	0.0520800156240045	0	0	0	0	0	0	0	0.207990020799002	0	0	54.7157835852648	0	0	2.93490088047026	0	0	7.80738234221469	0.0847200169440033	0	0	0	0	0	0	2.88879057775811	0	2.18939890530055	0	0	0.129329974134005	0	0	0	0	0	0	0	0	0	0	0	0	0	0	2.15510956897808	0.00176999911500042	0	0	0	0.413129958687003	0	0	0	0	39.7233441106622	0	0	0	0.0563699830890048	0.00138000055200021	3.94367921126414	0	27.5345427534543	0	0.01527	4.63235629411495	0	0.0136800041040012	0	0	0
Staphylococcaceae	0.022109993367002	0	0	0	0	0.0813300081330006	0	0	0	0	0	0	0	0	0	0	0	0	0	0	0	0	0	0	0	0.0394200118260033	0	0	0.00527999841600045	0.0312900093870027	0	0	0	0	0	0	0	0	0	0	0	0	0	0	0	0	0	0	0	0	0	0	0	0	0	0	0	0	0	0	0	0	0	0	0	0	0	0	0	0	0	0	0	0	0	0	0	0	0	0	0	0	0	0
Streptococcaceae	1.40087957973612	1.31982039594612	0.735509926449006	33.0633999190198	3.97487801256099	66.7425066742506	3.11882906435127	1.16838	0.201060020106002	5.82120116424021	0.0493799950620004	5.62280775087688	3.10230093069027	10.6911878617624	0.488909999999999	1.46565029313006	0.618989814303055	1.12065011206501	2.11632	3.79577962042203	0.878670087867008	0.634560063456006	0.66905979928206	7.27982781605164	39.9329620134075	12.4029037208711	1.37676041302812	3.60077855968857	2.52095924371223	34.58740037622	2.80713056142611	100.787410078741	3.22287064457412	7.63736770878967	1.39718986028101	20.2179778692133	0.0654299999999997	1.14075022815005	1.81731036346207	1.05866947066526	5.17416	1.78869017886901	3.97592920481415	6.04089181226752	2.46887925933622	1.09448989055101	59.3742840625714	0.329789901063028	0.67827020348106	0.534930053493003	13.3172386682761	4.52672999999998	0.555449833365048	0.131639921016047	30.2444251222125	7.84176078417607	40.4893257064044	0.25007994998401	9.53645523177237	9.12005908799406	10.4330420866084	0.205800041160008	6.21197937880206	18.5600174240069	0.442530088506016	80.3386082031648	42.6269657373033	0.998369600652159	0.23907	24.6098075390192	2.44028877985561	14.3420656973803	7.6061430424572	0.127649974470005	4.34244043424403	0.250080025008002	33.547150064145	29.77026	10.2988417609266	25.4994198002321	45.892093767628	17.1576248527125	28.9195684321726	12.8598874280225
Sutterellaceae	0	0	0.0743999925600007	0.0582000174600051	0.0769499615250191	0	0.0469199859240042	0.01056	0	0.0186000037200007	0	0	0.046440013932004	2.20757955848409	0.07068	0.0283200056640011	0.0296699910990027	0.0660900066090006	0	0	0.0777900077790006	0.167550016755002	0.178379946486016	0.456329863101039	0	0	0	1.93895922441631	0.0132299960310012	0	0.0474000094800018	0.873600087360006	0	0	0.422879957712003	0.224519865288081	0.0650999999999997	0	1.92306038461208	0.192179903910048	0	0	0.0233399953320009	0.0962700288810084	0	0.246209975379002	0	0.0320399903880028	1.93203057960917	0.0436800043680004	0.0325499967450003	0.0694499999999997	1.0929596721121	0.369899778060132	0.314250157125078	0	0	0.827309834538033	0.0397499801250099	0	0.225690045138009	0	0	0.165960066384026	0.00303000060600012	0	1.83404981659502	0	0	0	0.258539870730065	0.034229989731003	0	0	0	0.0410400041040003	0	0.0806399999999997	0	0	0	0.318029904591028	0.792719682912126	0
Synergistaceae	0.0631199810640054	0.0657000197100057	0	0	1.46015926992036	0	0	0.11808	0	0	0	0.00665999733600105	0.451260135378039	0	0	0.0133800026760005	0	0	0	0	0.0398100039810003	0	0	0	0	0	0.320220096066028	0	0	0	0	0	0	0	0	0	0.02799	0	0	0	0	0	0	0	0	0	0	0.021839993448002	0	0.00843000084300006	0	0	0	0	0	1.03407010340701	0	0	15.7210721394639	0.001619999838	0.317010063402012	0	0.00326999967300003	0	0.0310800062160012	0.00717000430200258	0	0.0157799936880025	0.04503	0	0	0	0.0442800177120069	0.104159979168004	0	0.00741000074100006	0	0.02373	0.118079905536075	0	0.0854100256230075	0	0	0
Tannerellaceae	2.72156918352924	1.61631048489314	11.2227288777271	6.98334209500262	6.0721169639415	0	0	8.18019	0.00312000031200003	1.21536024307205	3.04016969598303	0.0583199766720093	2.37717071315121	0.852869829426033	6.18029999999999	0.177390035478007	0	2.60277026027702	0.27123	1.23410987658901	0.753840075384006	3.53679035367903	0.588599823420051	2.31593930521821	0	0	8.00829240248771	0.0182099927160029	0.206819937954019	1.40628042188413	0.341550068310012	0.770160077016006	2.20851044170209	1.80794945761516	0.272729972727003	1.26182924290245	3.13334999999998	5.82906116581221	1.63875032775006	0.379589810205093	0.28662	0.0989100098910008	0.870569825886032	0	0.165809950257015	0.516689948331003	2.00192979980702	4.58672862398139	2.60403078120923	2.10675021067502	1.71758982824102	2.02254	3.4931689520493	8.04206517476088	6.28917314458656	5.14218051421804	0	1.10714977857004	2.16620891689554	0.777749922225006	1.82217036443407	0.0603000120600024	0.0637499936250006	5.81082232432891	0.523110104622019	0	0.0212999978700002	3.66692853322857	0.94149	0	0.936179531910232	0.127559961732011	0.00270000108000042	1.77554964489007	2.21028022102802	3.89979038997903	3.08343092502927	7.43870999999997	4.46624642700285	3.02852878858848	0.496380148914043	5.21318843604346	0.753059698776119	17.4118165176367
Veillonellaceae	0.216119935164019	1.86981056094317	8.04281919571806	0.0169800050940015	11.6746441626779	26.8432826843283	0.0170999948700015	0	0.164880016488001	0	0	0.0772499691000123	0.0141600042480012	4.55492908901418	0	0.0411300082260015	0.22214993335502	0.0911700091170007	1.13274	0.296819970318003	8.08953080895306	0	0.0310499906850027	2.38148928555321	0.336539932692012	0.601590180477052	0	0	8.49734745079575	1.71714051514215	0.00291000058200009	11.1868511186851	0	1.51490954552714	0.107939989206001	0.950939429436338	3.05276999999997	1.46154029230806	0.371850074370012	21.1487294256353	4.84641	3.04374030437402	48.1203803759238	0.0489600146880042	24.8947125315862	7.63649923635006	5.11415948858403	14.1365657590303	7.82820234846069	0	3.44546965545303	7.71239999999997	2.2794593161622	0	0.206400103200051	0.695130069513006	1.58723904765657	0.00263999947200009	0	4.14035958596403	0.0204300040860008	0	0.227819977218002	8.37768335107332	0	0.432510259506155	0.00719999928000006	0.348089860764055	0	0.0133799986620001	0.52277973861013	0	0.00357000142800057	0.00167999966400006	0	2.67357026735702	0.00162000048600012	4.71089999999997	30.7338354129314	0.18959992416003	6.33585190075557	0.427079871876037	0.607919756832096	0.0466799906640018
Victivallaceae	0	0	0	0	0	0	0	0	0	0	0	0	0	0	0	0	0	0	0	0	0	0	0	0	0	0	0	0	0	0	0	0	0	0	0	0	0	0	0	0	0	0	0	0	0	0	0	0	0	0	0	0	0	0	0.00567000283500141	0	0	0	0	0	0	0	0	0	0	0	0	0	0	0	0	0	0	0	0	0	0	0	0	0	0	0	0	0
Yersiniaceae	0	0	0	0	0	0	0	0	0	0	0	0	0	0	0	0	0	0	0	0	0	0	0	0	0	0	0	0	0	0	0	0	0	0	0	0	0	0	0	0	0	0	0	0	0	0	0	0	0	0	0	0	0	0	0	0	0	0	0	0	0.00603000120600024	0	0	0	0	0	0	0	0	0	0	0	0	0	0	0	0	0	0	0	0	0	0	0
