feature	肠杆菌科..Enterobacteriaceae.	链球菌科..Streptococcaceae.	支原体科..Mycoplasmataceae.	梭菌科..Clostridiaceae.	乳杆菌科..Lactobacillaceae.	坦纳菌科..Tannerellaceae.	拟杆菌科..Bacteroidaceae.	肠球菌科..Enterococcaceae.	芽孢杆菌科..Bacillaceae.	毛螺菌科..Lachnospiraceae.	明串珠菌科..Leuconostocaceae.	葡萄球菌科..Staphylococcaceae.	瘤胃球菌科..Ruminococcaceae.	丙酸杆菌科..Propionibacteriaceae.	普雷沃菌科..Prevotellaceae.	双歧杆菌科..Bifidobacteriaceae.	韦荣球菌科..Veillonellaceae.	丹毒丝菌科..Erysipelotrichaceae.	柯林斯菌科..Coriobacteriaceae.	真杆菌科..Eubacteriaceae.	阿克曼氏菌科..Akkermansiaceae.
MI35	-1.32038453516496	-3.40223700795358	-2.8666465753682	-3.79775059191193	-4.83913626943014	-5.95293449486799	-3.7308061921345	-4.7395493434872	-5.24054234942312	-8.91570629864102	-5.08405578934372	-7.16611309614707	-8.35741174838195	-7.33411064901827	-19.9986317453378	-8.12888018994809	-10.9820657494963	-5.86212619675275	-6.5273061638391	-5.27479326663358	-17.7993417072643
MI33	-1.39836836542752	-4.15531139565915	-2.59755477437701	-3.93550011672232	-4.8761598860996	-5.2763786706669	-3.90925252396317	-3.31498903178221	-4.79073694887484	-9.20677756369311	-8.82773673763065	-6.86209355473804	-13.5494974601855	-6.80759559961653	-19.9986317453378	-12.5968031749639	-18.5036937705724	-5.7866600210815	-7.54804386304402	-5.2763786706669	-17.7993417072643
MI32	-1.03361207170044	-3.51275028285709	-3.71392414927602	-3.71021902358349	-6.27447868510138	-4.93094557283561	-3.73467762343287	-5.59267769119022	-4.78919974323093	-6.66740623247161	-11.7063737654824	-6.66896044220004	-11.7716652257341	-10.5781854963129	-10.6256859199168	-13.5265527278976	-10.8261130097565	-8.06814611466103	-11.9566971195666	-3.89038128626164	-17.7993417072643
MI38	-1.67270666857038	-3.9708965196129	-3.44030055781694	-3.62174605861101	-6.18954902682103	-3.81151879477162	-2.20149792544393	-4.7939153554719	-4.2252958479634	-8.14207031665414	-8.3461280030156	-6.96562508194278	-5.93758126932506	-8.83754526802823	-19.9986317453378	-11.2312640459836	-14.2610113893777	-6.84245597799021	-10.2837314658777	-6.13215780986431	-17.7993417072643
MI36	-1.47822962860706	-4.50713796643085	-3.60347177911828	-4.65776568984448	-8.82784176674019	-3.14473801016001	-1.69424314759762	-5.8461440300267	-5.88505091586243	-8.6732574582578	-11.2791378654678	-8.17169157557407	-9.93653620231571	-11.5481338295403	-19.9986317453378	-15.0716957855974	-15.0716957855974	-8.28939956114017	-10.6311231942114	-7.62697666485877	-17.7993417072643
MI34	-1.38238530112525	-4.0297723803855	-3.82685252835692	-3.82672463175003	-2.1876133164708	-6.4386236152654	-4.86333577091993	-4.34504194627942	-4.20686138488954	-8.8746614131568	-9.07559031704837	-9.28828934218097	-12.1867513157189	-16.8732518429021	-19.9986317453378	-10.8179694074009	-14.6253243294585	-16.288289342181	-8.03957109424738	-4.82502042619968	-17.7993417072643
MI37	-1.55429511873572	-4.14353457864633	-3.19624238361182	-3.56694661887413	-4.52002278636376	-5.3520837039979	-4.71937528037444	-2.36911324953518	-4.66806222394528	-7.12740049145239	-9.9219768087887	-8.36943578575992	-12.8288674043972	-7.68742250265074	-19.9986317453378	-13.939898716786	-15.5837549065607	-6.08216648362829	-10.5894014697018	-6.77238021305074	-5.07447473847282
MI27	-1.63120498160003	-5.73205300324663	-3.7157338355009	-3.79150727002688	-6.40457488853404	-1.95839018457908	-3.81558317843374	-5.59745445571562	-4.07797668039803	-8.12359831198989	-8.06665114228836	-4.97957027965787	-9.47004872601133	-7.8556193163495	-16.5993317429563	-8.9411202602045	-22.2533131417301	-7.296312110619	-6.64077902752528	-5.21814933033185	-17.7993417072643
MI28	-1.2040811861445	-3.84559605504723	-3.0367648693504	-3.95300396545179	-5.75556660001369	-6.51901514483332	-4.13636346574853	-4.5811220902349	-3.27370654166128	-8.07474270312467	-9.18132401426263	-8.52443974375549	-11.0475077107507	-9.17355503996407	-19.9986317453378	-21.2533131417301	-22.2533131417301	-6.40547023541903	-19.2729896484762	-4.14897178205448	-17.7993417072643
MI29	-1.56264622550642	-5.47117870691108	-1.78700968741111	-3.4457047524262	-6.52855897424062	-5.96394217559975	-4.91826436390587	-4.31024248869602	-4.58198601572188	-6.37769598254316	-6.69764243322165	-6.72349998152958	-14.8020955850257	-7.3702497980603	-16.972020586468	-13.5125889678307	-11.2577750688019	-8.35915208917697	-8.05614120763224	-4.04008273447953	-17.7993417072643
MI31	-1.21655126343467	-3.2151596231298	-2.57697873089378	-3.44625524231982	-7.78867306977191	-6.72182358860052	-4.06760837904154	-5.52466845876309	-4.99605511801651	-7.65262607824149	-8.96005460343374	-5.93385814009948	-14.9340593949008	-8.14243134592231	-19.9986317453378	-21.2533131417301	-22.2533131417301	-8.88810476155472	-13.0975581271837	-4.41582777174783	-17.7993417072643
MI17	-1.69212599567019	-5.1475766183448	-4.58805298787177	-3.3332806079642	-3.93546501005242	-5.58763116777007	-3.32002325358414	-5.09068224248036	-4.37289082338052	-5.82984114028921	-17.9085020822958	-8.90422685589091	-18.8628613085084	-16.3276929772403	-19.9986317453378	-21.2533131417301	-9.01178866998074	-13.7427304765192	-19.2729896484762	-2.08352738259294	-17.7993417072643
MI21	-1.5957735663159	-5.40098900712209	-1.59421866416158	-3.34205225318767	-5.47261161260591	-6.75310750514381	-5.37972144074745	-6.18797839544611	-4.8999587096282	-7.50037088342955	-5.80074766123024	-5.68860676338003	-9.85354654466194	-7.37834295138958	-12.2907554249394	-17.1109343873546	-18.1109343873546	-5.82755659806903	-7.89176586689243	-4.61951967642912	-17.7993417072643
MI20	-1.51515455010206	-3.21659882618494	-2.61912847870645	-3.77563390614287	-7.50827297150539	-5.19225096802599	-3.67926582172596	-4.50961314349297	-4.97582750448379	-8.49626711824523	-7.95536666298513	-5.98908573843447	-10.7481854918849	-6.42372857068675	-19.9986317453378	-21.2533131417301	-22.2533131417301	-8.62687919566272	-4.69556977625734	-4.49626711824523	-17.7993417072643
MI24	-1.55253324267518	-2.18729943277034	-2.54954575430872	-3.97549631132986	-3.53395416678851	-7.47016653743661	-6.5853346855092	-5.82217755359353	-5.39921953847492	-9.41463459086161	-7.58301065404086	-8.78819545416429	-14.0361229676079	-6.08551099457004	-11.1366498435618	-9.20518122523266	-22.2533131417301	-7.04540078119589	-8.55914314775974	-5.30454283893648	-17.7993417072643
MI23	-1.40302950188999	-4.28213457217152	-2.06470615015026	-3.96799122242806	-7.2285128185933	-8.08585203593739	-8.53139515779012	-4.46616349836912	-4.12809869462916	-7.34690301469694	-9.16096296063244	-6.99627460755627	-9.97946857047799	-10.4750715510605	-19.9986317453378	-9.14536610558142	-16.2694874174106	-4.08028058281358	-5.42399736646623	-4.30921391921638	-17.7993417072643
MI26	-1.4796640271888	-4.48486651001904	-2.48037462813557	-3.5276309565081	-5.69480700201898	-4.35577172388403	-6.33556527417225	-4.10910132289587	-4.40691473818029	-7.72011644592554	-8.05020020399126	-7.90467857379847	-16.0322430735171	-7.99790261882261	-19.9986317453378	-4.0987368238877	-22.2533131417301	-8.3919981372948	-4.93267609181981	-4.85555046484227	-17.7993417072643
MI19	-1.75837369787187	-2.06281934973751	-2.84963255932209	-4.13926002391945	-3.87907053782485	-6.68550713073567	-4.28520452526433	-5.92022441652443	-5.04779035209926	-8.43898957327	-11.2355512152536	-6.22929222478192	-15.7591131713106	-11.8331137527544	-19.9986317453378	-9.05313526962809	-13.3806015480569	-4.85583382925447	-18.081041266198	-4.62789926622434	-17.7993417072643
MI18	-1.62033683082304	-3.50685015355858	-1.84510678313904	-3.23730947186055	-6.3570612104985	-6.46780076608287	-4.07962724583975	-6.55580363917216	-5.22956093907752	-7.23074616976891	-6.66022807325716	-6.3985976560637	-9.14780501125225	-8.44411231531607	-19.9986317453378	-14.0320773041987	-22.2533131417301	-7.46983487997768	-9.30053198581679	-4.56821239155601	-17.7993417072643
MI15	-0.722722325677592	-6.60332665801069	-6.59758548260989	-8.13947039185792	-2.92823821955489	-12.7130627000298	-10.4640351521899	-2.0827560008636	-10.5831824174829	-12.5361849379457	-15.4996590619206	-13.4640351521899	-13.7341243155577	-17.2366246560868	-19.9986317453378	-21.2533131417301	-22.2533131417301	-12.9389441074462	-11.298025200751	-14.0142322347504	-17.7993417072643
MI25	-1.92907954730725	-4.06805841266647	-1.32303237347935	-4.02199222692517	-5.88047932074554	-8.74762732764541	-6.10098910993278	-3.96235873865836	-5.77697587417957	-9.1180219008292	-7.24569412138582	-6.80442508053379	-10.1744946699125	-7.40802857896776	-19.9986317453378	-10.1235707347498	-22.2533131417301	-5.98376311525467	-4.66338119907861	-5.64194626357434	-17.7993417072643
MI22	-1.35020542070307	-5.52620248215724	-2.39583086063795	-3.72292146760755	-3.96561376818653	-6.08403973769347	-4.44589597068695	-4.82741504614474	-4.61951635220179	-8.68978883902886	-8.70359463855389	-4.47192508416667	-15.8894611838652	-7.42185563378223	-17.2113892787526	-9.83201091168133	-22.2533131417301	-5.77103915955203	-5.83934045347982	-5.20173558651848	-17.7993417072643
MI14	-3.26147578490411	-5.88726419105943	-0.393902718418744	-4.95419457893362	-6.36647343584564	-7.56266034238158	-7.21508000699828	-7.40361483987876	-5.42064559975074	-8.08197994589494	-7.47092915053306	-7.31272424737099	-12.3464225461215	-7.34417009439016	-19.9986317453378	-20.2533131417301	-21.2533131417301	-10.1029311729122	-15.1035660222254	-6.76340247859214	-17.7993417072643
MI16	-2.47170324122114	-5.30871891374913	-1.11754840730942	-3.77348072860898	-5.97336741591643	-7.98964676090961	-6.37793940495593	-3.10666483993808	-5.60243251439267	-6.96241127651375	-8.48168732979376	-7.50079615274146	-5.02008422766225	-8.4559055683337	-19.9986317453378	-9.72128997858641	-12.826290862649	-8.33602576322254	-6.79515949926662	-5.13204504581601	-17.7993417072643
MI1	-1.51375944952648	-4.79397797137156	-2.78886678774992	-3.72556260441719	-3.81854326982388	-4.68664130737223	-4.03080022531161	-4.39992041099693	-4.15088105093354	-7.21194981901273	-7.5211031263827	-6.49716846614677	-9.61528556543941	-5.41390063793285	-19.9986317453378	-9.57974144858174	-22.2533131417301	-6.86853895048061	-19.2729896484762	-4.03373482206878	-17.7993417072643
MI2	-1.35876732479737	-4.95716794161974	-3.33414264636147	-3.21562807526905	-5.16515681366012	-3.91565973371547	-3.24582186614953	-4.71838108203262	-4.76130962465125	-6.97166751131486	-6.09472995419206	-7.48292485294218	-9.10139368447307	-8.0800073598392	-19.9986317453378	-14.7230146557731	-14.6405524955811	-6.87200055835706	-7.56433072238755	-4.34874227541855	-17.7993417072643
MI3	-1.50145009936254	-5.23719636615492	-2.28965209905578	-3.81372289220062	-5.41602362366631	-4.88652588628154	-3.24975453779455	-5.18315768655314	-4.25673440107424	-8.18635268874045	-7.31365701301552	-4.75782275059154	-10.5009882910615	-8.17301115150129	-19.9986317453378	-14.6953663362283	-17.3958060543694	-8.01534498928042	-5.21527524702491	-5.58764628150102	-17.7993417072643
MI4	-1.69450865516385	-5.07132042633111	-4.20999328758587	-4.13471940812027	-7.62479370886797	-3.11636263234946	-1.63726066630168	-5.6642933389749	-4.27967472988985	-7.60561229566435	-9.35396465013236	-7.84328353960046	-14.9550211269738	-10.9412153274488	-19.9986317453378	-13.446007479486	-11.3335327502275	-8.64703222304433	-11.887276520338	-5.47446392553519	-17.7993417072643
MI5	-1.05599430780279	-4.21818822353608	-2.59301306496131	-3.80404706827648	-5.54913448115077	-6.69360219106519	-4.51070117811711	-5.62921614229187	-4.93249525521556	-6.75535796559371	-6.37553515889893	-6.72966730943379	-10.4980191654239	-5.06201930382776	-19.9986317453378	-16.801799913601	-13.4094824908223	-7.26847018129519	-8.45086073205459	-5.09077829680919	-17.7993417072643
MI6	-1.06350457992662	-4.84984997087678	-5.6279636103608	-3.66089899809425	-5.09539979480744	-3.58438262702361	-2.50357201457367	-5.04880537070432	-6.39464608553601	-6.46976507043236	-9.24275781520701	-7.37752529472656	-11.5000164825366	-7.33559165947142	-19.9986317453378	-6.20049480069756	-16.3679129465293	-8.59708390049681	-7.33834963209664	-6.85063725331972	-17.7993417072643
MI7	-2.03016904570316	-7.27040427124033	-0.984510983307305	-5.63269072501257	-6.63976461816071	-4.95982680546425	-3.39290158398463	-4.56630352627653	-6.19908085782527	-8.96955977764785	-11.5319444303938	-6.56680547042962	-17.8628613085084	-18.8628613085084	-19.9986317453378	-21.2533131417301	-22.2533131417301	-7.42927586735791	-19.2729896484762	-6.47081226914422	-17.7993417072643
MI8	-1.36708022517005	-3.24078801944397	-3.09645352662233	-3.56708669451591	-6.45139749118694	-3.59967306380132	-3.79829418068795	-6.00549546568109	-4.34173285697799	-6.86753266615075	-6.62852248282401	-7.99041603462733	-8.05079608525214	-8.42559467192028	-19.9986317453378	-15.8791592835256	-15.3645861106958	-7.13096643393612	-8.76021821080208	-4.80348913714302	-17.7993417072643
MI9	-1.57979911349561	-5.10684804211946	-1.14527345106006	-4.65398907740565	-7.23583448283954	-5.20441897535471	-5.14045643476228	-7.44644298578062	-5.25484920500702	-7.84761520644552	-5.54793597376486	-8.68688343033281	-14.0444354349509	-9.88749607510307	-18.9986317453378	-21.2533131417301	-15.4136692446166	-7.43591231828845	-8.70861289840515	-6.24876231794093	-17.7993417072643
MI10	-1.33636009903612	-2.0112727209997	-4.89161894523896	-3.14557381271129	-4.33717518490436	-18.2820069758813	-8.20480635006565	-4.1151618465474	-4.50884242157716	-9.2540498690855	-17.9085020822958	-12.008937371249	-18.8628613085084	-8.22430252569144	-19.9986317453378	-21.2533131417301	-11.9865695582205	-12.3084976531079	-19.2729896484762	-4.34883002646149	-17.7993417072643
MI11	-2.10217157101058	-4.73397643658178	-1.2191331214348	-3.39694144930421	-5.48167002905997	-5.91686355231791	-4.32150069300573	-5.93276922743412	-4.85023000225771	-8.10228628456695	-6.43642603699589	-8.10155227537234	-9.13120789386946	-7.71617039459062	-19.9986317453378	-21.2533131417301	-9.97920480042441	-6.98528500393021	-7.98055374399243	-5.23695675993956	-11.5587841044487
MI12	-2.50607660591639	-4.09961087876584	-1.31193801692039	-4.44897588149121	-2.29965710085576	-5.83300759561845	-6.67954289749864	-5.06726677364307	-6.18860922135238	-7.96616111363009	-9.40749759148088	-5.80121926279174	-8.77084561374822	-11.1414418336718	-19.9986317453378	-13.5828770230153	-15.4573461409314	-9.48388792838393	-7.5844148043379	-6.60429655400146	-17.7993417072643
MI13	-1.33324364424299	-4.27216336941188	-2.75522062414031	-4.07777071686918	-4.13397522858639	-5.15710008911379	-4.10081349294199	-6.73565670218617	-6.13074461212077	-7.25153489097184	-2.92637903376794	-7.27456585962718	-9.03943745036327	-9.27125312558635	-19.9986317453378	-12.1914405438083	-11.580005831726	-6.85753980725488	-9.55401062319303	-5.79769258542312	-10.7991231210296
CON1	-1.49492315808114	-6.01701204860736	-2.55378586631189	-3.58697074227242	-4.2528777331131	-4.61180849209523	-3.46101535083111	-4.89159557381721	-5.61862047765428	-7.72548226853344	-5.53171597337058	-6.91428679541766	-8.98831728316508	-4.4211084755467	-19.9986317453378	-9.08478012266637	-14.639368974344	-5.69978976002931	-8.85582501355747	-4.98966370887259	-17.7993417072643
CON2	-2.09119483932468	-5.62990767508157	-2.54913650064278	-3.78091075932121	-3.27453991772536	-4.23520176977486	-2.18068097049405	-5.37316191484239	-5.37361868072902	-5.74515755680811	-8.18463294537222	-7.47877788374605	-18.8628613085084	-8.42476694909594	-15.4134516358681	-10.5554706407405	-22.2533131417301	-9.16552412242452	-6.19509021754777	-5.07917835056091	-17.7993417072643
CON3	-1.42041227013828	-5.9174713891875	-2.44439560460014	-3.54054809421368	-6.13797670097968	-4.25581319127354	-3.10288952242287	-5.07734904856109	-4.14065083527801	-7.49812411809754	-7.43806899462657	-7.72199657178107	-10.6512034481019	-7.53159124636409	-19.9986317453378	-8.89498737503612	-22.2533131417301	-9.22010609792698	-7.32640717127407	-4.68536174388436	-17.7993417072643
CON4	-1.66932517965665	-4.04275565385564	-1.97334153555987	-3.3406419366666	-6.42397536775107	-4.03928746157276	-3.58905031742296	-5.21586717242087	-5.64995259519233	-7.67709430471978	-6.94805562632521	-7.76697339171041	-9.53518759368208	-9.50936685898172	-19.9986317453378	-11.900085727535	-22.2533131417301	-8.29844448566721	-6.50139174170858	-4.86180473190316	-17.7993417072643
CON5	-2.14126385834457	-6.05357326452355	-1.31746970446987	-4.24516113253248	-5.27951741213236	-5.51739272886504	-4.60893951510392	-5.23699391819563	-3.03247309127276	-9.19645410395015	-9.67413654021799	-6.30572909527609	-8.42276851646631	-6.48162485370844	-17.0750159765002	-17.0750159765002	-6.97961895370762	-6.58116052725935	-11.7530878816128	-5.74727622457341	-14.6599784772213
CON6	-2.02691463706752	-3.53753983963525	-1.14645375815479	-2.82521432309046	-7.47036770615584	-11.5945228146478	-9.88901465200316	-5.73816849129123	-5.75503082103664	-11.3520647702572	-14.097023155177	-5.92969793955497	-18.8628613085084	-18.8519106573404	-19.9986317453378	-21.2533131417301	-9.44251972120272	-10.6424572917115	-19.2729896484762	-6.32296824227553	-17.7993417072643
CON7	-1.27392054394173	-4.06576479025349	-2.81167389258601	-5.25292750126135	-3.28565180712661	-7.21017229675692	-5.57390426407277	-3.67203108050038	-8.41981044561262	-5.87529458783535	-10.9314562686909	-13.5559471335987	-18.8628613085084	-10.2340190387113	-19.9986317453378	-3.09072086672337	-7.85550741545756	-14.5559471335987	-9.97098463287749	-7.57866721009873	-17.7993417072643
CON8	-1.14104105447383	-5.92527769858923	-3.24676625266082	-3.29800138135645	-4.08940178633959	-5.03245343434228	-4.49131520068284	-5.6229684183857	-3.9579478647412	-7.00507594053135	-9.28094225312935	-5.53606490338668	-11.5275370227914	-6.55065890824575	-19.9986317453378	-13.6599873188151	-22.2533131417301	-8.99410482271035	-8.17431279741452	-4.52496871871957	-6.17865359814735
CON9	-1.83727830813246	-7.47695536596098	-4.00914774359796	-5.6794278137379	-0.854918677420897	-10.2665355862906	-9.92008517226918	-8.78848828948597	-9.96955384853348	-8.09203785505848	-12.2258936017933	-8.64427454414648	-15.8108561025144	-11.055968600351	-19.9986317453378	-5.22934165241877	-15.0738905083482	-14.3958186032356	-9.47695536596098	-4.64657766421325	-17.7993417072643
CON10	-1.56142333600028	-4.72750588500072	-1.82218003470925	-3.72285892150068	-5.75361957544897	-3.85227532987849	-3.67369262554798	-6.02914426606142	-5.33498456714977	-6.54696649471334	-8.38403111346722	-7.42269563230138	-6.91259069361404	-7.84640041391957	-19.9986317453378	-11.380513773145	-22.2533131417301	-8.02983284854568	-9.41128612193979	-5.58491682196354	-15.8399453917823
CON11	-1.39593363233445	-5.27848538963019	-3.59052889558571	-3.55631084814643	-7.30880992648699	-3.8579041792533	-2.28089188733729	-4.59393592044635	-4.617587188511	-5.99160424184203	-9.12879245687234	-7.10335471589321	-8.58891784567973	-7.69275365666427	-19.9986317453378	-10.1911583378327	-22.2533131417301	-7.27234298528657	-6.31353233672939	-6.51861939335391	-15.5661977691796
CON12	-1.98004822721335	-6.33684854027523	-4.66484971568774	-2.70639389514765	-0.986342408752986	-11.6880709419566	-10.4343143497108	-10.019276850432	-8.90201079826226	-11.5140415421816	-13.3885106600977	-12.2185856586554	-18.8628613085084	-14.6515450659315	-13.5140415421816	-5.2131690355325	-22.2533131417301	-15.9734731608189	-8.41123073659781	-8.967848611625	-17.7993417072643
CON13	-1.28440636965994	-4.43999109829729	-2.8530689519727	-3.11321461181937	-6.20595148119998	-5.43100697975158	-3.88121650299645	-5.0228897914684	-4.52878447089795	-7.15616237023924	-6.03929387182341	-6.64257655575136	-9.44877962541972	-7.89367641339167	-10.1316955027637	-14.6106673077966	-22.2533131417301	-7.57834602073873	-4.87223722004183	-4.93965706651816	-17.7993417072643
CON14	-2.85751978422821	-4.34546474095674	-5.24301811287168	-6.16198776115731	-4.18356196383341	-3.77836057378076	-0.798453843363692	-4.86661481854789	-6.86912603770394	-8.04328433585218	-16.9085020822958	-10.1942565646297	-18.8628613085084	-9.1988438341253	-19.9986317453378	-12.264645892521	-13.6861096609593	-12.5865739874084	-15.3235395815746	-5.64856270699715	-17.7993417072643
CON15	-1.18807812540442	-5.09629545133502	-3.37572314951442	-3.25033714978714	-4.75400009422366	-5.28175561552518	-4.29189015669471	-4.27801405781656	-4.2483462916332	-5.96442827770076	-5.00029731999944	-6.04176278791973	-13.0368060144359	-8.48746742344551	-19.9986317453378	-10.1182336137798	-22.2533131417301	-5.79723659026446	-10.4518435137148	-5.18262178722658	-17.7993417072643
CON16	-1.92830903239755	-3.45721531460838	-1.5456096751322	-3.40410643217716	-4.67333434363337	-5.72144788081483	-5.9737976298379	-4.84509416500503	-4.65817717451883	-7.906619860928	-7.33626780997104	-7.50387210176899	-13.6150919260587	-7.19479209075402	-11.896862894474	-14.2473601415582	-22.2533131417301	-10.8550427187794	-10.1098566178082	-4.78710904261433	-17.7993417072643
CON17	-1.44789238901469	-3.63644873058283	-2.29594959504263	-3.58939721800746	-7.20845908666237	-8.63663198813035	-5.60796222106491	-4.07880252419918	-4.56949280123548	-8.05166948740919	-7.26399693121329	-5.26116867106247	-9.4142395667939	-11.9352903036949	-19.9986317453378	-11.2215944888515	-22.2533131417301	-4.05607466652919	-6.83683705738559	-5.1639328947043	-17.7993417072643
CON18	-1.60535908196093	-5.19823819627318	-1.53914861632417	-3.88354237046491	-4.45801736588575	-7.05301953858347	-6.18396426116973	-5.78173910554054	-4.59248928170989	-8.71985169259234	-7.90384011870477	-8.07637941953809	-8.52980804895376	-4.81157558101049	-10.1881071616166	-9.0835646818371	-16.5368353158477	-7.26303971663346	-6.77403805334949	-4.68528145741795	-14.0132733597907
CON19	-1.95504182090493	-5.19607385820444	-3.51875790779016	-3.85601531009028	-4.52723387706112	-9.09463079001817	-6.70788069407457	-5.1373580052116	-5.8341954866725	-5.74460162114316	-8.15280640430027	-4.58404113110691	-13.9341661178249	-7.68623860438134	-19.9986317453378	-1.49455391511886	-9.63906181101327	-6.63761210895772	-10.7812141949863	-5.48904233587151	-17.7993417072643
CON20	-1.72206253748294	-4.90046463009352	-1.37267706784326	-4.12435418792751	-6.85698386791692	-5.16708113990503	-4.08424628072714	-5.13607861716203	-3.76761225828318	-7.74600144304418	-10.6327447122538	-13.3903465991143	-18.8628613085084	-15.0250621350326	-19.9986317453378	-21.2533131417301	-17.2729896484762	-9.3422523109133	-18.2729896484762	-5.99730160809136	-17.7993417072643
CON21	-1.28768450181931	-5.31340984026287	-3.3284422332044	-3.30147304947596	-4.84102285810618	-5.77996518692699	-3.82149078902884	-4.18442039545833	-3.88717163355583	-7.83298188216279	-6.46214418679448	-6.03500854499777	-6.04976673443971	-6.09968660263701	-19.9986317453378	-7.61921826978695	-22.2533131417301	-6.76583793295983	-12.5813383861159	-4.54737826802683	-17.7993417072643
CON22	-0.990511088938538	-5.47952093611532	-3.18371234724837	-3.54437770762698	-5.97635054853043	-4.59453833513836	-4.02748810262948	-4.28605273856766	-5.0595961033307	-8.441571581888	-5.10377816529732	-7.70321944745083	-14.7634996767754	-9.94430314207325	-19.9986317453378	-6.66952352856635	-17.4639393949165	-9.0673346137346	-7.26304078987801	-5.46288312028168	-17.7993417072643
CON23	-1.13443107158407	-5.43367826939577	-2.92797585221995	-3.49089665271903	-5.10564037163144	-7.70149699229914	-5.36314393207045	-3.68175605470271	-3.82881840687749	-3.99743978598197	-14.8691081279032	-7.88304731886108	-10.0342724694235	-7.82051646400409	-19.9986317453378	-7.6922637125211	-22.2533131417301	-10.6270333407051	-12.8146603438808	-5.90443403570905	-17.7993417072643
CON24	-1.67717907291166	-4.01526330169215	-1.74650664997188	-3.54413784649885	-5.72771241587227	-7.93219952860787	-4.03750675512378	-5.17602726517557	-4.60285396215803	-7.79402011117451	-5.67128403546808	-7.56344557759979	-8.24671015193275	-7.09887469270293	-9.83630410138555	-12.1397949480162	-22.2533131417301	-7.8305171099082	-6.2245320548676	-5.06094523707061	-17.7993417072643
CON25	-1.38285543797261	-2.64777792881561	-4.96013183554658	-5.71493089043808	-8.70033580377933	-6.04207082348267	-2.52005411690259	-2.72087046523063	-6.27923230380113	-5.89761977652525	-13.1760692347457	-8.04850473502706	-18.8628613085084	-19.8628613085084	-19.9986317453378	-21.2533131417301	-22.2533131417301	-9.88451478890189	-19.2729896484762	-5.17818410691662	-17.7993417072643
CON26	-0.809784187393096	-4.73909602991212	-4.11945829368133	-4.94257447988448	-5.22672454038007	-17.2820069758813	-5.56176271759369	-5.33985905548641	-5.24531820708559	-6.4326018749335	-8.62737094735329	-7.08540484935809	-15.1120819744389	-18.2820069758813	-19.9986317453378	-21.2533131417301	-11.9782262277042	-15.2820069758813	-19.2729896484762	-2.46334990961319	-17.7993417072643
CON27	-1.39979074853103	-4.76463217517922	-3.09788996893406	-2.71767519788566	-6.43069620828491	-4.97857429538641	-4.17906081391267	-4.06087026801139	-4.96241931356333	-9.19333494489479	-4.26571857801574	-7.40673858300399	-7.81608497020497	-8.81482332164106	-19.9986317453378	-13.5823772356407	-15.9746946584195	-7.46491965409251	-5.97047419210126	-4.80884551224305	-9.61714265380137
CON28	-1.55044162936986	-4.79350976784758	-2.46823653405783	-2.64805321554524	-7.96837704925557	-7.78182072847179	-7.3728765163014	-5.20369636233336	-5.27820418282628	-5.68060526186818	-9.69659289160476	-7.26156391713845	-10.0241236927215	-2.85131680523449	-15.3293085237743	-7.97989969246481	-22.2533131417301	-6.49447286529457	-6.8657841505031	-5.3561079057711	-17.7993417072643
CON29	-1.54120692072148	-4.81042047499122	-2.0788367659757	-3.46761682364813	-5.57666857814273	-4.8197680498524	-4.61533309697689	-4.94360537460545	-3.88725719082146	-6.47252302726857	-7.86839422456462	-7.13315399840261	-11.566919284109	-5.17253051131052	-19.9986317453378	-7.77924184682784	-22.2533131417301	-6.48385267289597	-13.3805061598781	-5.06432749775585	-17.7993417072643
CON30	-1.20719860011124	-2.42696973381208	-3.25365321170404	-3.81487874350296	-6.54519886040851	-4.98947311582333	-4.48582090875638	-5.36549549882143	-5.70509903845524	-6.30049250073253	-6.47038634548292	-7.12470804549699	-11.0850961895981	-8.53959844357347	-19.9986317453378	-7.95542065597522	-12.8220617837643	-5.97936224634159	-10.1269163652928	-5.67360537786924	-16.7993417072643
CON31	-1.24822902389022	-5.47275034916958	-2.02854320234398	-3.02335224859652	-5.38961046962709	-8.86109072218958	-6.3661256938903	-4.22877957508743	-5.34224282863329	-6.83820429284517	-9.75671279476401	-7.06825841588968	-11.9432397635435	-8.4594239862792	-17.5282022642646	-13.3187488986357	-15.9432397635435	-11.8699907815128	-14.4407394230143	-4.28109064994304	-17.7993417072643
CON32	-1.42030310453066	-1.9416522986495	-3.86277450037279	-3.61497691103988	-5.37200393733298	-5.06658672670443	-5.03009315789883	-5.35044711728808	-5.04058921054063	-4.99696065789113	-7.0053584955718	-7.01330724868729	-11.8837965156909	-7.99351688292728	-19.9986317453378	-13.1208357129917	-14.606262540162	-6.92960020530401	-15.9281906350493	-5.89476763351189	-17.7993417072643
CON33	-1.66075075558179	-4.99047845320029	-2.42736359735509	-3.26730499682894	-5.62611115271793	-2.69566334233304	-5.28936411894404	-4.3890137899697	-4.6984356726325	-6.95931224180277	-8.84722447561002	-7.27725582259949	-13.9168980034168	-8.60704274083004	-19.9986317453378	-11.6438795090104	-22.2533131417301	-4.78493389474895	-11.7603935177368	-5.64894091901399	-17.7993417072643
CON34	-1.23195856013699	-4.23256816222634	-3.28268536200517	-3.20758354797831	-4.90933989412855	-6.28120075132887	-4.86908444004851	-3.71535762539537	-3.93432358599348	-6.66002896335739	-8.84885699714141	-6.24679338514181	-9.9943585246445	-8.55679354269608	-19.9986317453378	-10.2678095464236	-13.0258367561177	-9.58973764131099	-9.85120475199783	-4.1586488805265	-17.7993417072643
CON35	-1.6281568331939	-5.27188172155246	-2.34887683525787	-2.88331223468217	-5.98588162104147	-4.87991808299931	-4.93042661015788	-3.8757112054687	-4.34423750170444	-6.00384603688478	-5.75175646524687	-5.6126767996349	-10.7450261196277	-8.60091030453495	-19.9986317453378	-10.3987481633245	-22.2533131417301	-6.28594335724665	-19.2729896484762	-4.39281830421276	-17.7993417072643
CON36	-1.37148635580937	-3.564578185386	-2.00805377537646	-3.91059631184949	-6.5664858815858	-7.103111582935	-4.98566539685722	-4.20427377624227	-4.9194071544789	-8.5098656429549	-7.32816015758852	-7.47003966246172	-7.07500401930109	-9.62840525813031	-9.73593372243475	-14.221360549605	-16.1282511452135	-8.17696643024654	-7.72523912163851	-4.49015467556974	-17.7993417072643
CON37	-1.73891012974746	-4.94540948754712	-1.83948155899471	-3.74803228109794	-5.3563319636057	-6.34793096640545	-3.6259560523301	-4.60882475259964	-4.43000544864249	-9.53193115305949	-7.88428600461	-6.74359947892712	-13.0344314935887	-5.63388686701811	-19.9986317453378	-8.13510419205662	-22.2533131417301	-5.90171757124343	-8.0459695652576	-4.33596513406413	-11.7879935982856
CON38	-2.79730078318554	-5.73174710131462	-0.870815164916718	-4.87032021244153	-6.22325194261613	-5.13259869435015	-4.67134049057948	-5.40847180699513	-3.30332598643436	-9.38463864967587	-6.11855091986452	-8.04746782180304	-9.14764885212646	-12.231657789307	-19.9986317453378	-6.295355010032	-18.1741722946462	-8.19117871995192	-8.44540144510357	-6.69439203061713	-17.7993417072643
CON39	-1.91370873559332	-4.99756335131474	-3.31830783477275	-3.42492962605369	-6.11673406861916	-3.60453785733606	-2.62330063858064	-5.02292771589309	-4.13395182023069	-8.06795267920614	-3.33661265095305	-7.53652298227001	-7.01466215935929	-7.36591212626717	-19.9986317453378	-21.2533131417301	-13.9897936162806	-6.72183653187779	-15.4048311155595	-4.97298532859408	-17.7993417072643
CON40	-1.51514266475272	-4.76434466327457	-2.60009279710356	-3.07325282424985	-5.05215059060988	-6.82200901654361	-4.36759198425801	-4.24966011122442	-5.24888069735302	-4.99467173537003	-8.64597865245211	-5.44202677872946	-7.61551949770159	-7.85899569640414	-5.94159778821997	-9.95361241201996	-17.1033595315246	-6.58274085096837	-5.16396397134309	-4.59308986062647	-17.7993417072643
CON41	-1.31155344928961	-5.70879488315055	-2.08287801612976	-3.43992960033782	-7.07455599216823	-6.6773936519668	-6.019744645358	-5.13408776061137	-4.48881454048549	-7.43305791226447	-9.57596591907467	-7.80111842359636	-14.4181508252954	-3.65205786842403	-9.4517592179382	-10.6773936519668	-16.666078338739	-8.23771816603467	-10.1153315533557	-4.41881834479771	-17.7993417072643
CON42	-0.856864517246077	-5.02235206041703	-2.61460701767153	-3.62655536127975	-5.73704027555358	-9.73386972089439	-6.11794374668871	-4.69083113582798	-4.78680641314708	-7.95316050488171	-6.13555570547944	-7.0967059654443	-8.42752552122548	-8.87959375144929	-17.652732958169	-8.91971763648302	-16.652732958169	-8.17598675422951	-7.82856974842482	-5.43962873852707	-17.7993417072643
CON43	-1.32548967181182	-5.19506203731372	-2.75589604052675	-3.51200472226893	-5.84548053978772	-6.95568081922054	-5.9943677037114	-3.72672571011164	-4.59324192374507	-8.7984924088228	-9.04747904017097	-4.01656815017613	-13.2721099337034	-9.90692864086217	-4.14787621429765	-12.3362402711231	-22.2533131417301	-8.48052232750413	-8.43153723475237	-4.30682754330309	-17.7993417072643
CON44	-0.913277123253796	-4.99220885804537	-3.22503778442846	-3.48703680878372	-4.67870834976226	-13.5442816499934	-7.72542403864678	-5.14974503735865	-4.28275407693979	-6.27072717644459	-9.13782004489434	-7.28852047907175	-6.90940802494619	-7.99075165710887	-4.40790920826208	-10.5693726309562	-17.4022626451209	-8.40367221537561	-7.4271311881996	-5.15004073218258	-17.7993417072643
CON45	-1.01366421644383	-4.68042467351688	-3.45712090661056	-3.67973760575642	-8.71128510654113	-7.45132980788834	-6.48146110577644	-3.05448842822249	-3.81163414439515	-8.37371529255089	-5.82540892789204	-8.24850193991497	-11.9235495698684	-11.665481416928	-19.9986317453378	-21.2533131417301	-22.2533131417301	-11.5347777252834	-19.2729896484762	-4.03719301770754	-17.7993417072643
CON46	-1.2026087979997	-5.11280592224455	-2.65808414318654	-2.74791676979837	-5.03203350989366	-7.24627268801101	-5.87034172289351	-4.81091001591803	-5.24714583155935	-6.83001367486588	-8.1360692320684	-5.97986709042642	-6.66831017696104	-8.79741777958991	-19.9986317453378	-8.83053705417178	-12.2588972268761	-6.23479644662316	-5.97609836819254	-4.59834415873883	-17.7993417072643
CON47	-2.23938117174273	-1.81384686593813	-3.57434997219835	-4.74313947402136	-6.21926748351236	-6.74140581263802	-5.16287473769309	-1.90136664081925	-6.16094229773695	-8.46954286097731	-6.26724362678036	-8.34146304706276	-9.65582403340485	-7.70303299119709	-19.9986317453378	-12.6129260749671	-9.07570767442854	-7.68440769970925	-9.61011105936008	-5.8718804979573	-17.7993417072643
