feature	Acidaminococcaceae	Actinomycetaceae	Akkermansiaceae	Atopobiaceae	Bacillales_unclassified	Bacteroidaceae	Barnesiellaceae	Bifidobacteriaceae	Christensenellaceae	Clostridiaceae	Clostridiales_Family_XIII_Incertae_Sedis	Clostridiales_unclassified	Coriobacteriaceae	Corynebacteriaceae	Desulfovibrionaceae	Eggerthellaceae	Enterobacteriaceae	Enterococcaceae	Erysipelotrichaceae	Eubacteriaceae	Firmicutes_unclassified	Lachnospiraceae	Lactobacillaceae	Leuconostocaceae	Micrococcaceae	Odoribacteraceae	Oscillospiraceae	Oxalobacteraceae	Pasteurellaceae	Peptoniphilaceae	Peptostreptococcaceae	Prevotellaceae	Proteobacteria_unclassified	Rikenellaceae	Ruminococcaceae	Selenomonadaceae	Siphoviridae	Streptococcaceae	Sutterellaceae	Synergistaceae	Tannerellaceae	Veillonellaceae
CON1	0.00152358409951904	0.000152407916003506	0.00233969136017912	0	0	0.100523558321011	0.00705503669087974	0.232506762615053	0	0.000798391166479623	5.94072619224806e-06	0	0.0217882498164475	0	8.94291460725915e-05	0.00603736907726837	0.0634560436298248	0.000198236375200849	0.00718435356995741	0.0249714182115296	0.000976117891731046	0.279766371041279	0.0378821014088328	0.0128967154184582	0	0.0033738727781463	0.00310392335105332	9.60063786425802e-05	0	0	0	8.95352304688813e-05	0	0.0298864143760482	0.149451874300882	0	0.000230698200465633	0.0040540859271587	0	0.000148801046529641	0.0086563099299486	0.000756699998737596
CON2	4.93483524091555e-05	0	0	0	0	0.0588092107505021	0.00310267809526026	0.695251691142064	1.28825172604953e-05	0.0115704398035984	0	2.25097747831235e-05	0.1012415214336	0	0.000282134054089396	0.000405487619900911	0.00776670343032345	0.0013212891493466	0.00231116515304014	0.00791796911686603	0.00264101992966976	0.0462202902140244	0.0342795473000322	0	0	0.00121331149123309	0.000294739527967945	0	0	0	0	3.22755539967248e-05	0	0.00604044611741709	0.00392431950526701	0	0	0.00306475778235638	0	0.000151681251615509	0.00559734985841696	0.00647523107495881
CON3	7.71206251480757e-05	0	0.00178347762875202	0	4.17441915939125e-05	0.135952847054942	0.00461760164222121	0.195313896105681	0	0.000872989304592306	0	0.000367476915024055	0.0229544537514788	0	0.00150339735052749	0.0160908191888245	0.000735829817926595	0	0.0455439911678859	0.0394175677886589	0.00124602537346059	0.184947186016969	0	0	0	0.00122008265552087	0	0.000768847822577147	0	0	0	0	0.00786387795251715	0.0413359475506975	0.230394852210063	0	0.000129780973381558	0.00166033394814206	0.000250667300612356	0	0.0378114440134585	0.0270977416493423
CON4	0.00438215708052243	7.13772793271993e-05	0	0	4.09909518421916e-05	0.159210624392465	0	0.146955825315597	0	0.0103939934048073	5.20034463669595e-05	0.000412254771885524	0.0461553019365981	0	0.00107453395650003	0.0326781159674814	0.0232097499188254	0.00080350423014047	0.0497388832181718	0.0129934179611814	0.00390943555629259	0.17218701377415	0.0829546400448903	0.00242315666561651	0.000691951739306248	0.00401976443662405	0	0	2.08013785467837e-05	0	0	0.0173378130620217	0	0.0467389641464108	0.0444040094045345	0	0.00100036956436101	0.112167253144313	0.000197817031278237	0	0.0237358004674668	3.84757524754235e-05
CON5	0.00140827580576181	0.000108896118232758	0.00200020475462466	0	0.000207497510207987	0.102876268148195	0.0148664040193461	0.0511466579578271	0	0.00145825331766255	4.28887557580114e-05	0.000163825072866357	0.113773859274868	0	0.001865554009803	0.0102848589939538	0.00153886565510472	0	0.00270387957293343	0.0218675303122693	0.000855887154981513	0.212682988759228	2.00907460527561e-05	0.000195029848650425	3.66549249792305e-05	0.00206923997776339	0.00704907335708458	0	0	1.34650744821664e-05	0	0.0445049565366632	0.00247575698832022	0.039663941663313	0.231589627561027	0.0548439251817767	0	0.0141412848231584	0.00027411044481553	0.00346757727616932	0.0216300391705428	0.0381726312315779
CON6	0	0.00111017306428906	0	0	0.000100166822955196	0	0	0.192751257222756	0	0.00337150826848531	0.000128501305470699	0	0	9.08695708797964e-05	0	0	0.190928811346691	0.0506489205244697	0.083945885122932	0.000104926130565222	0.0229586785476202	0.0474469764247882	6.69254573998989e-05	0.000459217843581334	0	0	0	0	0	0	0.038288777298088	0	0	0	0.0232085975379327	0	0.000737508210266802	0.24597699232641	0	0	0	0.0976753069744188
CON7	0	8.60573759241165e-05	0	0	1.48515093202376e-05	0.00907274635466655	0	0.81384460411437	0	0	0	0	0.0021302760834549	0	0	0.000386444410325909	0.00128679173219867	0	0.000352062149022893	0.000694562367387551	0	0.0260560575983577	0.135014494801836	5.94060372809507e-05	0	0	0	0	0	0	0	0	0	0	7.29351519356875e-05	4.17062932965571e-06	0.000169096979406449	0.0105576938413571	0.000159094250526381	0	0	3.86546132992486e-05
CON8	0.0058178349789146	3.02679004486294e-05	0.0919557798981559	0	0	0.108456601789419	0.0282309867578111	0.0174120579511121	0	0.00146080410597253	0	0.00165587562698233	0.0437663294180404	0	0.00145686681810929	0.00905136779095337	0.0183497652409689	0.00124878818540843	0.0150592823723369	0.139454201203917	0.00249915831683335	0.324777841168894	0.000783098432512964	1.83154194352334e-05	0	0.00658543034046608	0.00161748707031578	0	0	0	5.47353321701695e-05	0.00128394254133019	0	0.0222923614119494	0.120775777889436	0.000449870292730674	0.00236525537512739	0.00401912720382219	3.71229998533712e-05	0.00027673508981604	0.0287569310767565	0
CON9	0	0.000491689409482107	0	3.54342271385935e-05	0.00011325607782157	0.000534990105281795	0	0.683564695892682	0	0.000763398641762878	9.70666043717265e-05	0	0.00372796866392209	4.08775425067619e-05	0	0.000133554376420288	0.000209128664628665	0	0.000244281946457934	0.000509424082133236	0	0.00337629537297474	0.30253809855442	0	4.55131401106214e-05	0	0	0	0.00113477322252663	0.000873810148327533	6.33882854164135e-05	0	0	0	0.000126179562050511	0	8.53371377074152e-05	0.000706085798660615	0	0	1.09568670636681e-05	0.000573795676132286
CON10	0.00187750965379212	0.000118957822086048	0.000503505503898934	0	2.78807395514175e-05	0.131868153428329	0.00335976679861026	0.0591813099638124	0	0.000342898675816322	0	0	0.029903538836872	0	7.40388528087642e-05	0.00542197774676399	0.000254953873897962	0	0.0303333152739572	0.03647592408646	0.00156710408678634	0.466024083313983	0	0.00901477245495832	0.000394770619648403	0.0016646866752163	8.42617906442842e-05	0	8.88053185711814e-06	0	0.000563087676940294	0.000801726155100761	3.3973197453394e-05	0.0169218534537386	0.178892738113735	0	0	0.0200369581576187	6.40224389699216e-05	0	0.0041833500766927	0
CON11	0.00134153625523776	3.58119969785984e-05	0	0	0	0.308314334014322	0.000285890133774638	0.277709414859569	0	0.000251121531444852	0	0	0.0420272632963314	0	0	0.00616656334815785	6.81572310917874e-05	0	0.000310191131724401	0.0252735090782402	0.00345289581394779	0.223524315167922	4.3654285790641e-05	0	0	0.00457945911363826	0.00017286693278391	0	0	0	0.00251353770898942	0	0	0.00232077896209428	0.0912099251468681	0	0	0.000166202670188269	0	0	0.0102325713209047	0
CON12	0	0.000120502893363544	0	0	0	0.00039962591330521	0	0.885003198116538	0	0.000182922383733446	0	0	0.0024614186541773	0	0	0	6.24194903699027e-05	0	0.000106788756545601	0	0	0.00272255867608563	0.0778050712256133	0	0	0	0	0	0	0	0	0.0179804434392191	0	0	1.76468672289708e-05	0	0	0.0127608026306134	0	7.46210385682198e-06	0.00019603148510354	0.000173107364246096
CON13	0.00506145394499567	0.00024601717391838	0.0109217480495182	0.000338193629088074	8.41274333262306e-05	0.0666072722946032	0.00949521889786394	0.138352683148167	0.000262485674677599	0.00689912309106417	0	1.37069116748502e-05	0.124728383400438	5.96099107235499e-06	0.000316235628075783	0.0122861077688586	0.0453370079980672	4.1491192096844e-05	0.00186242241408082	0.022070013759786	0.00475464813330556	0.338395999683293	0.00110692573201223	0.00036803226236551	0	0.00263152497407726	0.00113632655238605	0	0	0	0.000186306229447841	0.0147340544246568	0.00279944306157309	0.051757062738825	0.119229722754305	0.000175394584773022	3.52944556148477e-05	0.00856617991638378	0.000156400240339077	0.00101316641480637	0.00800581307766676	1.80513627953801e-05
CON14	0	2.64591908846412e-05	0	0	0	0.31662441011076	0	0.391471953443732	0	0.000841856281564491	1.81976713679178e-05	0	0	0	3.43857839344705e-05	0.00497968670978286	0.00163380851956175	0.00185921403178154	0.00166581260417608	0	0	0.0882095091578199	0.0961879041678622	0	0.0001557408071058	0	0	0	0	0	0.00111463528182388	0	0.000135980145559042	0	0.0285408705185443	0	0.000596913392109206	0.039774155361968	0.00821529966429206	0	0.00317387484244501	0.014739332312924
CON15	0.00128380176884024	0	0	0	8.52465986323659e-05	0.149066151193781	0	0.0342739352754862	0	0.0032590815225963	0	0	0.00406712322512564	0	0	0.005205545524702	0	0	0.00242012291985875	0.0180250530948567	0.00122336873412903	0.329506419192277	0	0	2.9215970423299e-05	0.00159457164601409	0	0	0	0	0.00927296891390733	0	0	0.0252254890931879	0.392959904982728	0	2.34127982159314e-05	0.00163059133557707	0.000235728857251003	0	0.0206122673524104	0
CON16	0.00109769039738053	0.000102263112525513	0	0	0.000109192716259211	0.00567081720199342	1.36876826225024e-05	0.224744030043468	0	0.000484248942103366	0	0	0.304339105167234	0	2.51112372924103e-05	0.00915561886575698	0.0199226793443195	0.000897520903389798	0.000106414013771936	0.0709275473566376	5.28296522272022e-05	0.31474194979015	0	0	0	0.000343221214631921	0	0	0	1.74955341791384e-06	0	0.0118598795703481	0	0.0129541051658618	0.0103015763544905	0	0.00680552266090196	0.00455991939155609	9.71516721476861e-05	3.06000323290028e-05	0.000608535844713208	4.70321124698013e-05
CON17	0	0.000153823348610464	0.00707677769805099	0	0	0.0151605360509416	0	0.211374366436736	0	0.0087096279392735	4.23717056877387e-05	0	0.0651003103275609	0	0	0.00351825726847953	0.070245661175827	0.000479074719758526	0.00687800553369123	0.0382562282642102	0.000548422408688222	0.154295294441351	0	0	0	0	0	0	0	0	0.0113157555907641	0	0	0	0.404153712365534	0	2.51017213789921e-05	0.00207169526885098	9.93024097752932e-05	0	0	0.000495675324830498
CON18	0.000267288368887161	0.000182991334515253	2.14915706443229e-05	0	0	0.011960476375617	0.00354534408421914	0.309511584930305	4.80952139176351e-05	0.000237972197280099	0	5.42505666749896e-06	0.0787532524258003	0	0	0.0077477112172784	0.0206821939207371	0	0.001946830271538	0.0331388543254047	0.00337379405511163	0.340514010208844	0.0370270202598046	0	0	0.0015469757743399	0.00311533879131128	0	0.000191233247529338	0	0.000293474700109127	0.0767174999113213	0.000240893381639522	0.0039049975204709	0.0514786757019362	0	0.000114100070038873	0.00389717291950816	0.000229834612278851	0	0.00905139406568352	0.000254073487261202
CON19	3.58669131990812e-05	0.000528902636678211	0	1.83364556242494e-05	0	0.00612629042386665	0	0.589939995796048	0	0.00040897684357529	0	0	0	0.00013359417669096	2.04522005039704e-05	0.0037926238215343	0.00935743585422545	0	0.0048346113831709	0.0185933003359971	0	0.221132281508118	1.27616357824446e-05	0	1.10824731794914e-06	0	0	0	0.000152635880608449	0	0.00067865035760958	0	0.000442996677911123	3.04264263655127e-05	0.131502309503452	0	0.00055657523637488	0.00710729079976399	0	0	0.000910878545598013	0.00368169833998321
CON20	0	0.00136204186113178	0	0	0	0.398439220934443	0	0.0805847524775155	0	0	0	0.000353047833218499	0	8.78449726748382e-06	0	0.0289111148613048	0.0926750006217718	0.112244340087252	0.00818492752993614	0	0	0.125351328925789	0.0305477371264768	0.00846080522260231	0.00045356916903882	6.56057390862716e-06	0	0	0	0	0.00134773462085646	0	0	0.0147460574194031	0.076034271696791	0	0.000664878953519522	0.014069206345135	0	0	0.00457427676066437	0.000980342481973339
CON21	0.000207406562640798	0.000407919651273205	0.0110764741928411	0	0	0.0411632757467239	0.00321881733685959	0.545172533615389	2.32905723778631e-05	0.00044078077494427	0	7.93084145625502e-06	0.0358764162073472	0.000139609580402938	0.000352972640002442	0.00266606780447805	0.0231400871709906	0	0.00105409918089467	0.0264627751065008	0.00118203001164261	0.0936170580152098	0.00302677050514039	0.000145064125370742	7.32849906717236e-06	0.000263022843232764	0.00315215811246777	0	0	0	1.64640253015928e-05	0.00227675384033429	0.00135757935459415	0.0237308846642825	0.145872301539561	0.00069600663058502	0.000363680949141689	0.00294033437230703	0.000260312302481892	8.88120389236329e-05	0.0025226099254782	0.0270703712597549
CON22	0.0140235971199987	0.000250539299850717	0	0	0	0.186484385318237	0.00126780489952414	0.0581988585653625	2.9116188600862e-05	0.00043914416415527	0	0	0.0666803742881043	0	0.000186703807316868	0.0045545323199699	0.283293611247854	0	0.000299966781530531	0.0488667699240777	0	0.24130476544959	0.00101523113517783	0	0	0.00104658189953614	0.000505280936200527	0	0	8.6948343278863e-05	0.000201011762539972	0.000122601499767204	0	0.036694001865037	0.0401533252488384	0	0	0.0019401787393791	0.000558810698748506	0	0.0117958584973245	0
CON23	0.000827215379257149	9.76811726176185e-05	0	0	0	0.038216826329629	0	0.0955355470254875	0	0.000454064563323659	0	6.12565454702161e-05	0.0397109752878728	0	0	0.0060695391158997	0.0354036287194743	0.00671913403473142	0.0161167886449248	0.00575183168999684	0.00646839550357466	0.707940182294507	0.000986892342545391	0	0	9.18344151234785e-05	0	0	0	0	0.00391964606283888	0	0.00715885052075624	0	0.0235399865289363	0	0	0.00224817906266061	0.000599393449313065	0	0.00197781693163846	0.000104334379421295
CON24	0.0171978012756773	0.000459200282059865	0.000331319088958846	0	0.000989969648328102	0.0219393571293141	0	0.0498446423813532	0	0.0135625148322072	0.000188284945373787	0	0.14515302538192	0.00021501932712023	0.000923532455816841	0.000472584810405035	0.000925647627394705	0.00085206739644016	0.0313546446463204	0.0471726605543525	0.00070026049204855	0.301381054470592	6.26229486823313e-05	0.0199375032681135	0.00065109142159919	0	0.000360237992170952	3.08607000704734e-06	8.24570165927925e-05	0	0.000716661740512969	0.0396467067055932	1.10266321600118e-05	0.000372824996806439	0.0799687772935154	0.184432905856002	0.000433263424023106	0.0247487904339319	0.00158232171496169	0	0.00789732249792193	0.00542881324172306
CON25	0	0.000646556270210875	0	0	0.0005114708606496	0.00652628721587052	0	8.34518171579915e-05	0	0	0.000152983160985799	0	0	1.88565595365505e-05	0	0	0.0995542181484478	0.00801030910482049	0.0397027524397936	0	0	0.705655142574412	0	1.94957649445691e-05	3.53693659103659e-05	0	0	0	0	0	0.000287074251023492	0	0	0	0	0	0	0.137600931421711	0	0	0	0.00119510104452555
CON26	0	0.00218857364314166	0	1.90389448992153e-05	0.000532621187409385	0.000177182856931781	0	0.0965200763998001	0	0.00040474517545427	9.21444709998989e-05	0	0	0	0	0.0040291502335656	0.0506421185840682	0.00351684172328462	0.0555684455767404	0	0	0.732478355099517	0.000756060635821655	0.00416557365916387	8.06473616681548e-05	0	0	0	0	1.32736305987486e-05	0.00302035430806072	0	0	0	0.00222765711101575	0	0.000489314291617509	0.0411163109925841	0	0	0	0.001961514113657
CON27	0.0341596193426365	6.66851937672121e-05	0.0994731800980188	1.84148706126872e-05	1.91707048542526e-05	0.118280225613772	0.0230821126982523	0.0150140631549669	6.01918905101268e-05	0.00351906116042338	0	0.000280448859722696	0.0706615689998845	0	0.00208063988652042	0.0195379372273479	0.0219687345043244	0.00399533980091531	0.00256341183026945	0.0922137701249027	0.0041649902320449	0.261637244845391	0.000147490745410943	0.000798882437232864	0	0.0073909594872503	0.00171433512817626	0	0	0	0.000975438444842189	0.000716049875577661	0	0.103116541635078	0.0712646903685519	0.00897192422789213	0	0.0040156786132338	0	0.000577835277676838	0.0275133627199396	0
CON28	0.0244201560698704	0.0015798241358823	0	0	0.000609027777848151	0.00243641511860284	0	0.590338326584205	0	0	3.58052936505291e-05	0	0.0500567125450701	3.96222730679912e-05	0	4.13449805926862e-05	0.00601863341260151	3.67848724390811e-05	0.0258940168036945	0.0139598084227629	0	0.255070764265006	0	0.000560994638630174	0.000933133242543269	0	0	0	4.6614438903519e-05	0	3.53661721246261e-05	0.00688447972594492	7.3265737667922e-05	0	0.0025177877152105	0	0.000130824436140093	0.0116692492079177	0.00654953133741791	0	6.15107922052957e-05	0
CON29	1.4734184782113e-05	6.41488317044367e-06	0	0.00207514788393886	0	0.0976394332490812	0	0.335475236095265	2.70627883753091e-06	0	0	0.000120980687292587	0	0	2.38553467900877e-05	0.00924114036977192	0.0229092183441469	0.00142276762984467	5.38248791020044e-05	0.0905855675753315	0.0006578262226191	0.281801273802015	0.000567349641235964	0.00128087175054845	0	0.00159921032788172	0.000137118127768235	0	0	0.000199128665082525	0	0	0.00038288833923586	0.0129840910563264	0.103238323233735	0	0.000208684168138498	0.00825692355500664	4.4202554346339e-05	0	0.000691003196516239	0.0283800779521902
CON30	0.00292461879276713	0.000803157229301444	0.000365997070507023	0	0.00159075317445683	0.105955736703506	0.000890892543628372	0.134798486605543	0	0.0013865790170417	0.000203849211806515	1.53807588079305e-05	0.0139276020461897	0.000196592093214042	3.68271689767351e-06	0.00257985150202317	0.0147726772590029	0.101104876447917	4.89584716984831e-05	0.0139800266043801	0.00128407673005645	0.328868785266302	0	0.000711919723414965	0.0022169233622642	0.00241748701291691	0.00026623876866122	0	0.0155671331670069	3.28556115380676e-06	0.000219121655411574	0.00635106192044373	0	0.00903142993073282	0.0757746080497044	0.0275240123070622	0.000159584398899185	0.12367545400227	0	0	0.00507738344986306	0.00530177644514776
CON31	0.000161519067464238	0.00204803623883508	0	0	0.00221253457763594	0.0152854495196946	0	0.0342194424012791	0	0.166524498675884	0.000209400213945731	0	0.0370887360645647	0.000952387924281226	0	0.000591810970511257	0.060973001077049	0.00759816337285523	0.0140712262059431	0.0134991635482917	0	0.457302572839141	0.00227492903162872	5.61805452049522e-05	0.00309337742881904	1.51942838167938e-05	0	0	0.00557579142853422	9.50813166574719e-05	0.0658214672502748	0.000501411365954201	0.00172065687995894	0	0.0249620376990185	0.000240384635846644	0.0694145961653032	0.0118231531773631	0.000201739230508692	0	0.00145367160717813	1.23852565565462e-05
CON32	0	0.000874412807933975	0	0	0.000515209965688941	0.0505067468673908	0	0.0733459931204317	0	0	5.19684746283163e-05	0	0	8.84786162947846e-05	0	0.00230644429764301	0.000147193161667416	0	0.00395909603058824	0.022589777234913	0.000953196066274621	0.251184147289708	0.141868138860442	0.000284555365968744	0.0022924097585066	0	0	0	0.00183598213789626	0	3.15268632774518e-06	0.0136070280904012	5.30871697768707e-05	0	0.0484595347455356	0	0.00100468994296113	0.340826952335756	0.0029614911569013	0	0.00261083107760886	0.0376694827387542
CON33	0.00799381778800583	0.00235692965230823	0	3.90220141110634e-05	0	0.0861392329368864	0.00773985830157495	0.0379005003325309	0	8.7887419169062e-07	0.00123024809352853	3.17800907715328e-05	0.00778489181515718	0	0.000327363058920922	0.000812818007443152	0.0412977357880597	0.000494981944760155	0.0259327649993767	0.135755653569168	0.00791257465772599	0.416516760025369	9.80823597926731e-05	0.00275474326643507	0	0.00152562013187191	0.00153968211893896	0	0	0	0.000658311924543944	0.0259064339285937	0	0.0567111149672205	0.112645129374148	0	0.00122107264696728	0.00890798756723478	0	0	0.00776400976436261	0
CON34	0.000553414807225663	0.000328233622669679	0	0	0.000177406303027595	0.0408439910570806	0	0.263429586486195	0	0.000913543209957954	9.4170347463349e-05	0	0	7.4017422086233e-06	0.000588337572737259	0.00178096010824308	0.0361908521733465	3.08181630140863e-05	0.00213055785046947	0.0267734136956186	3.31732628077392e-05	0.293685957266647	0.00639608095245081	0.00159958377984904	1.31212702789231e-06	0	0	0	0.000327728958428183	7.50267505692277e-06	0.00186483530517989	0	0	0	0.287551023237029	0	0.000253476026362583	0.023356197539311	0	0	0.00608271810276391	0.00499772362782802
CON35	0.0020517671547469	0.000767078206128814	0	0	0.000151878812067142	0.0808971166712921	0	0.303207205430192	0	7.21641517960906e-06	8.80001739957881e-05	0	0	0	0	0.00282793269850929	0.0219964352913572	0	5.38224298812511e-05	0.0144889580328373	0	0.18043884423899	8.77997180185767e-05	0.0105518021844289	0.000213184931764284	0	0	0	0.00025598228289891	0	0.00030449262938406	0	0.01588904280567	0.0019901269417544	0.356115856739325	0	0.000398573301355259	0.00465248300308711	0.00141281372738568	0	0.000911172644414251	0.000240413535335494
CON36	0.0040871857338585	0.000261363207106659	0	0.000489110788680663	0.000767625526606131	0.0177862749463258	0.000952270864398999	0.0190479951733736	0	0.000723560872278051	4.51645520960219e-05	0	0.0643687671242481	4.78455529053748e-05	0.000459172946309553	0.00297652959087618	0.0023711733568464	1.97981598229137e-05	0.00149259564289935	0.0330221963150468	3.18282916597536e-05	0.284130815928568	0.000927179446567878	0.00315172268222581	0.000940412591588401	0.00114674653849282	0.000486601646897552	0	0.00751866053899873	4.57145009799915e-06	0.000139515157502094	0.352030564234151	4.64019370849539e-06	0.000508358999619607	0.122222805397184	0	0.000146148915914981	0.069492881478832	0.000771715771430659	0	0.00433713750162277	0.0030890628812585
CON37	0.000385657732309833	0	0.000216134341700129	0	0	0.130631021467996	0.00457911801013098	0.267807795450998	0.000139194347091959	0.000478453963704473	3.29894859315796e-06	8.49213218496814e-05	0.0300268172595315	0.000196872738623948	0.000175802034706358	0.00357297416178329	0.0228897016047789	0	0.000186975892844474	0.0554827816166979	0.00122625111738581	0.299455389701605	0	0	0	0.00260318969309136	0.000612327425968758	5.10804943456729e-06	0	0	3.91617123316828e-05	0	0	0.0241078649772266	0.102491238276317	0	0.0301830739106376	0.000232096996183152	0.000230926401521063	6.61918072562683e-05	0.0110607006541141	0.0108289583835861
CON38	0.00713075446421082	0.000233460157536819	0	0	0	0.184454169193051	0	0.252262755829571	0.000307616881576232	0.000180256302893585	0	0	0.0695414437143276	0	0.000263656939901898	0.00471692913102766	0.020816470324814	0.00417752969093492	0.014325189217763	0.0135040216156922	0.00592380756090456	0.205477018434074	0.0149268994786091	5.90583328568722e-05	0	0.00138853843807314	0.00131890096037408	0	0	0	6.42965502059167e-05	0.00454067852375394	0	0.0258263287868118	0.132227806991206	0.00922580174682568	0.000186590095113018	0.00372307154001193	0	0	0.0199567864187061	0.00324016267917357
CON39	0.00443636214900818	3.19277952743059e-05	0.00182198616041839	0	2.16188206246084e-05	0.147604999992827	0	0.422128691167575	0	0.000488825555234203	0	0	0	0	6.80592501145081e-05	0.00336973357772832	0.00639756951076378	1.6114028335935e-05	0.00278032045431017	0.0136452124004087	0	0.194146817747971	0.00019116642311575	0.000806402026724398	1.50130698781997e-06	0	0	0	0.000168746905430971	1.11096717098682e-05	0.000684195637915849	0	0.000485722854126042	0.00545955290477379	0.17605887098445	0	0	0.00606297822674493	0.00641578536888266	0	0.00546725961397793	0.00122846946456686
CON40	0	1.10082135951037e-05	0	0	0.000158851857999649	0.0148869076180041	0.000186339033764393	0.294143670397273	0	5.23390519112662e-05	0	0	0.100405315752927	0	0	0.00118898714294025	0.00132228660211006	0	0	0.0144578875118021	0.000124993261638951	0.410584050446172	0.0101948066850947	3.28244914472186e-05	8.98670528036654e-05	0.000781182866576182	0.000110682583965316	0	0.00187276399831127	0	4.39327797113688e-05	0.0331287184411196	0.000731045457383939	0.00885260522384437	0.0237848466669264	0.00707637992293986	1.03410491347944e-05	0.00331160423163737	0.000641078329911226	0	0.00126624478744407	0.0705484385416108
CON41	0.00409507735301925	0.000902994455824389	0	8.14681631433356e-06	0	0.0352034617291618	0.00262664710095208	0.176216371428047	0	0	0	0	0.0252062162879566	4.09678017118331e-05	3.69611707375707e-05	0.00774111153959804	0.00793393065523441	0.000176892757513685	0.000664399581307063	0.0369699853257141	0.00025682504545022	0.605674691614622	0.00592223463164871	0	0	0.00136515933870556	0	0	0	2.2170024724252e-05	0.000155056618703955	0.007455872802822	0	0.00121360852210408	0.0460186608837626	0	8.70440579158507e-05	0.016867048298267	0	0	0.000956983808202575	0.0161814803499792
CON42	9.82278405361365e-05	0.00180498284024572	0	0	0.000308783372648026	0.000710713255266598	0	0.153146289218702	0	0	3.62423378751007e-05	0	0.0525585576236013	0	0.000615884185506122	0.00226549945474968	0.293730721650567	0	0.000283982441344451	0.0474507099157219	0	0.381914353264735	0.0179631765732758	9.07572750688453e-05	0.000370903480092256	0	0	0	0	0	3.31127766658301e-05	0.000910870567876716	0	0.00149360832552121	0.0275798134014272	0	4.98037697819395e-05	0.00600956515049857	0	0	0.00033284397764403	0.0102405973006491
CON43	0	5.78477166328241e-05	4.26728754738616e-05	9.1795907145045e-05	3.30994857494153e-05	0.00927471354431977	0.000916804832973038	0.0293418623861891	0	0.000777379614539346	3.19112990814876e-05	0	0.0902074034145972	0	5.40794674859678e-05	0.000202365163643348	0.0400871436471174	0.0165413576716511	1.07955245828862e-05	0.0502336127756004	0.00156260126108701	0.183631363932037	0.00566065707876974	0.0028173603306092	2.18965828803824e-05	0	0.000627973628095061	0	0	0	0.000289034894021048	0.216685359106166	0	0.0119815046184306	0.155240152724761	0.000430327262932912	0.0036673890728447	0.0130848547582684	7.92350766555235e-05	0	0.0029554276214224	0.163360016724236
CON44	0.0161525532568726	0.000683854343903656	0	0.000484942340264482	0.000356967544910958	0	0	0.0855851626457511	0	0	1.42155216999939e-05	0	0.101174605743036	0	0	0.00540790035515991	0.145489757190114	0.000401614813065012	0.0764258036639893	0.115942637386435	0	0.217355537393228	0.0625215843391987	6.18111943547884e-05	0.000396771005670941	0	0	0	0.000201053106907568	0	8.87680355044066e-05	0.00962671619518228	0.000925799013232194	0	0.138562796716109	0	0.000506072572519784	0.0211341634613005	0.000337908215816892	0	0	0.000161003945772523
CON45	0	0.00140369285833478	0	0	0	0.0168156279320569	0	0.112474668315542	0	3.13610875837944e-05	0	0	0	0	0	0.018705818855884	0.00123220989648267	0.000662728654675879	0.0136771119260165	0.0605027931261178	0	0.658710055611767	0.000102575497555524	0	2.29691547655296e-05	0	0	0	0	0	7.2518335788113e-05	0.000439322698135458	0	0	0.0234306442025436	0	0	0.00800429907685062	0	0	0.000554369075934857	0.0831572336939648
CON46	0.00159657853912997	0.000216286749188808	0	0	1.768193383774e-05	0.0176889732491357	0	0.0957021991354737	4.75410485259989e-05	0.00816571721910421	0.000330018282118724	2.20190119488835e-06	0.0741183962939735	6.50561716671559e-06	7.82675788364867e-05	0.00457351559247973	0.065374980270465	0.00858541293170566	0.00186991454654997	0.0816318836894402	0	0.39752083273768	0.00211659420465611	1.53132219462691e-05	0	1.17101109000882e-05	3.83330980746476e-05	0	0.000116400504075235	2.1218320605288e-05	0.00750447961785138	2.02841807044262e-05	0.00139290267860279	0.00904741183696045	0.190476763987252	0	5.47139084790446e-05	0.00363477171639233	0.000821409232111312	0	0.00172378837634374	0.025476997689038
CON47	0.000367621018806517	0.000497354025855217	0	4.10360605896678e-05	4.91751316475816e-05	0.0316981611491399	5.3377163682132e-06	0.0390892326487593	0	0.000641018094063512	0.000167589151504113	0	0.0210669443894373	3.61147618104641e-05	0	0.00102325158462981	0.00687914285814877	0.254649614694484	7.92329103451797e-05	0.0358280015162143	0.00161312602753406	0.201243831767143	0.0297963820201333	0.00376967700872558	0.000652450649689043	0.000909342445963477	0.000281422577881541	0	0.00159927067866338	0	0.00341693345469005	0.0486605530759991	0	0.0173976618758075	0.0511094292046753	0	0.00102222946872952	0.219970925723935	0	0	0.00757853512696252	0.0188594011816644
MI1	0	6.06761364779668e-05	0	0	7.69114745831827e-05	0.172826378021618	0.000207963674118928	0.212123153982723	0	0.0103910979439767	0.000125823870315421	0.000241156685287429	0.0600215634183437	0	0.000299975389016072	0.0104695228822816	0.00700375975345676	0	0.0138060568474172	0.00751758068696465	0.00423590978173962	0.245390393667392	0	0	0	0.0012241513725138	0	0	0	2.82054602675352e-06	0.00234965242789678	0	0.000503157893650624	0.0762377080518163	0.108909571746522	0	0.000335851358600266	0.00113437545629641	0.000110207676459981	2.50409452131292e-05	0.0157769305820626	0.04859260772723
MI2	0.00261858453561236	3.70227860700012e-05	0	0	0	0.281655610833329	0.033329370189567	0.0197898329810817	0.00105098559372157	0.00144706586059332	0	0.00305402868613758	0.0609429171848435	0	0.001211317333938	0.039969659375318	0.000528954276859204	0.000684470044903924	0.00100780906543217	0.0586867345551523	0.00663630931985933	0.189104598735038	0.00107081803467868	1.47823590270465e-05	1.94645541939843e-05	0.00743218216548518	0.00152355286307037	1.95648869475616e-05	0	0	0.000568385049015058	6.35440772655844e-06	0.000181000287453339	0.0802306181785227	0.163515164710429	0	4.6955728674148e-05	0.00226842322562779	0.00646152966312776	0	0.00870898334325791	0.0261769491853064
MI3	0	0	0	0	0	0.274657407596133	0	0.0406425261559747	0.000329254590624624	0.000582650524807467	0	2.55197327079876e-05	0.0629947096092937	0	0.00033095590613849	0.00794634437835149	0.00021406552259759	0	9.12372143220209e-05	0.0689335016812835	0.00428611416634389	0.256243502684392	3.05236018664166e-05	6.70852058506707e-05	7.50580373764334e-06	0.0150317563884314	0.000795515118807032	0	0.000114488526344854	0	4.69362927060634e-05	0	0.00545872086493011	0.116907730287316	0.135337247270831	0	0	0.00174168005841049	0.000145712669893451	9.37391489012353e-06	0.00702793423301345	0
MI4	0.00171395241794079	1.00149142102419e-05	0	0	0	0.514750566543696	0	0.00431642802461426	0	0.000110497886786335	0	0	0.00707213181870443	0	0.000197694406510175	0.00212666703254487	0.0859097367800128	0	0.000149756350490484	0.01558480889741	2.70402683676529e-06	0.184763015749721	0	0	0.000132297016717295	0.00224724659963618	0.000315670095906825	0	0.00504240915571469	0	0	5.19440217037882e-05	0.00442529014207959	0.0314108770781448	0.0774672976329684	0	0.000677408797180763	0.0443809921735448	0.000108661819181125	0	0.00572552645399531	0.0113064041637473
MI5	0.00455349061081232	0.00145729743974734	0	2.37794797357568e-05	0	0.0717273735802429	0.0306782215355081	0.0232901120307242	0.000136906857596305	0.00682561989956389	0.000280388041943085	0	0.0354682130602219	0	0.00122943407216177	0.0105052845697334	0.0930900188990915	0	0.00124380666947264	0.0316552434242395	0.00486654046756893	0.18369546683385	0.014780485327991	0	0	0.00453667012588159	0.0059301126685738	0	0.00116995040299923	0	0.0103342121949285	1.6086118644776e-06	0	0.14433728058709	0.268369613126049	0	0	0.0158298947506239	0.000226499544483083	0	0.00688744654687686	0.026869028640425
MI6	0	0	4.51283661867061e-05	0	0	0.261911762336746	7.92498137912884e-05	0.292141630490872	0	1.74109439389952e-05	0	0	0.050617883380897	0	4.36274227436894e-05	4.40276743284939e-05	0.00135345073401638	0	0.000485204983679242	0.0175374234397935	0.00080410543387222	0.0741442045755228	0.0123739445157244	0	0	0.000873649146732	0.000359325860258231	3.20201267843583e-06	4.5028303290505e-06	0	0.00118854708107692	0	0.000185116357972076	0.0124856480621836	0.248489192023133	0	0.000170473820827978	0.00185266452316377	0.00364549143439929	0	0.0115401537559792	0.00760297897915366
MI7	0.0130272394570135	2.05330736139875e-05	0	0	0	0.317445816120145	0.000123335786657931	0.0474798141516483	0	0.000210996216317647	0.000405682716972009	5.6654801777724e-06	0	0	0.0018172800235684	0.00487468215368594	0.179367042253666	0	0.0266537150356178	0.000260406070716523	0	0.165420896248062	0.00112822028897726	0	0	0.00229956689979259	0.000303669737528605	0	0	5.56247144726752e-06	0.0315838158863155	0.0201634096164487	0.00294450456148411	0.0249321301226886	0.13019046829314	0	0	0.000452002309455738	0.00127009764712608	0	0.0276134473777325	0
MI8	0.00301964683950214	0.000467236804455623	0.0558214719401304	0	6.95012183898445e-05	0.136249142937901	0.00497056722493389	0.0136750310278178	0	0.00567559113793179	0	0.00021007546246842	0.0313731370068566	1.92717242732903e-05	0.0054119717181296	0.00933957646080525	0.00400400824529105	0	0.0428043447760676	0.0620089255419164	0.00858815006276639	0.204444770347678	5.26213747887712e-06	0	0.00024889226880611	0.0285796595697745	0.00682905850724642	0	8.89096215586904e-05	9.29416489775703e-06	2.15269260499517e-06	0.0273327721753478	7.85220254964912e-05	0.132135142351411	0.0902535851386851	0	0.000204676646093987	0.103297740554344	0.00107378357320593	0	0.0213492434857301	0.000358884610004198
MI9	0.00691259936457582	0.000186420570970773	0.00437120401698484	0	2.64257690434675e-05	0.0616762712670505	0	0.00143523074150909	0.000211808065184904	3.05453756243884e-05	0	0	0.0309929055685694	3.5569286088926e-05	0.000665266223714065	0.00717936901024276	0.478652064726722	0.00123779106025276	0.00147280959178383	0.0091122013368961	0	0.173756565413659	2.31099881368728e-05	0	0.00196806668537794	0.00458261016933257	0	0.000157449353958607	0.000125832210768451	0	0.00118453760932867	8.52055214785569e-05	0	0.00357923477135514	0.162158834613537	0	0.000614256786130794	0.026264200082928	0	0.00193343519590906	0.0172225679416905	0.0021456116811947
MI10	0	0.000471563980554009	0	0.00140544693686872	0.000693169151213017	0	0	0.426526647574986	0	0.0149641572195204	0.000180019833112885	0	0	2.70132853812005e-05	0	0.000428500816962857	0.0495124995557932	0.0348840150567791	0.0239245602109978	0.00266263011656886	0	0.229416065563787	0.00796063648799244	0	6.72239010249722e-05	0	0	0	0	0	0.0471338869842499	0.00021170717296208	0	0	0.0152269353111549	0	0.000330758089705692	0.138658747077084	0	0	0	0.00531381567330064
MI11	0.00758093344804367	0	0.00308813924230659	2.41114751373283e-05	0	0.218452855400593	0.0081658322645273	0.000608364144896567	0	0.0112669964644891	6.04997380385149e-05	0.00419012547693278	0.0360250944343438	0	0.000204760496194434	0.00295357068501687	0.000308450041601647	0.000567112777701108	0.0397868926484352	0.0612951106485457	0.00116758713101536	0.322961544815751	0	4.27136992559723e-05	0	0.00767438666902727	0.00511554361718242	0	0	0	0.0166999681619703	0	4.65225641577786e-05	0.0723766630031281	0.164749628686683	0.00707279006087586	7.57011899234029e-05	0.00085046512021764	0.00281349287670848	0	0.00376516497860267	8.97803869711515e-06
MI12	0.00167096200753761	0.000541852678526863	0	0	0	0.02682380407655	0.0126788495200556	0.176746481551572	0.000310999237995961	0	0	0.000624154865161387	0.0748329736822289	0.000101829488558	3.78566098639151e-05	0.0014970132812009	0.0143161478966699	0	0.0328352580171555	0.00639724793627569	0.000540175486950614	0.0856149195295463	0.409775359356264	0	0	0.00239690642812424	0.00108777853659604	0	0	0	0	0	0	0.0245580380564353	0.0458455924723172	7.06816449990813e-06	3.72975460051654e-05	0.0322256388123216	0.000158734202752176	0.039689221192897	0.00864783936593855	0
MI13	0.000280940392021293	5.87771983307274e-05	0.000324892790773044	0.00010565279699946	0	0.0887908402783401	0.00319714550920106	0.017069399515229	0.000127159196388679	0.000393518388824078	0	0	0.00979950572169402	0	1.32239996244383e-06	0.00217402553825767	0.384488902680515	0	1.3154399626415e-05	0.0388341888971091	0.000262983592531266	0.148539028181491	0.112441128406672	0	0	0.00340636310325928	0.00095348517292102	0	9.10367974145549e-05	0	0	0	0.000277181992128031	0.0267114352413952	0.111262730840139	0	0.00275358472179819	0.0317155706992777	0	3.75839989326141e-06	0.00270656992313341	0.0132157172246736
MI14	0.00302348172294312	0.000647672963251966	0.0139379705481151	0	6.40012965553998e-05	0.0630691285899267	0.00436892000281404	0.0124515278369355	0	0.00859864978430052	2.24760458769356e-05	4.0214987914338e-05	0	1.53199953959382e-05	0.000168419159911926	0.0195504307035285	7.61968192061139e-05	0	0.00866617871137472	0.0495688865944733	0.00692675449727536	0.309539095922725	0.000194221257420874	0	6.62186643100753e-05	0.00313908721451642	0.0040125285309717	0.000360725417908308	9.36333929133331e-05	8.46631324512377e-06	0.00580940272780583	0.00105321608698962	0.00326053849380659	0.0685567778179369	0.369990285913445	0	0.000371442695389238	0.0350513431503595	0.000758238982655549	0.000355014016115963	0.00612185000232824	6.16831393573302e-05
MI15	0	0	0	0	1.54788013544259e-05	0	0	0.00127131188342774	0	0.000224391365330054	8.71323255050461e-06	0	0.00292467338704056	0	9.07201271434894e-05	0.000140846841463451	0.0305048221420802	0.899887589049237	0.00315296007986378	0	0	0.0113095708333185	0.0356026782358349	0	0.000290714441332131	0	0	7.48312913160978e-06	0	0	0.000117782402359174	3.69031025668428e-06	0	0	0	0	0.0136042604221879	0.00063627099342332	0	0	0.000206042322664875	0
MI16	0.000611973985060738	0.000218361366591314	0	0	0.000148633380578361	0.0120083851035691	0.00176775175807484	0.22091024789061	7.51802471824926e-06	0.000180060078499692	0	0	0.125416907488979	0	0	0.00349334162077032	0.000948896633357417	0	0.000270648889856975	0.169138691402458	0	0.360331440585948	0.00315069579149443	0	0.000133698926070488	0.000411459460931213	0.000106471485198991	5.47596665288703e-05	3.3221541660372e-05	0.000231094597645646	6.69171929876608e-05	1.34105305784988e-05	0	0.0286949796154855	0.0484774425224151	0.001353752423928	0.000157201219559069	0.0209636394121	0	7.38256481341601e-06	0.000215889223328106	0.000475125616202873
MI17	0	0.000502139410054853	0	8.98600686894405e-05	0.00460514341532343	0.125488980126588	0	0.1665170681628	0	0.000550771544607751	9.63219163255351e-05	0	0	0	0	0.00169051357688037	0.0416155103728812	0.00983553790035186	0.137031320844736	0	0	0.368529637533426	0	0	0.000796927552995231	0.00178033999011338	0	1.8577811953772e-05	1.28227289028752e-05	3.42612546538765e-05	0	0	0.0176774948385992	0	0.0136788227482884	0	3.85691530779396e-05	0.0617240061409093	0.000558545955044926	0	0.0189425697906469	0.0281842571621504
MI18	0.00262783202896862	0.000300360260389085	0	0	0	0.0511083714989194	0.00258279484514372	0.0369845623253776	0	0	0	0	0.0320578450037902	0	3.10136295800178e-05	0.0051945132709175	0.411869967806842	0	0.00432147959824	0.0492021457251572	0.00291962983075626	0.326946593215154	0	0	0	0.000664534434685752	0.0048336764328474	5.51166134384011e-05	0	7.21403992404761e-05	6.27014684987312e-06	0	3.46880704759112e-05	0.0194424106732462	0.0456504109289063	0	0	0.00149178929326579	1.0214271481245e-05	3.49240437444548e-05	0.00155671565258221	0
MI19	0	0.00423370301256836	0	0.00268741523668842	7.01793727755887e-05	0.0944488455493179	0	0.239023342039467	0	0.0043082601121757	0.00456040360333749	0	0	0	0	0.0191601565230776	0.00281083998465013	2.65378479257787e-05	0.00339945759625196	0.0106618009873165	0	0.288767961066602	0.0298903043463565	0	7.85954677699534e-05	0	0	5.08019927684026e-05	1.35404108981914e-05	0	0.00308205543301691	0.000708377285936964	0	0	0.0162369888189463	0	0.00352773517318219	0.271163221067604	0	8.11067219214978e-06	0	0.00108136639917511
MI20	3.89418156948599e-05	0.00023485839233024	0	0	9.53923547253934e-05	0.00186196216438678	0	0.134492352679354	0	2.01249693513486e-06	0.000115617948923499	0	0.110483968617123	0.000110754414663589	0.000488835505544264	0.00862958685785838	0.00282373444968775	0	0.00134585732537145	0.0316128049813324	0.00265770345253912	0.139597856154098	0.00133119963936055	0	6.91292697218831e-05	0	0	0	0	0	0	0	0.000222179661638891	0.00172199300254815	0.412817458813412	0	4.80315935185523e-05	0.142950474798339	0.00615170000647355	0	7.14436411972882e-05	2.41499632216185e-05
MI21	0.00753120711526942	0.000414789469227357	0.000519870835010364	1.43525767898738e-06	0.000165943125932448	0.0633300274564794	0	0.0783981827177346	0	0.000810920588627878	0.000113111974224959	0	0.0694583727089443	0	0.000568396213680889	0.00317472164031636	2.09137547509592e-05	0	0.00118224225386305	0.0286733045283952	0.000869185215834395	0.170990141215003	0	0	0.000747769250752436	0.00290475650545921	0.000631615897160097	7.82215435048135e-05	0	0	0	0.0443427644115422	0	0.00288886615258471	0.374324190126807	0.130875919308173	0.000234938012929485	0.00339670816133308	0	3.59497875784464e-05	0.012530927240022	0.000784607531179777
MI22	9.91047855103023e-05	0.000141062810166364	0.0186830733424896	0	0	0.015774739633447	0.00344241365925108	0.352214249701174	3.1339654779957e-05	0.00589845292069088	9.65962385816442e-05	0	0.147673449869198	0	0	0.00899661146855423	0.00150873634113379	4.5463117624872e-05	0.00450009264441808	0.131145836884244	0.000319444551353598	0.162437210726739	0.0105710511210249	0	0	0.00103503333549595	0	2.14429216915496e-05	0	3.98618416060858e-06	0.00206872648838618	0.00248098727610016	0	0.0393286894746044	0.0872654405530734	0	0.000111406974557698	0.000766893723381912	0	0.000103159696984026	0.00323530390118222	0
MI23	0	0.00122720775061554	0	0.000741403034996171	5.06467778574754e-05	1.01773295153384e-05	0	0.407569973081135	0	6.41480163391031e-05	0.000206116623012662	0	0.305005519059568	0	0	0.00362384891661814	0.00179614445749488	0	0.0022621427877275	0.00752481589313709	0	0.0910286737520983	0.0640376077340579	2.11428023938176e-05	6.88768765179465e-06	0	0	7.91570073415206e-06	0	0	2.8270359764829e-05	0	0	0	0.0545560374728587	0	0.000414906080039454	0.0597705652989111	0	0	0	4.58493834731408e-05
MI24	0	0.000151141005141886	0	0	0.000103158079141669	0.00251915573259939	1.78242150891466e-05	0.237058412454491	5.43065266751193e-05	0	1.31336321709501e-05	0	0.147247925554959	0	0.00119026147428634	0.00970033394518223	0.00136120716286062	0	0.00711325162291565	0.0767908880110821	0.00279537894889318	0.333484705972199	0.0505362361254729	0	0.000267050520809319	0.0014114485176733	0.00149848488959983	5.64954653702775e-05	7.87670479670475e-05	7.79679116180216e-05	0	0.00965367133141082	5.94140502971553e-06	0	0.0982905743848101	0	0.00467724081567363	0.00847880191810794	0.000898298746422609	0	0.00325276290100532	0.00121517368134077
MI25	0	0.000130224126582317	0.00160542089645558	0	4.4253873102019e-05	0.00721612180777072	0	0.230250702589444	0	0.00560505076085029	0	0	0.21644224235187	0	0	0.0129430060525968	0.0421533366253072	9.69322220468535e-05	0.00580402402362777	0.00406983382975151	0.000361034464733674	0.229401319191717	0	0	0.000366413949308002	0.00010028171244219	0	3.69458940576489e-05	0	0	0.00093633481505992	0	0.0017712714208792	0.0264847588882872	0.164607626654297	0.000182259644037137	0.00121616951263392	0.0476270467627769	0.000115811167911476	0	0.000431576762453633	0
MI26	3.01164475414362e-05	0.0018371033000276	0	0	1.65385237346191e-05	0.00359549547783676	0.000103212638862346	0.455250430001617	0	0.000148710594074662	0.000217893348709396	0	0.206343299733587	0	0	0.0219029606543756	0.000310556723461182	0.0004740022574064	0.0112828463248542	0.048891857655989	0.00763994721828838	0.198572439550675	0.000237868890751005	0.00191806039460509	1.58238961658393e-05	0	0	5.80890123765328e-05	0	1.36119536910446e-05	0.000914519108732832	0.000126284900368666	0	0.00321521152159319	0.0114845754785555	4.69612402341035e-06	5.97905065879134e-05	0.0252163143620812	0	0.000100456218239909	9.18806874145507e-06	8.09911244617154e-06
MI27	0.000821207567140474	7.03602532833941e-05	0.00146093840030793	0	0	0.0532933295979091	0	0.636715075106698	0	0.000376031958830127	0	0	0.0365753346420836	0	0.000230918160751889	0.000199421640069792	0.0199672057685945	0	0	0.0253548343272873	0.00172534696019711	0.109036595104454	0	0	0	0.000221117741226344	0.00033345082571914	1.41937110369959e-05	0	0	0	0.000442641017053744	0	0.0293336356819081	0.0576770910462355	0.0129598044241797	0.00652312544165252	0.000431387431874412	0	0.000234669355811666	0.00600039134089003	1.89249480493278e-06
MI28	0.00728393602042835	9.89846926302401e-05	0	0	0.000166899471504144	0.112190790614144	0	0.0418743749501658	0	0.0019796938526048	0	0.00167588413070046	0	0	0	0.00982602908366824	0.000431297683241487	0	0.00108981099664888	0.0439720669317539	0.00814359325376262	0.618308642376815	0.000179327437006678	0	1.82366885091536e-06	0	0	3.5460227656688e-05	0	0	0.000700896728368478	0	0	0.0430731332748341	0.0878211037593617	0	0	0.0146651343795722	0	0	0.00648111646628094	0
MI29	0.0285336803310795	1.83703076330787e-05	0	0	0.000187336010303	0.0210107308986758	0	0.0621334528134488	0	0.00164520499498261	3.14625791178476e-05	3.62950667601314e-05	0.126674101386071	0	0.000753456796652246	0.00468895247741934	0.00371155614704596	0	0.000301979068199733	0.0894690874847858	0	0.267164490579202	0.0010864528954638	0	0	7.81423533645881e-06	0	0.000227606740655366	0	0	0	0.0393336047523438	0.000118241718906944	0.0484973036946698	0.194516778482776	0.0893713409971561	0	0.000857098233746331	0.00014065623605626	8.46542161449711e-06	0.0133657354485829	0.00610874420131474
MI30	0	0.000216667832045769	0	0	0	1.75064312964733e-06	0	0	0	0	0	0	0	0	0	0	0.842865602337432	0.00169290623270489	0.00011430669846521	0	0	0	0.154401163168486	0.000170979478995561	4.42809732793159e-05	0	0	2.15226125939001e-05	0	0	0	0	0.000147671896936137	0	0	0	0	0	0	0	0	0.000323148125931381
MI31	0	0.00155707705660355	0	0	0.000607115812897376	0.195881208244187	0	0	0	0.000114584409943748	0	0	0.0393987801736426	0	0.000558901598149919	0.00287308303946982	0.00732432424617544	0	0	0.0446889285436423	6.16294669679841e-05	0.492341639335752	0	0	0.0016967436173155	0	0	7.28256549114316e-05	0.000580587908130469	0	0	0	0	0.0042357902387128	0.0849696859008659	0	0	0.11279281813968	0	0	0.0102406454168623	3.63119608976661e-06
MI32	0	0.000227000396236234	0.000276205980098165	0	7.88721520946985e-05	0.29960870819486	9.51376153671451e-06	0.0512546230402164	0	0	0	2.27102694747381e-05	0.0172639990397579	0	8.33732865851872e-05	0.00127821989678761	0.00921048055066604	0	0.00022751188879197	0.0582714825168435	0	0.341489377663598	0	0	0.00066606560608117	0.000332265564206978	0	1.53447766721193e-06	0.000646321993429709	0	3.84642401914483e-05	0.00541554678213214	0.00299069697339624	0.00151698462180581	0.0652984695460743	1.73566473913539e-05	0.000753462634104817	0.101515109149102	0.000274978397964395	5.39454148784319e-05	0.0253656319285928	0.0158110873854341
MI33	0.000108341141438822	5.8104746246519e-05	0	0	0	0.0473480378467686	0.00587231179383442	0.0926920335803738	0.000203870993340651	0.000229728950437627	0	0.000105113099980682	0.0776158358298818	0	0.000491065806819539	0.0034902525757501	0.0170852164275703	2.10831457734765e-05	0.000586999163903639	0.113642089894566	0.00595533298508594	0.202375468633441	0.00648644668124553	0.00053171895393299	1.10963925123561e-06	0.00414510786113841	0	0.000136990009379814	0	3.3490930128202e-05	0.0004065314711345	0.000961620100207148	0	0.0594837252069183	0.192586264784472	0.0151099240586434	0	0.034058762795948	0	0.000132349699783738	0.0150179585025183	0.103027112690086
MI34	0	0.00174123012799275	0	2.20619724545566e-05	7.40044900363172e-05	0.119928066411908	0	0.0891449520541331	0	9.9669804679137e-05	8.43386034819031e-05	0	0.0216588400487961	0	0	0.00084025860574997	0.0271412232068563	0	0.00713308781202143	0.00387386480273708	0	0.267905160305556	0.354203370049576	4.89510636896165e-06	0.000321547299611173	0	0	5.02768216645445e-05	0	4.75913119204604e-07	0	0	0	0	0.00783849303606534	0	0.00105000031614229	0.0859707135304209	0	0	0.0102951225636053	0.000618347117023706
MI35	0.000410579397307874	0.00124852542836527	0	0	0.00016450143340414	0.0880354028658643	0.00708276427804181	0.0538947147004109	0.00010426289621291	5.96654789191245e-05	0.000564563525953388	0	0.0749708203784241	0	0.00020700887347025	0.00422532718677772	0.00131810144446079	0	0.000370734992741543	0.074259823609293	0.0029221926760119	0.362573058609199	1.56748292075666e-05	0	9.05094976824006e-05	0.00315225871760682	0.00040451172148559	1.86075391883371e-05	3.73162063070457e-05	7.83404367277089e-05	1.48658057645954e-05	0	0	0.03301250497423	0.117081569282998	1.53714454164524e-05	0	0.150443504965971	0	0.000191940811844912	0.00167326273592514	0.0213577132547873
MI36	0.00891708216207839	0	0	0	0	0.278645943443756	0.012758057877476	0.0215018811573748	0	0.00424335812228733	0	0	0.00506620983926852	0	0.000785142230117216	0.000644064385143747	0.14366894742516	0.0298802807401339	6.34747923683236e-05	0.0156886139634101	0.00187332540444449	0.161181813270743	0	0	6.06081888420121e-05	0.0119138090127448	0.00289506480417976	0	0.000138723134933997	0	0	0	0.000158175087433967	0.0461790376136264	0.174850427282612	0	0	0.0585525269775546	0.00108531657080096	0	0.0177906533777753	0.0014574631357346
MI37	0.00107964019215194	5.17398378316042e-05	0.0378308708803753	4.73665095363451e-05	0	0.123828233965259	0	0.11633012896205	0	0.00249266256435017	0.000318613786803072	0.000274813221876707	0.00768104468989806	0	0	0.00716411728539844	0.00492544417204216	0.190200219043194	0.00192140496602866	0.00809028729537365	0.00248310852407437	0.104461891557337	0.0480982346421159	0	3.39101147817017e-05	0.000433834166889705	0.000448602560132928	1.80652099581089e-05	0.000551443057045291	0	0.000668109999568052	0	2.52307401649565e-05	0.0135935154171933	0.219615326080067	0	0.00316824086300704	0.0972883211546234	0.00266678831247525	0	0.00253336815848296	0.00167542206991378
MI38	0.00234938528320834	0.000140084823336859	0.00264372419823965	0	0	0.188765572335773	0.0123463568114536	0.128858441673245	0	0.000710875208238836	0	6.45488891846308e-05	0.204879882623523	0	4.05984710388028e-05	0.00332133679778086	0.0184724048139202	0	0.00129238466140188	0.0152073766215982	0.0012883985078923	0.0870508597345939	0.00107016497751458	0	0.000337047702634021	0.00786916948424634	0.0047818768425283	0.000194752071468316	0	0	0	0	0	0.0794624628446109	0.136397162381256	0	0.00113186661419236	0.0428423739909044	0	0	0.0583245272279576	0.000156364408258359
