feature	X21.14.0.10.32.9	AMARA.1	ANME.1	ARS1403	ARS49	Acidilobaceae	Aenigmatarchaeaceae	Altiarchaeaceae	Anstonellaceae	Archaeoglobaceae	B18.G2	B24	B26.1	B3.WOES	BM511	Bilamarchaeaceae	Borrarchaeaceae	CABMGC01	CAIVOO01	CG.Epi1	CG1.02.33.12	CG10238.14	CSSED10.239	DHVEG.1	DSVV01	Desulfurococcaceae	GCA.001856825	GCA.020350865	GCA.020356005	GCA.2686295	GCA.2688095	GLR71	GW2011.AR1	GW2011.AR15	GW2011.AR17	GW2011.AR18	GW2011.AR20	GW2011.AR4	GW2011.AR5	GW2011.AR9	Gearchaeaceae	HEL.GB.A	HEL.GB.B	Haladaptataceae	Halalkalicoccaceae	Haloarculaceae	Halobacteriaceae	Halococcaceae	Haloferacaceae	Hermodarchaeaceae	Hodarchaeaceae	Iainarchaeaceae	Ignisphaeraceae	JAADEF01	JAAZKV01	JABGXB01	JABLTI01	JABXJV01	JACAEJ01	JAEHCK01	JAFCDX01	JAGGVH01	JAGVZF01	JAHWHD01	JALIDP01	JdFR.42	JdFR.43	Jordarchaeaceae	Kariarchaeaceae	LC.3	MK.D1	Methanobacteriaceae	Methanocaldococcaceae	Methanococcaceae	Methanocomedenaceae	Methanocorpusculaceae	Methanoculleaceae	Methanofastidiosaceae	Methanogasteraceae	Methanoliparaceae	Methanomassiliicoccaceae	Methanomethylicaceae	Methanomethylophilaceae	Methanomicrobiaceae	Methanoperedenaceae	Methanoregulaceae	Methanosarcinaceae	Methanospirillaceae	Methanotrichaceae	Micrarchaeaceae	NBVN01	Nanopusillaceae	Natrialbaceae	Nitrosopumilaceae	Nitrososphaeraceae	Odinarchaeaceae	PNOQ01	PWKY01	Parvarchaeaceae	Poseidoniaceae	QMZM01	QMZS01	RBG.16.68.12	RDOG01	S146.22	SCGC.AAA011.G17	SG8.5	SM23.78	SOJC01	SOKP01	SZUA.1535	SpSt.28	Sulfolobaceae	TCS64	Thalassarchaeaceae	Thermocladiaceae	Thermococcaceae	Thermofilaceae	Thermoplasmataceae	Thorarchaeaceae	UBA10216	UBA164	UBA184	UBA213	UBA233	UBA287	UBA460	UBA472	UBA489	UBA57	UBA583	WJIZ01	WJKL01	WJKR01	WJKV01	WJKY01	Wolframiiraptoraceae
CON1	0	0	4.33631912996093e-05	0	0	9.10627017291795e-05	0	0	0	4.33631912996093e-05	0	0	0	0	0	0	0	0	0	0	0	0	0	0.000108407978249023	0	0	0	0	0	0	0	0	0.00069814737992371	0	0	0	0	7.37174252093358e-05	8.67263825992186e-05	0	0	0.000208143318238125	0	0	0	0.000164780126938515	0	0	0.000789210081652889	0	0.000212479637368086	0	0	0	0	0	0	6.0708467819453e-05	0	0	0	0	0	0	0	7.37174252093358e-05	0	0	4.76995104295702e-05	0	0	0.987246885438785	0	5.20358295595312e-05	0	0.000125753254768867	0	0	0	0	0.00317852192226136	0	0.00183715387139345	0	0	0.000190798041718281	0.000897618059901913	0	0	0.000628766273844335	0	0	0.000312214977357187	0.00013876221215875	0.000247170190407773	0	0.000364250806916718	0	0	0.000134425893028789	7.37174252093358e-05	5.20358295595312e-05	0	6.0708467819453e-05	0	0	0	0	7.80537443392967e-05	0.000831127833242512	0	0	0	0	0	4.76995104295702e-05	6.50447869494139e-05	0	0.000229824913887929	0	0	0	9.97353399891014e-05	0	0	0	0.000323778495037083	0	0	0	0	8.23900634692577e-05	0	0	0	0	0
CON2	0	0	0	0	0	0	0	0	0	0	0	0	0	0	4.74790597563533e-05	0	0	0	0	0	0	0	0	0	0	0	0	0	0	3.5609294817265e-05	0	0	8.60557958083903e-05	0	0	0	0.000106827884451795	3.26418535824929e-05	0	5.04465009911254e-05	0	0	0	0.00249561807844332	0	0.000100893001982251	0	0	0.00154999347162928	0	0	0	0	0	0	0	0	0	0	0	0	0	0	0	0	0	0	0	0	0	0	0.993748590465414	0	0.000118697649390883	0	0	0	0	0	0	0.000115730208156111	0	8.01209133388462e-05	0	0	6.52837071649858e-05	0.000154306944208148	0	0	3.5609294817265e-05	0	0	8.01209133388462e-05	3.26418535824929e-05	0	0	0	0	0	0	0	0	0	0	6.52837071649858e-05	0	0	0	0	0.000271026299442517	0	0	8.90232370431624e-05	0	0.000115730208156111	0	0	0	5.04465009911254e-05	0	0	7.12185896345299e-05	0	0	0.000124632531860427	7.12185896345299e-05	0.000204753445199274	0	0	0	0	0	0	0	0	0	0
CON4	0	0.00641274776525457	0.0113680528565876	0.00845316750874466	0.0139914496696463	0	0	0	0	0	0	0	0	0	0.00466381655654878	0	0	0	0	0	0	0	0	0.0134084726000777	0.00349786241741158	0	0	0	0	0.00437232802176448	0.00349786241741158	0	0.0122425184609405	0	0	0	0	0	0.00553828216090167	0.00378935095219588	0.00524679362611737	0	0	0	0	0.00378935095219588	0.00816167897396036	0	0.010785075787019	0	0.0182666148464827	0	0	0	0	0	0	0.00291488534784298	0	0.0201127089001166	0	0	0	0	0	0	0.00378935095219588	0	0.00757870190439176	0	0	0.295958025650991	0	0.00787019043917606	0	0.00408083948698018	0	0	0.00320637388262728	0	0.0988146132918772	0	0.258550330353673	0	0.0139914496696463	0.00408083948698018	0.00961912164788185	0	0	0.00320637388262728	0	0	0.00961912164788185	0.0112708900116595	0.0241935483870968	0	0	0	0	0.00378935095219588	0	0	0	0	0	0	0	0	0	0.0218616401088224	0.00582977069568597	0	0.00903614457831325	0	0.00349786241741158	0	0	0	0.0221531286436067	0	0	0	0	0	0	0	0.0145744267392149	0	0	0	0	0	0	0	0	0	0.00291488534784298
CON5	0	0	2.91966431346714e-05	0	0	0	0	0	0	0	0	0	0	0	0	0	0	0	0	4.7163808140623e-05	0	0	0	3.81802256376472e-05	9.20817206555021e-05	0	0	0	0	0	0	0	0.000458162707651766	0.000145983215673357	0	0	3.81802256376472e-05	0	0	2.69507475089274e-05	0	9.4327616281246e-05	2.47048518831835e-05	0	0	0	0	0	8.30981381525263e-05	5.83932862693428e-05	3.81802256376472e-05	0	0	0	0	2.69507475089274e-05	4.04261212633911e-05	0	0	0	0	2.24589562574395e-05	0	0	0	0	2.69507475089274e-05	0	0.000159458589427821	0	6.96227643980625e-05	0.994190616648076	0	0.000264267051962538	0	0.000242556727580347	0	4.04261212633911e-05	0	0	0.000419982482014119	0	0.000667779632721202	2.69507475089274e-05	3.14425387604153e-05	0	0.000394528998255688	0	0	0	0	0	4.49179125148791e-05	0.00027849105759225	5.61473906435988e-05	0	0	0	2.91966431346714e-05	8.08522425267823e-05	0	0	0	0	3.36884343861593e-05	0	0	0	0	0.00110872380724226	0	0	0	0	0	2.47048518831835e-05	9.28303525307501e-05	0	0.00010780299003571	7.18686600238065e-05	6.28850775208307e-05	0	0	0	9.657351190699e-05	0	8.53440337782702e-05	0	0	0	2.69507475089274e-05	0	0	0	0	0	0
CON3	0	0	0	0	0.00206249494486533	0	0	0	0	0.00161764309401202	0	0	0	0	0	0	0	0	0	0	0	0	0	0	0.000485292928203607	0.000444851850853307	0	0	0	0	0	0	0.00202205386751503	0	0.00068749831495511	0	0	0	0	0.000525734005553908	0	0	0.000930144779056914	0	0	0.000768380469655712	0.00190073063546413	0	0.00254778787306894	0	0	0	0	0	0	0	0.00315440403332345	0	0	0	0	0	0.00109190908845812	0	0.00109190908845812	0.00165808417136233	0	0.000485292928203607	0	0	0	0.902119112453156	0	0.000525734005553908	0	0.000606616160254509	0.00200857350839826	0.000525734005553908	0	0	0.0170661346418269	0	0.0178749561888329	0	0	0.00141543770726052	0.00362621660241029	0.00121323232050902	0.00380146127092826	0	0	0	0.00137499662991022	0.00660537596721577	0	0	0	0	0.00068749831495511	0.000485292928203607	0.000606616160254509	0	0	0	0.00105146801110782	0	0.00129411447520962	0	0.000404410773503006	0.00660537596721577	0	0	0.000849262624356313	0.00234558248631744	0.00145587878461082	0	0	0	0.00142891806637729	0.000525734005553908	0.000606616160254509	0	0	0	0	0	0.00141543770726052	0	0	0	0	0	0	0	0	0	0
CON6	0	0	0	0	0	0	0	0.00867589341045239	0	0.0774633340218963	0.00371824003305102	0	0.00588721338566412	0	0	0.00371824003305102	0	0	0	0	0	0	0	0.00681677339392687	0.00402809336913861	0	0	0	0	0	0	0	0.0229291468704813	0	0.0061970667217517	0	0	0	0	0.0288163602561454	0	0	0	0.00774633340218963	0.0532947738070647	0.0387316670109481	0.00743648006610205	0	0.100392480892378	0.0105350134269779	0.0102251600908903	0	0	0.00991530675480273	0	0.00743648006610205	0.00402809336913861	0	0	0	0	0	0	0	0	0	0	0	0	0	0	0.173517868209048	0.00464780004131378	0	0	0	0	0	0	0	0	0	0.0145631067961165	0.00991530675480273	0.00743648006610205	0.0105350134269779	0.0579425738483784	0	0.0316050402809337	0	0	0	0	0.0170419334848172	0.00526750671348895	0	0	0	0	0.0195207601735179	0.00433794670522619	0	0	0	0	0.00371824003305102	0	0	0	0.0846932451972733	0	0	0	0	0.0399710803552985	0	0	0	0.0154926668043793	0.0142532534600289	0	0	0	0	0.0331543069613716	0	0.0139434001239413	0	0.00991530675480273	0	0	0	0.0105350134269779	0	0	0	0
CON24	0	0	0	0	0	0.000314386824773682	0.000435304834302021	0.000362754028585017	0	0	0	0	0	0	0	0	0.00101571128003805	0	0	0	0	0	0	0.000677140853358699	0	0.000290203222868014	0	0	0.000241836019056678	0.000628773649547364	0.000314386824773682	0	0.006916510145021	0.00636834850182586	0	0	0	0.000411121232396353	0	0.000701324455264367	0	0.00174121933720808	0	0	0	0	0.000266019620962346	0	0	0	0.000798058862887038	0	0	0	0	0	0.000241836019056678	0.000241836019056678	0	0	0.000652957251453031	0	0	0	0	0	0	0	0	0	0	0.924442366446058	0	0.000362754028585017	0	0	0	0	0	0.000435304834302021	0.0189599438940436	0	0.00111244568766072	0	0.000580406445736028	0.000507855640019024	0.00116081289147206	0	0.000266019620962346	0	0	0	0.00133009810481173	0.009270380730506	0.000677140853358699	0	0.000580406445736028	0.000386937630490685	0	0	0	0	0	0.000241836019056678	0	0	0	0	0	0.00623130809102708	0	0	0.000241836019056678	0	0.00108826208575505	0	0.00293427703122103	0	0.000435304834302021	0.00106407848384938	0.000411121232396353	0	0	0	0.00236999298675545	0	0.00202336135944088	0	0.000266019620962346	0	0	0	0	0	0	0	0
CON25	0	0.00308219178082192	0	0	0	0.00282534246575342	0.01875	0	0	0	0	0	0	0	0	0.00565068493150685	0	0	0	0	0	0	0	0.00933219178082192	0	0.00333904109589041	0	0	0	0	0	0	0.0658390410958904	0	0	0.0285102739726027	0	0.0115582191780822	0	0.00590753424657534	0	0	0	0	0	0.00821917808219178	0.0336472602739726	0	0.0490582191780822	0	0.00873287671232877	0	0.0038527397260274	0	0	0.0128424657534247	0.020291095890411	0	0	0	0	0	0	0	0	0	0	0	0.0074486301369863	0	0	0.235102739726027	0.00821917808219178	0.0038527397260274	0	0.0490582191780822	0.00513698630136986	0	0	0	0	0.00488013698630137	0	0	0	0	0.0761130136986301	0.00308219178082192	0.0300513698630137	0.00256849315068493	0	0	0.00410958904109589	0.0285102739726027	0.00333904109589041	0	0	0	0.00513698630136986	0.0470034246575342	0	0	0	0	0	0	0	0.0120719178082192	0	0.0410102739726027	0	0	0.0190068493150685	0	0	0	0.00308219178082192	0	0.0719178082191781	0	0	0	0	0	0.0288527397260274	0	0.0074486301369863	0	0.00282534246575342	0.00565068493150685	0	0	0.00308219178082192	0	0	0	0
CON26	0.00435923309788093	0	0	0	0.00217961654894046	0	0	0.00314833501513623	0.00230070635721493	0	0.0192936427850656	0.00520686175580222	0	0	0	0.014167507568113	0.00508577194752775	0	0	0.00133198789101917	0	0	0	0	0	0.00750756811301715	0.00593340060544904	0	0	0	0	0	0.00593340060544904	0	0.00496468213925328	0.0335418768920283	0	0	0	0	0.0112613521695257	0.00593340060544904	0.00883955600403633	0	0	0.0113824419778002	0	0	0.0208274470232089	0	0	0	0	0	0	0.0169525731584258	0	0	0	0	0	0	0	0	0	0	0.00145307769929364	0	0.00314833501513623	0	0	0.372996972754793	0.0190514631685166	0.00460141271442987	0	0	0	0.00908173562058527	0	0	0	0	0.00653884964682139	0.00205852674066599	0	0.00157416750756811	0.0505348133198789	0.00302724520686176	0.0313622603430878	0.00435923309788093	0	0	0.00492431886982846	0.0188900100908174	0.00605449041372351	0	0	0.00496468213925328	0	0	0	0	0.00508577194752775	0	0	0.0339051463168517	0	0	0.0012108980827447	0.0418970736629667	0	0	0.0582038345105954	0	0.00665993945509586	0.00205852674066599	0.00230070635721493	0	0.0850454086781029	0.00343087790110999	0	0	0	0	0.0104137235116044	0	0.00980827447023209	0	0.00133198789101917	0	0	0.0024217961654894	0.00145307769929364	0	0	0	0
CON27	0	0	0	0	0.00236733083448412	0.00192345630301835	0	0	0	0	0	0	0	0	0	0	0.00192345630301835	0	0.00355099625172618	0.00192345630301835	0	0	0.0423160386664036	0.0107023081475636	0	0.00162753994870783	0	0	0	0.00448806470704281	0	0	0.0232787532057605	0.00266324718879463	0	0.00192345630301835	0.00606628526336556	0.0059183270862103	0	0.00221937265732886	0	0.00295916354310515	0	0	0	0.00611560465575064	0	0	0.0169165515880844	0	0.00310712172026041	0.0048826198461235	0	0	0	0.0106529887551785	0.00562241073189978	0.00147958177155257	0	0	0	0	0	0	0	0	0.00236733083448412	0.00147958177155257	0.00236733083448412	0	0.0202702702702703	0.345137107910831	0.00429078713750247	0.00754586703491813	0	0.00739790885776287	0	0.00705267311106727	0	0	0.102091142237128	0	0.0938054843164332	0.00532649437758927	0	0	0.0289011639376603	0	0	0.00162753994870783	0	0	0	0.0112448214637996	0.0377293351745907	0	0	0.00710199250345236	0.00355099625172618	0.00769382521207339	0	0	0	0	0.00858157427500493	0.00295916354310515	0.00251528901163938	0	0	0.0161767607023081	0	0	0.00147958177155257	0	0.00399487078319195	0	0	0.00147958177155257	0.0407378181100809	0	0	0	0	0	0.0265338331031762	0	0.0268297494574867	0	0	0.00162753994870783	0	0	0	0.00266324718879463	0	0	0.00281120536594989
CON28	0	0	0.00412593938798566	0	0	0	0.0058941991256938	0.00206296969399283	0	0	0	0.00250503462841986	0	0	0	0	0	0.00221032467213517	0	0.00176825973770814	0	0	0.004273294366128	0.017093177464512	0	0.00162090475956579	0	0	0.00279974458470455	0	0	0	0.0215629451348298	0.00147354978142345	0.00176825973770814	0	0	0.00162090475956579	0	0.00338916449727393	0.00663097401640552	0.00250503462841986	0	0	0	0.0193526204626946	0	0	0.0147846161402819	0.00353651947541628	0	0	0	0	0	0	0.00368387445355862	0	0	0	0	0	0	0	0	0	0	0	0	0	0	0.355420207279336	0.00235767965027752	0.0114936882951029	0.0117883982513876	0.010413085122059	0	0.0111498600127708	0	0	0.103148484699641	0	0.0246082813497716	0.0518689523061054	0.00501006925683973	0.0159143376393732	0.0317304386266516	0	0	0	0	0	0.0144899061839973	0.00766245886340194	0.00987278353553711	0	0	0	0.00206296969399283	0.0264256594135272	0	0.00176825973770814	0	0.00176825973770814	0	0	0	0	0	0.0629205756667813	0	0	0.00442064934427035	0.00353651947541628	0.00412593938798566	0	0.00235767965027752	0	0.0128690014244315	0.00309445454098924	0.00279974458470455	0.00987278353553711	0.00176825973770814	0	0.00147354978142345	0	0.0379684660346775	0.0193035021366472	0	0.00574684414755145	0	0	0.00221032467213517	0	0.00191561471585048	0	0
CON29	0	0	0	0	0.00987284966342558	0	0.00224382946896036	0	0	0	0	0	0	0	0	0	0	0	0	0	0	0	0	0.0105459985041137	0	0	0	0.00471204188481675	0.00718025430067315	0	0	0.012341062079282	0.0298429319371728	0	0	0.0139117427075542	0	0.00516080777860883	0	0.00224382946896036	0	0	0	0	0.00471204188481675	0.0213911742707554	0.0270755422587883	0	0.0485415108451758	0	0.00381451009723261	0	0.00830216903515333	0	0	0	0.0105459985041137	0	0	0	0	0	0	0	0.00336574420344054	0	0	0	0	0	0	0.340538519072551	0.00246821241585639	0.00246821241585639	0	0	0	0.0204188481675393	0	0	0.0729244577412117	0.00628272251308901	0.0650710545998504	0.00403889304412865	0	0.012565445026178	0.0509349289454002	0	0	0.00695587135377711	0	0	0.0132385938668661	0.0179506357516829	0.0166043380703067	0	0	0	0	0.00224382946896036	0	0	0	0	0.00762902019446522	0	0.00426327599102468	0	0	0.0411368735976066	0	0.00785340314136126	0.00680628272251309	0	0.0100972326103216	0	0	0.00381451009723261	0.00269259536275243	0.0100972326103216	0.0105459985041137	0	0	0	0	0.00516080777860883	0.0206432311144353	0	0	0	0.00605833956619297	0	0	0	0.00269259536275243	0	0
CON30	0	0	0	0	0	0.00819854991634133	0	0.00351366424986057	0	0.00468488566648076	0	0	0	0.00217512548800892	0	0	0.00585610708310095	0	0	0.00184049079754601	0.00217512548800892	0	0	0	0	0	0	0	0	0	0	0	0.037813720022309	0.00652537646402677	0	0	0	0.00267707752370329	0.00535415504740658	0	0.00769659788064696	0.00669269380925823	0	0.00200780814277747	0	0	0.0103736754043503	0	0	0.00351366424986057	0.00814277746793084	0	0.0158951477969883	0	0.00384829894032348	0	0.00886781929726715	0.00184049079754601	0	0.0112102621305075	0.00167317345231456	0.00267707752370329	0	0	0	0.00200780814277747	0.0148912437255996	0	0.0138873396542108	0	0.0297824874511991	0.221305075292805	0.00250976017847183	0	0	0	0	0.00953708867819297	0.00886781929726715	0	0.108756274400446	0.0147796988287786	0.0272727272727273	0	0.00468488566648076	0.00702732849972114	0.0329615170105968	0	0	0.00368098159509202	0	0.00250976017847183	0.0030117122141662	0.0419966536530954	0.0199107640825432	0	0.0045175683212493	0.00886781929726715	0	0	0	0	0	0.00250976017847183	0.00619074177356386	0	0	0	0	0.137088678192973	0	0	0.0151143335192415	0	0.00267707752370329	0	0.0170663692136085	0	0.0218070273284997	0.00184049079754601	0	0.0030117122141662	0	0	0.0137200223089794	0	0.00819854991634133	0.00568878973786949	0.00401561628555494	0.0045175683212493	0	0	0	0.00418293363078639	0	0	0.00435025097601785
CON31	0	0	0.00167053364269142	0	0	0	0.0167053364269142	0	0	0	0	0.00403712296983759	0	0	0	0	0.00960556844547564	0.00278422273781903	0.00208816705336427	0.005707656612529	0	0	0	0.00807424593967517	0.0059860788863109	0	0.00194895591647332	0.00292343387470998	0	0.00807424593967517	0	0	0.0394431554524362	0.00334106728538283	0	0.00821345707656613	0	0	0	0.00222737819025522	0.00167053364269142	0.00139211136890951	0.00292343387470998	0	0	0.019907192575406	0	0	0.00417633410672854	0	0.0147563805104408	0	0.00292343387470998	0.00487238979118329	0	0.00222737819025522	0.00765661252900232	0.00426914153132251	0	0.00584686774941995	0	0	0	0	0	0	0	0	0.00890951276102088	0	0.00139211136890951	0.385568445475638	0.0133642691415313	0.0158236658932715	0.00167053364269142	0.014199535962877	0.00640371229698376	0.00473317865429234	0	0.00153132250580046	0.0140603248259861	0.00640371229698376	0	0.00668213457076566	0.00626450116009281	0.00361948955916473	0.0410672853828306	0.00278422273781903	0.00863109048723898	0.00180974477958237	0.00292343387470998	0	0.00417633410672854	0.042877030162413	0.0091415313225058	0	0	0	0	0.00459396751740139	0	0	0	0	0.00278422273781903	0	0.00167053364269142	0	0	0.10677494199536	0	0.00167053364269142	0.0202320185614849	0.00167053364269142	0.00946635730858469	0	0	0	0.0122969837587007	0.00153132250580046	0	0	0	0	0	0	0.0181902552204176	0	0.00153132250580046	0.00389791183294664	0	0	0.014199535962877	0	0	0	0
CON32	0	0	0	0	0	0	0.009837638966648	0	0.00407902103495161	0.00935775413900664	0.0103175237942894	0	0	0	0	0	0	0	0	0	0	0	0	0.00599856034551708	0	0	0	0	0	0	0	0	0.0543069663280813	0	0.00239942413820683	0.00239942413820683	0	0.00263936655202751	0.0124770055186755	0	0	0.00335919379348956	0	0.00335919379348956	0.00383907862113093	0.009837638966648	0	0	0.0175157962089099	0.00239942413820683	0.00575861793169639	0	0	0	0	0	0	0.00335919379348956	0	0	0	0	0	0	0	0	0	0	0	0	0	0.589858433975846	0	0	0	0	0.0028793089658482	0.00959769655282732	0	0	0.0643045669039431	0	0.0266336079340958	0	0	0.0236743181636407	0.00503879069023434	0	0	0	0	0	0	0.00647844517315844	0.00503879069023434	0	0	0	0	0	0	0	0	0	0.018955450691834	0	0	0	0	0.0328721106934336	0.00815804206990322	0	0	0	0	0	0.0107974086219307	0	0.0130368711509238	0.00263936655202751	0.00239942413820683	0	0	0	0	0	0.00479884827641366	0	0.00263936655202751	0	0.00335919379348956	0	0	0	0	0.00359913620731025	0
CON33	0	0	0.00131323869676693	0	0.00300168844975299	0	0.00272028015758864	0.00225126633731474	0	0.000938027640547808	0	0.00131323869676693	0	0	0	0	0	0.00375211056219123	0	0.000938027640547808	0.00337689950597211	0	0.0133199924957789	0.00356450503408167	0.00478394096679382	0	0	0	0	0	0	0.00159464698893127	0.00703520730410856	0	0.00140704146082171	0	0	0.00872365705709462	0	0.00612844725157901	0	0.00328309674191733	0	0	0.00150084422487649	0.00168844975298605	0	0	0.00347070227002689	0.00112563316865737	0.00112563316865737	0	0	0	0	0.00131323869676693	0.0207929460321431	0	0	0	0.00103183040460259	0	0	0	0	0	0.00159464698893127	0	0	0	0	0.630073166155963	0.00215746357325996	0.00853605152898505	0.00187605528109562	0.00628478519167031	0	0.00422112438246514	0	0	0.115002188731161	0	0.00590957413545119	0.00168844975298605	0.000938027640547808	0	0.0238259020699143	0.000938027640547808	0.0024388718654243	0.00150084422487649	0	0	0.000938027640547808	0.0117253455068476	0.00309549121380777	0	0.00187605528109562	0.000938027640547808	0	0.00469013820273904	0	0.00347070227002689	0	0	0	0	0	0	0	0.0305484334938403	0	0	0.0141016821962354	0.00140704146082171	0.00806703770871115	0	0	0.00103183040460259	0.00375211056219123	0	0	0	0	0	0.00215746357325996	0	0.00372084297417297	0	0	0	0	0	0	0	0	0	0
CON34	0	0.000546948912015137	0	0	0	0	0	0	0.00379907757805109	0.0063416508987701	0	0.00339995269631031	0.000147824030274361	0.000635643330179754	0	0	0	0.000251300851466414	0.000266083254493851	0	0	0	0	0.000428689687795648	0	0.000162606433301798	0	0	0	0	0	0	0.00592774361400189	0.000147824030274361	0	0	0	0.00285300378429518	0.000310430463576159	0.000473036896877956	0	0.000147824030274361	0	0.000428689687795648	0	0.00045825449385052	0.000147824030274361	0	0.000443472090823084	0	0.000147824030274361	0.000502601702932829	0.00019217123935667	0	0	0	0.000369560075685904	0.000413907284768212	0	0	0	0	0	0	0	0.00019217123935667	0	0	0	0	0	0.920421397035635	0	0.00019217123935667	0	0.000177388836329234	0.000399124881740776	0	0.000236518448438978	0	0.00350342951750237	0	0	0.0015964995269631	0.000709555345316935	0.00065042573320719	0.00135505361084831	0.000798249763481552	0	0	0.000162606433301798	0	0.000591296121097446	0.00125650425733207	0.000660280668558814	0.000147824030274361	0	0	0.00134519867549669	0.00169997634815516	0	0	0	0	0.000576513718070009	0	0	0	0	0.00274459949542731	0.0237848864711447	0	0.000325212866603595	0	0.000783467360454115	0	0.000266083254493851	0	0.000773612425102491	0.000177388836329234	0	0	0	0	0.00375473036896878	0	0.00100520340586566	0.000147824030274361	0.000399124881740776	0	0	0.000221736045411542	0	0	0	0	0
CON35	0	0	0	0.00303377603991101	0.00283152430391694	0	0.00586530034382795	0	0	0.00707881075979235	0.00626980381581609	0	0	0	0	0	0	0	0	0.00586530034382795	0	0	0	0.00283152430391694	0	0	0	0.00889907638373896	0	0	0	0	0.0275062360951932	0.00242702083192881	0	0	0	0	0	0.00525854513584575	0	0.00505629339985168	0.0101125867997034	0.0200229218634127	0	0.0156408009168745	0	0	0	0	0.0212364322793771	0	0	0	0	0	0.0105170902716915	0	0	0	0	0	0.00242702083192881	0	0	0.00768556596777456	0.00202251735994067	0	0.00343827951189914	0	0	0.362907031618688	0	0.00262927256792287	0	0.00525854513584575	0.00283152430391694	0.0200229218634127	0.00242702083192881	0	0.177172520730803	0.00384278298388728	0.00202251735994067	0	0.0355963055349558	0	0.0297310051911279	0	0	0.00748331423178049	0	0	0.00525854513584575	0.00943841434638981	0.00364053124789321	0.00424728645587541	0.00364053124789321	0.0135508663116025	0	0.015168880199555	0	0.00384278298388728	0	0	0.00343827951189914	0	0	0	0	0.0522483651318007	0	0	0.00586530034382795	0	0.0152362974448864	0.00364053124789321	0.0184723252207915	0	0	0.00566304860783388	0	0	0	0	0.00262927256792287	0.00343827951189914	0.00262927256792287	0	0	0	0	0	0	0	0	0	0
CON36	0	0.00404984423676012	0	0.0043613707165109	0	0	0	0	0	0	0	0.0059190031152648	0	0	0.00623052959501558	0	0	0	0	0	0	0	0	0.0165109034267913	0	0.0149532710280374	0	0	0	0	0	0	0.0155763239875389	0	0	0.02398753894081	0	0	0	0.035202492211838	0.0196261682242991	0.0246105919003115	0	0	0	0.0109034267912773	0	0	0	0	0.00560747663551402	0	0	0	0	0	0.00311526479750779	0.00404984423676012	0	0	0	0	0	0	0	0	0.0174454828660436	0	0	0.0043613707165109	0.00841121495327103	0.331152647975078	0	0.00903426791277259	0	0	0	0	0	0.0196261682242991	0.0364485981308411	0	0.104569055036345	0	0.0043613707165109	0	0.0314641744548287	0	0	0	0	0	0	0.0180685358255452	0.0221183800623053	0	0.00373831775700935	0	0	0.00342679127725857	0	0	0	0.00716510903426791	0	0	0.00498442367601246	0	0	0.0313603322949117	0	0	0.0308411214953271	0	0.0358255451713396	0	0.00996884735202492	0	0	0	0.0118380062305296	0.00809968847352025	0.00934579439252336	0	0.00903426791277259	0	0.015472481827622	0	0.00747663551401869	0	0	0	0	0.00965732087227414	0	0	0
CON37	0.000366983699807334	0.000458729624759167	0	0	0.000435793143521209	0	0	0	0	0	0	0.000252301293617542	0	0.00041285666228325	0	0	0	0	0	0.000481666105997125	0	0.000229364812379583	0	0	0	0	0	0	0	0	0	0	0.00372335545429524	0.000963332211994251	0	0	0	0	0	0.000504602587235084	0.000481666105997125	0.000435793143521209	0	0.00148322578672131	0	0	0	0.000802776843328542	0.00285176916725282	0	0.00164378115538701	0.00168200862411695	0	0	0	0	0	0	0	0.000344047218569375	0	0.000389920181045292	0	0.000435793143521209	0	0	0	0	0	0	0	0.94064803204991	0.000298174256093459	0.00174317257408483	0	0.000642221474662834	0	0	0	0	0.00639927826539038	0	0.00405975717911863	0	0.000619284993424875	0.0002752377748555	0.00413621211657849	0.000458729624759167	0	0.000733967399614667	0	0	0.000711030918376709	0.00198782837395639	0.00222483868008196	0	0	0	0.00116976054313588	0.000802776843328542	0	0	0	0	0	0	0.00041285666228325	0	0	0.00402917520413468	0.000366983699807334	0	0.00107801461818404	0	0.002752377748555	0.000779840362090584	0.0002752377748555	0.000229364812379583	0.00155968072418117	0	0	0	0.00178904553656075	0	0	0	0.000818067830820514	0	0	0	0	0	0	0	0	0.000619284993424875	0
CON7	0	0	0	0	0	0	0	0	0	0	0	0	0	0	0	0.0167317345231456	0	0	0	0	0	0	0.0023902477890208	0.0164927097442435	0	0	0	0	0	0	0	0	0	0	0	0	0	0	0	0	0	0	0	0.0176878336387539	0	0	0	0.00764879292486654	0.0813480997530077	0.00501952035694367	0	0.018165883196558	0	0	0	0	0.00693171858816031	0	0	0	0	0	0	0	0	0	0	0	0.00740976814596447	0	0	0.29997609752211	0.0260537009003267	0	0	0	0	0	0	0	0.00956099115608318	0	0.017926858417656	0	0.00764879292486654	0	0	0	0	0	0	0	0.128196956417815	0.00406342124133535	0	0	0	0	0	0.00478049557804159	0	0	0.00956099115608318	0	0	0	0	0	0	0	0.00382439646243327	0	0	0	0.0387220141821369	0	0	0.0229463787745996	0	0.00525854513584575	0	0	0.207951557644809	0	0	0	0.0172097840809497	0	0	0	0.0164927097442435	0	0	0	0	0	0
CON8	0	0.0018183513614323	0.00195822454308094	0.00209809772472958	0	0.00223797090637822	0	0.00139873181648639	0	0.00209809772472958	0	0.00349682954121596	0	0	0	0.00573480044759418	0	0	0	0	0.00237784408802686	0	0	0	0.00335695635956733	0	0	0	0	0.00265759045132413	0	0	0.00895188362551287	0	0	0	0	0.00853226408056695	0	0.00153860499813502	0	0.00209809772472958	0	0	0	0	0	0	0.00321708317791869	0.00153860499813502	0	0	0	0	0	0	0.00428944423722492	0	0	0	0	0.00223797090637822	0	0	0	0	0	0	0	0	0	0.657077582991421	0.00536180529653114	0	0	0.00699365908243193	0.00223797090637822	0.00559492726594554	0.0018183513614323	0	0.109240954867587	0.00223797090637822	0.0254569190600522	0.00405632226781052	0.00293733681462141	0	0.0103972398358821	0	0.00153860499813502	0.0054550540842969	0	0	0	0.00638754196195449	0.00671391271913465	0	0	0	0	0.0041029466616934	0	0.00223797090637822	0	0.00167847817978366	0	0	0	0	0	0.0443864229765013	0	0	0.0054550540842969	0	0	0	0.0018183513614323	0	0.0036367027228646	0	0.00377657590451324	0	0	0.00153860499813502	0.00517530772099963	0	0.00895188362551287	0	0	0	0.00209809772472958	0	0	0	0	0	0
CON9	0	0	0	0	0	0.00560086469490027	0	0	0	0	0	0	0	0.00368477940453965	0.00456912646162916	0	0	0	0	0	0	0	0	0.00162130293799745	0.00191608529036062	0	0	0	0	0	0	0	0.00412695293308441	0	0	0	0	0.0216665028986931	0	0	0	0	0	0.0603812518423897	0	0.212881988798271	0	0	0.202318954505257	0.00221086764272379	0	0	0.00442173528544758	0	0	0	0	0	0	0	0.0020634764665422	0	0	0	0	0	0	0	0	0	0	0.0614129900756608	0	0.0084012970423504	0	0.00427434410926599	0.0567456028299106	0	0	0	0	0	0.0458877861845337	0.103615996855655	0	0	0.0366512724771544	0	0.0153286823228849	0.0020634764665422	0	0	0.0589564704726344	0.00677999410435295	0.00604303822344502	0	0	0	0	0.00265304117126855	0	0	0.00692738528053454	0	0	0.00324260587599489	0	0	0	0.0199960695686352	0	0	0	0	0.00766434116144247	0	0.00383217058072123	0	0	0	0.00604303822344502	0	0.00648521175198978	0	0	0	0.00953129605974256	0	0	0	0	0	0	0	0	0	0
CON10	0	0.0113897837091578	0.00552231937413714	0	0	0	0	0	0	0	0	0.00517717441325357	0.00621260929590428	0	0	0	0	0	0	0.00621260929590428	0	0	0.00483202945237	0.0245052922227335	0	0	0	0	0	0	0	0	0	0.00828347906120571	0	0	0	0.0113897837091578	0	0.00552231937413714	0	0	0	0	0	0	0	0.00552231937413714	0.00862862402208928	0	0	0	0	0	0	0	0	0	0	0	0	0	0	0	0	0	0	0	0	0	0	0.501840773124712	0	0.00828347906120571	0.00379659456971928	0	0.0189829728485964	0.0092038656235619	0	0	0.0476300046019328	0	0.0956051541647492	0	0	0.0124252185918086	0.016912103083295	0	0	0	0	0	0	0.00839852738150023	0	0	0	0	0	0	0	0	0	0.00379659456971928	0.00759318913943856	0	0	0	0	0.0860561435803037	0.00448688449148642	0	0.0162218131615278	0.0182926829268293	0	0	0.00483202945237	0	0.00517717441325357	0.00448688449148642	0.00379659456971928	0	0	0	0	0	0.00483202945237	0	0	0.00724804417855499	0	0.00690289921767142	0	0	0	0	0
CON11	0	0	0	0.00446549391069012	0.00487144790257104	0	0	0	0	0	0	0	0	0	0	0.00487144790257104	0	0.00771312584573748	0	0	0	0	0	0	0	0	0	0	0	0	0	0	0.0410013531799729	0	0	0.0105548037889039	0	0	0.00852503382949932	0.0133964817320704	0.00771312584573748	0	0	0.0133964817320704	0	0	0.0128552097428958	0	0	0	0	0	0	0	0	0	0.0146143437077131	0.00487144790257104	0	0	0	0	0	0	0	0	0	0	0	0	0	0.238430311231394	0	0.0105548037889039	0	0	0	0.0081190798376184	0	0	0.0677943166441137	0	0.120838971583221	0.0170500676589986	0	0.0081190798376184	0.0178619756427605	0	0	0.0146143437077131	0	0	0	0.0742895805142084	0.0231393775372125	0.00771312584573748	0	0	0	0	0	0	0	0	0.00893098782138024	0	0	0	0	0.0859269282814614	0	0	0.0479025710419486	0	0	0	0	0	0	0.00446549391069012	0.0138024357239513	0.00446549391069012	0	0	0.0211096075778078	0.00527740189445196	0	0	0.0430311231393775	0	0	0	0	0	0	0.00771312584573748	0
CON12	0	0	0	0	0	0	0.0915111378687538	0	0	0	0	0	0	0	0	0	0	0	0	0.0168573148705599	0	0	0	0	0	0	0	0	0	0	0	0	0.0192655027092113	0	0.0499698976520169	0	0	0	0	0	0	0	0	0	0	0	0	0	0.0168573148705599	0	0	0	0	0	0	0	0.0313064419024684	0	0	0	0	0	0	0	0	0	0	0	0.0150511739915713	0	0.00842865743527995	0.251655629139073	0	0.0596026490066225	0	0	0	0	0	0	0.0499698976520169	0	0	0	0	0	0.0610074252458358	0	0.0138470800722456	0	0	0	0	0.0931165964278547	0	0	0	0	0	0.0307043949428055	0	0	0	0	0	0	0	0	0	0.113184828416616	0	0	0	0	0.0078266104756171	0	0	0	0	0.0325105358217941	0	0	0	0	0.0222757375075256	0	0	0	0.0150511739915713	0	0	0	0	0	0	0	0
CON13	0	0	0	0	0	0	0.00250948525677412	0	0	0	0	0	0	0	0	0.00125474262838706	0	0	0	0.00116511815493084	0	0.000896244734562184	0.000985869208018403	0	0.00125474262838706	0.00549696770531473	0	0	0	0.00188211394258059	0	0.000985869208018403	0.00743883129686613	0	0	0.00716995787649748	0	0	0	0	0	0.00107549368147462	0	0	0	0	0.00179248946912437	0	0.00675171033370179	0.00152361604875571	0.000896244734562184	0.00672183550921638	0.00125474262838706	0	0	0	0	0	0.00170286499566815	0	0	0	0	0.00286798315059899	0	0.0014339915752995	0	0	0	0.000896244734562184	0.00116511815493084	0.75911929017417	0.00215098736294924	0.000896244734562184	0	0.0159531562752069	0.00286798315059899	0	0	0	0.0473814716338542	0	0.0373734054312431	0	0.00555671735428554	0	0.00830520120694291	0.00233023630986168	0	0.000896244734562184	0.000985869208018403	0	0.0014339915752995	0.00495922086457742	0	0	0	0.00107549368147462	0	0.00304723209751143	0.00331610551788008	0	0	0	0	0	0	0.000985869208018403	0	0.0259313476533325	0	0	0.00206136288949302	0	0	0.00277835867714277	0	0	0	0.00152361604875571	0	0	0	0	0.00179248946912437	0	0.00501897051354823	0	0	0.000896244734562184	0	0.000985869208018403	0	0	0.00125474262838706	0	0
CON14	0	0	0	0	0	0	0	0	0	0.0845070422535211	0.0161173224916509	0	0.00566284303760709	0	0	0.0143749092493103	0	0.00653404965877741	0	0.00871206621170321	0	0	0	0.00609844634819225	0	0.0121968926963845	0	0	0	0	0	0	0.0182953390445767	0	0	0.0100188761434587	0	0	0.00958327283287353	0	0.0143749092493103	0.0204733555975025	0	0	0	0	0	0	0.0339770582256425	0	0.0235225787715987	0	0	0	0	0	0.00914766952228837	0	0	0	0	0	0	0	0	0	0	0	0.00522723972702193	0	0	0.0620008712066212	0.0113256860752142	0	0.00784085959053289	0.032670248293887	0	0	0.00479163641643676	0	0.0444315376796864	0	0.0143749092493103	0	0	0.0283142151880354	0.0347030637432844	0	0.0152461158704806	0	0	0	0.0609844634819225	0.0556120226513721	0.0309278350515464	0	0	0	0.0222157688398432	0	0	0	0	0	0	0	0	0	0	0.053288804994918	0	0	0.0392042979526644	0	0.0117612893857993	0	0	0	0.0178597357339916	0.00479163641643676	0	0	0	0	0	0	0.033396253811529	0.00696965296936257	0.0888630753593727	0	0	0	0.0196021489763322	0	0	0	0
CON15	0	0	0	0	0	0.00257709818744094	0	0	0	0	0	0.0422644102740314	0	0	0	0.0105661025685079	0	0	0	0.00850442401855511	0	0	0	0.00541190619362598	0	0.00850442401855511	0	0	0	0	0	0	0.0286057898805945	0.00850442401855511	0	0.0134009105746929	0	0.00412335709990551	0	0	0	0	0	0	0	0	0	0	0.00953526329353148	0	0.0270595309681299	0	0	0.0100506829310197	0	0	0.00309251782492913	0.0043810669186496	0	0	0	0	0	0	0	0.0255132720556653	0.013658620393437	0	0.00670045528734645	0	0	0.306588781032557	0.00335022764367322	0.00257709818744094	0	0.0162357185808779	0.00798900438106692	0.00257709818744094	0	0	0.0363370844429173	0.00953526329353148	0.0559230306674684	0	0.0090198436560433	0.010823812387252	0.0300661455201443	0.00257709818744094	0.00927755347478739	0.00360793746241732	0	0	0.00257709818744094	0.0259427884202388	0.0121123614809724	0.00257709818744094	0	0	0	0.0186410102224895	0	0	0	0	0.0131432007559488	0	0	0	0	0.0708702001546259	0	0	0.00618503564985826	0	0.0103083927497638	0	0	0	0.0403745382699081	0.0275749506056181	0	0	0	0	0.00386564728116141	0.00515419637488188	0.0170947513100249	0	0	0	0	0	0	0.00463877673739369	0	0	0
CON16	0	0	0	0	0	0	0	0.000277611308915289	0	0	0	0	0	0	0	0	0.000158635033665879	0.000198293792082349	0	0.000383367998025875	0	0.00084605351288469	0	0.00036133535446117	0.000409807170303522	0	0	0	0	0	0	0	0.0018551485881482	0	0	0.000145415447527056	0	0.000991468960411746	0.000356928825748229	0.000277611308915289	0.000132195861388233	0.00144093488913174	0	0.000237952550498819	0	0.000211513378221172	0	0.000145415447527056	0	0.00088571227130116	0.00117213663764233	0	0.000264391722776466	0	0	0	0.000660979306941164	0.000370148411887052	0	0	0.000145415447527056	0	0	0	0	0	0	0.000158635033665879	0.000700638065357634	0	0	0.951669193076462	0.000158635033665879	0.00199175097824937	0.000198293792082349	0	0	0.000894525328727042	0	0	0.0107298974160116	0	0.00199615750696232	0	0	0.000251172136637642	0.00132195861388233	0	0.000489124687136461	0	0	0	0	0.0015114393485388	0	0	0	0	0	0.000528783445552931	0	0.000198293792082349	0.000185074205943526	0	0.000132195861388233	0	0	0	0	0.00452991151690344	0	0	0	0.000581661790108224	0.00117654316635527	0	0.000898931857439983	0	0.00304050481192935	0.00115010399407763	0	0	0	0	0.000475905100997638	0	0.00236189939013643	0	0	0	0	0.000132195861388233	0.000608100962385871	0	0	0	0
CON17	0	0	0	0	0	0	0	0.0066091426473288	0	0	0	0	0	0.0041307141545805	0	0	0	0	0	0	0	0.0187259041674316	0	0.00908757114007711	0	0.0380025702221406	0	0	0	0	0	0	0.0228566183220121	0	0	0	0	0	0	0.0173489994492381	0.0063337617036901	0.0057829998164127	0	0	0	0.0278134753075087	0	0	0.0540664586010648	0	0	0	0.0035799522673031	0	0	0	0.0041307141545805	0	0.0041307141545805	0	0	0	0.00715990453460621	0.0349733798421149	0	0.0289149990820635	0	0	0	0	0.0269873324765926	0.073526711951533	0	0.00936295208371581	0	0.0044060950982192	0.00991371397099321	0.0063337617036901	0	0	0.128327519735634	0	0.0148705709564898	0.0327703322930053	0	0	0.104277583991188	0.02753809436387	0.0487424270240499	0	0	0.00743528547824491	0.0100055076188728	0.05507618872774	0.0107398568019093	0	0	0	0	0	0	0	0	0	0	0	0	0	0	0.0295575546172205	0	0.002753809436387	0.0217550945474573	0.0181751422801542	0	0	0.0132182852946576	0	0.011015237745548	0.0063337617036901	0	0	0.00771066642188361	0	0.0030291903800257	0	0.0123003488158619	0	0	0.0035799522673031	0.0066091426473288	0	0	0	0	0	0
CON18	0	0	0	0	0.00478755236385398	0	0	0	0	0	0	0	0	0	0	0	0.00598444045481747	0	0	0.00359066427289048	0	0	0	0.00628366247755835	0.0143626570915619	0	0	0	0	0	0	0	0.0586475164572113	0	0.00508677438659485	0.0107719928186715	0	0.0137642130460802	0	0.00897666068222621	0	0.0149611011370437	0	0.00598444045481747	0.00478755236385398	0.00359066427289048	0	0	0.0150608418112906	0	0.00508677438659485	0	0	0	0	0	0.00837821663674446	0.00748055056852184	0	0	0	0	0.00388988629563136	0	0.00359066427289048	0.00329144225014961	0.0128665469778576	0.0179533213644524	0.0113704368641532	0	0.0056852184320766	0.263016157989228	0	0	0	0	0.0412926391382406	0.00957510472770796	0	0.0131657690005984	0.0816876122082585	0.0056852184320766	0.0507680031917016	0	0.00299222022740874	0	0.0187512467584281	0	0	0.00538599640933573	0	0.00867743865948534	0.0724117295032914	0.0161579892280072	0.00957510472770796	0	0	0	0	0.0149611011370437	0	0	0	0.00837821663674446	0.00388988629563136	0	0	0	0.0125673249551167	0.0219429483343307	0	0	0.0113704368641532	0	0	0	0.00478755236385398	0	0	0	0.0068821065230401	0	0	0.00418910831837223	0.00329144225014961	0.00388988629563136	0.0068821065230401	0	0.00299222022740874	0	0.00388988629563136	0.018850987432675	0	0.00598444045481747	0	0	0.00987432675044883
CON19	0	0.0103996148290804	0	0	0	0.0225324987963409	0	0	0	0	0	0.00375541646605681	0	0	0	0	0.00375541646605681	0.00288878189696678	0	0	0	0	0	0	0	0	0	0	0	0.00462205103514685	0	0	0.0103996148290804	0	0	0	0	0	0.00462205103514685	0.00548868560423688	0	0	0	0.112662493981704	0	0.177082330284064	0	0	0.0182956186807896	0	0	0	0	0	0	0	0	0.00722195474241695	0	0	0	0	0	0	0	0	0	0	0	0	0.0129995185363505	0.221954742416948	0	0	0	0	0	0	0	0	0.0863745787193067	0	0.0407318247472316	0	0	0.00548868560423688	0.0363023591718825	0	0.0472797303803563	0.00346653827636013	0	0	0.0135772749157439	0	0	0	0	0	0	0.0138661531054405	0	0	0.00982185844968705	0	0.0202214732787675	0	0	0	0	0.0404429465575349	0	0	0.0129995185363505	0.0051998074145402	0	0	0	0	0.00375541646605681	0.00491092922484352	0	0	0	0	0.0077997111218103	0.0141550312951372	0.00857005296100144	0	0	0	0	0	0	0.00635532017332691	0	0	0
CON43	0	0	0	0.00687588152327221	0	0	0	0	0	0.0169252468265162	0	0	0	0	0	0	0	0	0	0	0	0.00423131170662906	0	0.020892101551481	0.00317348377997179	0	0	0	0	0	0	0	0.0302362482369535	0	0	0	0	0	0.00476022566995769	0.0296191819464034	0	0.00555359661495063	0	0	0	0.0124294781382228	0	0	0.0304125528913963	0	0.00317348377997179	0	0	0	0	0	0.00370239774330042	0	0	0	0	0	0	0	0	0.0134873060648801	0	0.00290902679830748	0.00343794076163611	0	0	0.369181946403385	0.00423131170662906	0.00317348377997179	0	0	0.00290902679830748	0.00370239774330042	0	0	0.117154442877292	0	0.0766043723554302	0	0	0	0.0483074753173484	0.00343794076163611	0	0	0	0.00370239774330042	0	0.0154266572637518	0	0	0.00317348377997179	0	0	0.0102256699576869	0	0	0	0	0	0	0	0	0	0.0826868829337094	0	0	0.0103138222849083	0	0	0.00555359661495063	0.00290902679830748	0	0	0	0	0	0	0.00317348377997179	0.00449576868829337	0	0.00766925246826516	0	0	0	0	0	0.00370239774330042	0.00714033850493653	0	0.0148095909732017	0.00449576868829337
CON44	0	0.00513535031847134	0	0	0	0	0	0	0	0	0	0	0	0	0	0.00238853503184713	0	0	0	0.0027468152866242	0	0.00143312101910828	0	0	0	0.00131369426751592	0	0	0.00203025477707006	0	0	0.00370222929936306	0.00959394904458599	0	0	0	0	0.00346337579617834	0	0	0	0.0035828025477707	0	0	0	0	0.0104697452229299	0	0	0	0	0	0.00167197452229299	0	0	0.00477707006369427	0	0.00191082802547771	0	0	0	0	0	0	0	0	0	0	0	0.0035828025477707	0.00262738853503185	0.590804140127389	0.0071656050955414	0	0.00119426751592357	0	0	0.00453821656050955	0	0	0.00585191082802548	0	0.0119426751592357	0.00226910828025478	0	0.00238853503184713	0.00262738853503185	0.0027468152866242	0	0	0.012062101910828	0	0	0.237937898089172	0.00203025477707006	0	0	0	0.00191082802547771	0.00298566878980892	0	0	0	0	0	0	0	0.00262738853503185	0	0.00883757961783439	0	0	0.00656847133757962	0.00453821656050955	0.00262738853503185	0	0.00621019108280255	0	0	0.00453821656050955	0.00764331210191083	0.00179140127388535	0.00143312101910828	0	0	0	0.00286624203821656	0	0	0	0	0	0.00143312101910828	0	0	0	0
CON45	0	0.00641711229946524	0	0	0.00784313725490196	0	0	0.00677361853832442	0	0	0	0	0	0	0	0	0	0	0.00819964349376114	0	0	0	0	0	0.00641711229946524	0	0	0.0331550802139037	0	0	0	0	0.0238859180035651	0	0	0.00499108734402852	0	0	0	0.0238859180035651	0.00677361853832442	0	0	0.00606060606060606	0	0	0.0420677361853832	0	0.00998217468805704	0	0.00855614973262032	0	0	0	0	0	0.017825311942959	0	0	0	0	0	0	0	0	0	0	0	0	0	0	0.0837789661319073	0	0	0	0	0	0.109685086155674	0	0	0.258348187759952	0	0.0727272727272727	0	0.00748663101604278	0	0.0053475935828877	0	0	0	0	0	0.00499108734402852	0.0451574569221628	0.0071301247771836	0	0	0	0	0	0	0	0	0	0.00784313725490196	0	0	0.0035650623885918	0	0.0545454545454545	0	0	0.0122400475341652	0.00392156862745098	0	0	0	0	0.00926916221033868	0.0103386809269162	0	0	0	0	0.0452762923351159	0	0.041592394533571	0	0	0	0.00392156862745098	0	0	0	0	0	0
CON38	0	0.00514534500197898	0	0	0	0	0	0	0	0	0	0	0	0	0	0	0	0.00158318307753199	0	0	0	0.00131931923127666	0	0	0	0	0	0	0	0	0	0	0.011082281542724	0	0	0	0	0	0	0	0	0	0	0.00211091077004266	0	0	0	0.00343023000131932	0.0188662650072563	0	0.00329829807819165	0	0	0	0	0.0112142134658516	0.00382602577070232	0	0	0	0	0	0	0.00382602577070232	0	0.00369409384757465	0.00263863846255332	0.00211091077004266	0	0	0	0.808170983772374	0	0.00901534808039052	0	0.00211091077004266	0.00197897884691499	0	0	0	0.0424820792471085	0	0.00580500461761731	0	0	0	0.0200536523154053	0	0	0	0	0	0.00250670653942566	0	0.00197897884691499	0	0	0	0	0	0	0	0	0.00171511500065966	0	0	0	0	0	0.00958705308061041	0	0	0.00250670653942566	0	0.00461761730946831	0	0.00145125115440433	0	0	0	0.00343023000131932	0	0.00659659615638331	0	0	0	0.00184704692378733	0	0	0	0	0	0	0	0	0	0
CON39	0	0	0	0.00102364622786365	0	0	0	0	0.00266148019244549	0.00327566792916368	0	0	0	0	0	0	0	0	0	0	0.000511823113931825	0	0	0	0	0.000563005425325008	0.000870099293684103	0	0	0.000716552359504555	0	0	0.0104411915242092	0.000870099293684103	0	0	0	0	0	0.000716552359504555	0	0.0020472924557273	0	0	0	0.00240556863547958	0	0	0.00426519261609854	0	0	0	0	0	0	0	0.000870099293684103	0.00133074009622275	0	0.00138192240761593	0	0	0	0	0	0	0.00189374552154775	0	0	0	0.000767734670897738	0.852287849319275	0	0.000563005425325008	0.00112601085065002	0.00122837547343638	0	0	0	0	0.0282526358890367	0	0.000665370048111373	0.00174019858736821	0	0	0.00617599890811069	0	0.000716552359504555	0.000563005425325008	0	0	0.00516941345071143	0.00834271675708875	0.000767734670897738	0.00081891698229092	0	0	0.00168901627597502	0	0	0	0.00081891698229092	0	0	0.00081891698229092	0	0	0	0.0156617872863139	0.00921281605077285	0	0.0115160200634661	0	0.0011771931620432	0	0.000563005425325008	0	0.000767734670897738	0	0	0	0	0	0.00568123656464326	0	0.00332685024055686	0	0	0.000716552359504555	0	0	0.00158665165318866	0.000921281605077285	0.000511823113931825	0	0
CON40	0.00983606557377049	0	0.0247540983606557	0	0	0	0	0	0	0.00836065573770492	0	0	0	0	0	0	0	0	0.00663934426229508	0.00467213114754098	0	0.0231147540983607	0	0	0	0.00344262295081967	0	0	0	0	0	0	0.0359016393442623	0.00442622950819672	0.00245901639344262	0.0240983606557377	0.00319672131147541	0	0	0	0	0.0147540983606557	0	0	0	0	0	0	0	0	0	0	0.0501639344262295	0	0	0	0.00344262295081967	0.00344262295081967	0	0.00344262295081967	0	0	0	0	0	0	0.0250819672131148	0	0.00860655737704918	0	0	0.256393442622951	0	0.0172131147540984	0	0	0.00713114754098361	0	0	0.0226229508196721	0.0572950819672131	0	0.0821311475409836	0	0	0.00836065573770492	0.035327868852459	0	0	0.0142622950819672	0	0	0.00295081967213115	0.0194262295081967	0	0	0	0.00319672131147541	0	0.00491803278688525	0	0	0	0.00737704918032787	0.0115573770491803	0	0	0	0.00245901639344262	0.0363114754098361	0	0	0.030983606557377	0	0.00860655737704918	0.00245901639344262	0	0	0.0145081967213115	0.00934426229508197	0	0	0	0	0	0.0145081967213115	0.0708196721311475	0	0	0	0	0	0	0	0	0	0
CON41	0	0	0	0	0	0	0	0	0	0.00431251347660461	0	0	0	0	0	0	0	0	0	0	0	0	0	0	0.00409688780277438	0	0	0	0	0.00237188241213254	0	0	0.0102062818946309	0	0	0	0	0.00927190397469992	0.00625314454107669	0.00711564723639761	0	0	0	0	0	0.00301875943362323	0.00539064184575577	0	0.00495939049809531	0	0	0	0	0	0	0	0.00237188241213254	0	0	0	0.00388126212894415	0	0	0	0.005606267519586	0	0	0	0	0	0	0.240350751096097	0.005606267519586	0	0.00495939049809531	0	0.00215625673830231	0.0118594120606627	0	0	0.286063393948106	0	0.104650327032272	0	0	0.00884065262703946	0.0530439157622368	0	0.011212535039172	0.00646877021490692	0	0	0.00301875943362323	0.0226406957521742	0.00388126212894415	0	0.00431251347660461	0	0	0.00905627830086969	0	0	0	0	0.00733127291022784	0.00258750808596277	0	0	0	0.0263063322072881	0	0	0.00388126212894415	0	0.0134406670020844	0	0	0	0	0	0.00862502695320923	0	0	0.00258750808596277	0.00409688780277438	0.00517501617192554	0.03737511679724	0.0146625458204557	0	0.00215625673830231	0	0	0	0.00970315532236038	0.0150937971681162	0	0
CON42	0.00147962667880719	0.00295925335761439	0	0	0	0.00239016617345777	0	0	0.00159344411563852	0.00182107898930116	0.00182107898930116	0	0	0	0	0	0	0	0.00147962667880719	0	0.00113817436831323	0	0	0.00147962667880719	0.00170726155246984	0	0	0	0	0	0	0	0.0246604446467866	0	0	0.0106988390621443	0	0	0	0	0.0124061006146142	0.00307307079444571	0	0.010243569314819	0	0.00307307079444571	0	0	0.0078913422869717	0	0	0	0	0	0	0.00307307079444571	0.00273161848395174	0.00409742772592761	0.00182107898930116	0	0	0.00398361028909629	0	0	0	0	0.00295925335761439	0	0.00466651491008423	0	0.00113817436831323	0.488352682297595	0.00341452310493968	0.00273161848395174	0	0	0.00330070566810835	0.00159344411563852	0	0	0.12561651111617	0	0.0298201684498065	0	0	0.00967448213066242	0.0348281356703847	0	0.00364215797860232	0	0	0	0.00216253129979513	0.0117231959936262	0.00796722057819258	0	0	0	0	0.0264056453448668	0	0	0	0.003528340541771	0.00523560209424084	0	0	0	0	0.0427953562485773	0.00614614158889142	0	0.017983155019349	0.003528340541771	0.00261780104712042	0	0.00170726155246984	0	0.00694286364671068	0.00523560209424084	0	0	0	0	0	0.00717049852037332	0.0164655891949313	0	0	0.00136580924197587	0	0.00432506259959026	0	0.00159344411563852	0	0.00773958570452993	0
CON46	0	0.00204894706886739	0	0	0	0	0	0	0.00307342060330108	0.0241320432555492	0	0.00341491178144565	0	0	0	0	0.00256118383608423	0	0	0	0	0	0	0	0	0	0	0	0	0	0	0.00221969265793967	0.0100739897552647	0	0	0.00682982356289129	0	0	0.00375640295959021	0.00273192942515652	0.00187820147979511	0.014513375071144	0	0	0	0.00375640295959021	0.0029026750142288	0.00358565737051793	0.0536141149686966	0	0	0	0	0	0	0	0	0.00591918042117245	0	0.00597609561752988	0	0	0.0203187250996016	0	0.00187820147979511	0.0204894706886739	0	0	0	0	0.00495162208309619	0.517302219692658	0.00973249857712009	0	0	0	0.00512236767216847	0.00461013090495162	0	0	0.0479795105293113	0	0.0151963574274331	0	0	0.00546385885031303	0.0305634604439385	0	0	0	0	0	0	0.0271485486624929	0.00256118383608423	0	0	0	0	0.013318155947638	0	0	0	0.00409789413773478	0.0076835515082527	0	0	0	0	0.0496300512236767	0.00751280591918042	0	0.00620375640295959	0.0107569721115538	0.00546385885031303	0	0	0	0.00808195788275469	0	0.00717131474103586	0.00170745589072282	0	0	0	0	0.00779738190096756	0.00256118383608423	0	0	0	0	0	0.00170745589072282	0	0	0
CON47	0	0	0	0	0	0	0	0	0	0.00550357732526142	0	0	0.00440286186020914	0	0	0.00330214639515685	0	0	0	0.00302696752889378	0	0	0	0.0451293340671436	0	0	0	0	0	0	0	0	0.072188589249679	0.00275178866263071	0	0	0	0.0101816180517336	0	0.00605393505778756	0.00715465052283985	0	0	0	0	0.00577875619152449	0	0	0.011557512383049	0	0.00302696752889378	0	0	0	0	0	0	0	0	0	0	0.00330214639515685	0	0	0	0	0	0	0.00385250412768299	0	0	0.226380480645753	0	0.00385250412768299	0	0.0101816180517336	0	0	0.00385250412768299	0.0132085855806274	0.137589433131535	0	0.0242157402311502	0.00632911392405063	0	0.00495321959273528	0.0107319757842598	0	0	0	0	0	0	0.00889745000917263	0.0104567969179967	0	0.0085305448541552	0	0	0	0	0	0	0.00275178866263071	0	0	0	0	0	0.139332232617868	0	0	0.00825536598789213	0	0	0	0	0.00330214639515685	0.0138506696019079	0.00440286186020914	0	0	0	0	0.146211704274445	0	0.0142175747569253	0.00275178866263071	0.00550357732526142	0	0.00302696752889378	0	0	0	0	0	0
CON20	0	0.00168653024510906	0	0	0.00185518326961997	0.0026984483921745	0	0	0	0	0	0	0	0.00337306049021812	0	0	0	0	0	0	0.0026984483921745	0	0	0.0133235889363616	0	0	0	0	0	0	0.0026984483921745	0	0.00438497863728356	0	0	0	0	0	0	0.0264785248482123	0	0	0	0	0	0.0151787722059816	0	0	0.0325500337306049	0	0.00657746795592534	0.0100067461209804	0	0	0.00303575444119631	0	0	0	0	0	0	0	0	0.0109624465932089	0	0	0	0	0	0	0.00185518326961997	0.684056667416236	0.00387901956375084	0	0	0	0.00202383629413087	0	0	0	0	0	0	0	0	0.00202383629413087	0.0408140319316393	0	0.0229368113334832	0	0	0	0	0.0156847312795143	0.00640881493141444	0	0	0	0	0.00354171351472903	0	0	0.00168653024510906	0	0	0	0	0	0	0.0263098718237014	0	0	0.005396896784349	0.00185518326961997	0.00286710141668541	0	0.00236114234315269	0	0.00893861029907803	0.00978187542163256	0	0	0	0	0	0	0.00337306049021812	0	0.0166966494265797	0	0	0	0	0	0	0	0
CON21	0	0	0	0	0	0	0	0	0	0	0	0	0	0	0	0	0	0.00374251497005988	0	0	0	0	0	0.00449101796407186	0	0	0	0	0	0	0	0	0.0386726546906188	0.00374251497005988	0.00374251497005988	0.00898203592814371	0	0	0	0	0	0.00374251497005988	0	0.00374251497005988	0	0.0160928143712575	0	0	0.0376746506986028	0	0	0	0	0	0	0	0	0	0	0	0	0	0	0	0	0	0	0	0.00523952095808383	0	0	0.31686626746507	0	0.0063622754491018	0.00673652694610778	0	0	0	0	0	0.0490269461077844	0	0.168912175648703	0.0763473053892216	0	0	0.0583832335329341	0	0	0	0	0	0.00973053892215569	0.0134730538922156	0.0213323353293413	0	0.0063622754491018	0.0063622754491018	0	0.00960578842315369	0	0	0	0	0	0.0063622754491018	0	0	0	0.0686127744510978	0	0	0	0	0	0.00486526946107784	0.00374251497005988	0	0	0.0116017964071856	0	0	0.0112275449101796	0	0.00523952095808383	0	0	0	0	0	0	0.00523952095808383	0	0	0	0	0.00374251497005988
CON22	0	0	0	0	0	0	0	0	0	0	0	0	0	0	0	0	0	0	0	0	0	0	0	0.00578871201157742	0.0106126386878919	0	0	0	0	0	0	0	0.0207428847081524	0	0	0	0	0.0110950313555234	0	0.00578871201157742	0.0274963820549928	0.0135069946936807	0	0	0	0	0	0	0.0151149702524522	0	0	0	0	0	0	0	0	0	0	0	0	0	0	0	0	0	0	0	0.00627110467920888	0	0.00771828268210323	0.324167872648336	0.00964785335262904	0	0	0	0	0	0	0	0.110467920887603	0	0.0356970574047275	0	0.00578871201157742	0	0.0379482231870076	0	0	0	0	0	0	0.0106126386878919	0.0164013506994694	0	0.0139893873613121	0	0	0.0139893873613121	0	0	0	0	0.00916546068499759	0	0	0	0	0.0467920887602508	0	0	0.0482392667631452	0.00627110467920888	0.0120598166907863	0	0.0173661360347323	0.0318379160636758	0.0270139893873613	0.0160797555877151	0	0.0106126386878919	0	0	0.0308731307284129	0	0.0220292651551696	0	0.00916546068499759	0	0.00482392667631452	0	0	0	0.00482392667631452	0	0
CON23	0	0.000490669109108454	0	0	0.00127573968368198	0	0	0	0.000686936752751836	0.00264961318918565	0	0	0	0	0	0	0	0	0	0.00250241245645312	0.000588802930930145	0	0	0.00166827497096874	0	0	0.00843950867666541	0	0	0	0	0	0.019037961433408	0.00112853895094944	0	0	0.00206081025825551	0.000883204396395218	0.000588802930930145	0	0.0139840696095909	0.00333654994193749	0.00132480659459283	0	0	0.00063786984184099	0	0.000834137485484372	0.00245334554554227	0.000785070574573527	0	0.00549549402201469	0	0	0	0	0.00112853895094944	0	0	0	0	0	0	0.00348375067467003	0.000686936752751836	0	0	0	0.000981338218216909	0	0	0.753864019234229	0	0.00127573968368198	0	0.000981338218216909	0	0.015145319834481	0	0	0.042541011759703	0	0.000588802930930145	0.0021589440800772	0.00112853895094944	0.00250241245645312	0.0176640879279044	0.00608429695294483	0	0.00642776532932075	0	0	0	0.0102386287433964	0.00117760586186029	0	0.0010794720400386	0	0	0.00063786984184099	0	0	0	0	0.00534829328928215	0	0	0	0	0.0126919742889387	0.00137387350550367	0	0.0261035966045698	0	0.00328748303102664	0	0	0	0.00261690191524509	0	0	0	0	0	0.000834137485484372	0.0043178881601544	0.00103040512912775	0.00063786984184099	0	0	0.00112853895094944	0	0	0	0	0	0
MI33	0	0	0	0.002929907595222	0	0	0	0	0	0	0	0	0	0	0	0.0105927428442641	0	0	0	0	0	0.00608519269776876	0	0.00495830516114492	0	0	0	0	0	0	0	0	0.00540906017579446	0.0121703853955375	0.00225377507324769	0	0	0	0	0	0	0.002929907595222	0	0.00585981519044399	0	0.00563443768311922	0	0	0.00676132521974307	0.00315528510254677	0.0223123732251521	0	0.00405679513184584	0	0	0.0218616182105026	0.00405679513184584	0	0	0	0	0	0	0	0	0	0	0	0	0	0	0.250093907294719	0	0	0	0.00405679513184584	0.00631057020509353	0	0	0	0.152129817444219	0	0.218315678761926	0.0105927428442641	0	0.0232138832544512	0.0427466005559312	0	0	0.00315528510254677	0	0	0.0144992863045601	0.0164525580347081	0	0	0	0	0	0.00811359026369168	0	0	0	0	0.00383141762452107	0	0	0	0	0.0412440838404327	0	0.0112688753662384	0.0065359477124183	0.00585981519044399	0.00803846442791676	0	0.002929907595222	0	0.00405679513184584	0	0	0.00698670272706784	0	0	0.0065359477124183	0	0.0288483209375704	0	0	0	0.00315528510254677	0	0	0	0	0	0
MI32	0.00602323246809121	0	0.00516277068693532	0	0	0	0	0	0	0	0	0	0	0	0	0	0	0.00731392513982504	0.00258138534346766	0.00215115445288972	0.00236626989817869	0	0.00516277068693532	0	0.00430230890577944	0.00752904058511401	0	0.0393661264878818	0	0.00817438692098093	0.00258138534346766	0	0.0314068550121899	0	0	0.0354940484726803	0	0.0030116162340456	0	0.0187150437401405	0	0	0	0	0	0.00215115445288972	0.00344184712462355	0	0	0.00817438692098093	0.0113294134518858	0	0	0.00473253979635738	0.00494765524164635	0	0	0.0030116162340456	0	0	0	0	0.00430230890577944	0	0	0	0.00580811702280224	0	0.00322673167933458	0	0.00258138534346766	0.453535063817582	0	0.00365696256991252	0	0.00258138534346766	0.00530618098379464	0.0120464649361824	0	0	0.045819589846551	0	0.053133514986376	0	0.00537788613222429	0	0.0146278502796501	0	0	0	0	0	0	0.0103255413738706	0	0	0	0	0	0	0	0	0	0.00537788613222429	0	0	0	0.00408719346049046	0	0.07113150724222	0	0.00215115445288972	0.0146995554280797	0	0.00709880969453607	0	0.0111860031550265	0	0.0030116162340456	0.00473253979635738	0.022587121755342	0	0	0	0.00344184712462355	0	0.00666857880395812	0	0	0.00236626989817869	0	0	0	0	0	0	0
MI38	0	0	0	0	0	0	0	0	0	0.00265048886794675	0	0	0	0	0	0	0	0	0	0.000240953533449705	0	0	0	0	0	0	0	0	0	0	0.000208826395656411	0	0.000176699257863117	0.000449779929106116	0	0	0	0	0	0	0	0.000257017102346352	0	0	0	0	0	0	0	0	0.000240953533449705	0	0	0	0.000369462084622881	0	0	0	0	0	0	0	0	0	0	0	0	0	0.00032127137793294	0	0	0.976258045170756	0	0.000353398515726234	0	0	0	0	0	0	0.00493151565127063	0	0.00316452307263946	0.000979877702695467	0	0.000385525653519528	0.001092322684972	0.000208826395656411	0	0	0	0	0.000192762826759764	0	0.000192762826759764	0	0	0	0	0	0	0	0	0	0.000176699257863117	0	0.00016063568896647	0.000449779929106116	0	0.00228102678332387	0	0	0	0.00048190706689941	0.000771051307039056	0	0.000289144240139646	0	0.000433716360209469	0	0	0	0.00103877745531651	0	0.000519388727658253	0	0.000562224911382645	0	0	0	0	0	0	0	0	0	0.00016063568896647
MI36	0	0.00300400534045394	0.00680907877169559	0.00220293724966622	0	0	0.00220293724966622	0	0	0.00300400534045394	0	0	0	0	0	0	0	0.00260347129506008	0	0.00240320427236315	0	0	0	0.00640854472630174	0	0	0.00580774365821095	0	0	0	0	0.00640854472630174	0.0174232309746328	0	0	0.00720961281708945	0	0	0.00380507343124166	0.00660881174899867	0.00260347129506008	0	0	0.00280373831775701	0	0.0170894526034713	0	0	0.0759012016021362	0	0.00380507343124166	0.00300400534045394	0	0	0	0	0.00380507343124166	0	0	0	0	0	0	0.00460614152202937	0	0	0	0	0	0	0	0.382843791722296	0	0.016154873164219	0	0.00220293724966622	0.00300400534045394	0	0	0	0.0777036048064085	0.00200267022696929	0.0588785046728972	0	0	0	0.0763684913217623	0	0.0034045393858478	0	0	0.00580774365821095	0	0.00801068090787717	0.00781041388518024	0	0	0.0146194926568758	0	0.0132176234979973	0	0	0	0	0	0	0.00440587449933244	0	0	0.0409879839786382	0	0	0.0182242990654206	0	0	0	0	0	0.0123497997329773	0.0096128170894526	0	0	0	0.00260347129506008	0.0182910547396529	0	0.0227636849132176	0.00300400534045394	0.00380507343124166	0	0	0	0	0	0	0	0.00240320427236315
MI34	0	0.00678886625933469	0.00814663951120163	0	0.00610997963340122	0	0	0	0	0.00407331975560081	0	0	0	0	0	0.00271554650373388	0	0	0.00271554650373388	0	0	0.00475220638153428	0	0	0	0	0	0.0117673681828468	0	0.00316813758768952	0	0	0.0463905861054537	0.00724145734329034	0	0	0	0	0	0.00475220638153428	0.0160669834804254	0.00339443312966735	0.00678886625933469	0.00497850192351211	0	0	0	0	0.0151618013125141	0.00384702421362299	0.00384702421362299	0	0	0	0	0	0	0	0	0	0	0	0	0	0	0.0174247567322924	0	0	0	0.0029418420457117	0.00452591083955646	0.483970732443238	0.00520479746548993	0	0	0.00429961529757864	0	0	0	0.0110884815569133	0.00543109300746775	0	0.0210454854039375	0	0.0108621860149355	0	0.042166402655201	0	0	0.00859923059515728	0	0.00792034396922381	0	0.00520479746548993	0.0239873274496492	0	0	0	0	0.0142566191446029	0	0	0	0	0	0	0	0	0	0.0760353021045485	0	0	0.0375650599683186	0.00520479746548993	0	0	0	0	0.010183299389002	0	0	0	0	0	0.0133514369766916	0	0.0194614166100928	0	0	0	0	0	0.00656257071735687	0	0	0	0
MI35	0	0.000736951621293567	0	0	0	0	0.00125715276573608	0	0.00225420495925091	0.00466736026819259	0.000520201144442518	0	0	0	0.000520201144442518	0	0	0	0	0.000563551239812728	0	0	0	0	0	0.00242760534073175	0	0.000520201144442518	0	0	0.00199410438702965	0	0.00697936535460378	0	0	0	0.000520201144442518	0.00130050286110629	0	0.0022108548638807	0	0.00277440610369343	0	0	0.00303450667591469	0	0	0.00125715276573608	0	0.00160395352869776	0.00563551239812728	0	0	0	0	0	0	0	0	0	0	0	0	0	0	0	0	0	0.000476851049072308	0	0.000736951621293567	0.881394139067106	0	0.000823651812033986	0.00164730362406797	0	0	0.000997052193514826	0	0.000433500953702098	0.0135685798508757	0	0.0154326339517947	0.000476851049072308	0	0	0.00741286630830588	0	0	0.000867001907404196	0	0	0.003511357724987	0.00121380267036587	0	0	0	0	0	0.000433500953702098	0	0	0	0	0	0.00173400381480839	0	0	0	0.00536096179411595	0.0100572221258887	0	0.00390150858331888	0	0.00112710247962546	0	0.000910352002774406	0.000650251430553147	0	0	0	0	0	0	0.00208080457777007	0	0.00262990578579273	0.000650251430553147	0	0	0	0	0	0	0	0	0.000693601525923357
MI37	0	0.00882256834767454	0	0	0.00457466506916458	0	0	0	0.00424790327850997	0.0140507569981483	0	0	0.00424790327850997	0	0	0	0	0	0	0	0.0052281886504738	0.00588171223178303	0	0	0	0	0	0	0	0	0	0	0.020259231020586	0	0	0	0	0	0	0.00588171223178303	0.00653523581309226	0	0	0.0182986602766583	0	0	0	0	0.00490142685981919	0	0	0	0	0	0	0	0.0544602984424355	0	0.00620847402243764	0	0	0	0	0	0	0.00718875939440148	0.0052281886504738	0	0	0	0	0.272301492212177	0	0.00457466506916458	0.014377518788803	0.00784228297571071	0	0	0	0	0.133318810587082	0	0.0365973205533166	0	0	0	0.0498856333732709	0	0.00816904476636532	0	0	0	0.0130704716261845	0.0418255092037904	0.0199324692299314	0.0052281886504738	0	0	0	0.0130704716261845	0	0	0	0	0	0	0	0	0	0.0827796536325019	0	0	0.0140507569981483	0	0.0365973205533166	0	0.0052281886504738	0	0.027883672802527	0.00555495044112842	0	0	0	0	0	0	0.0274479904149875	0	0	0	0	0	0	0	0.00424790327850997	0	0
MI27	0	0	0.00049345532036216	0	0	0	0.000263176170859818	0	0.000416695603861379	0.000482489646576334	0	0	0	0	0	0	0.000109656737858258	0	0	0	0	0	0	0	0	0	0	0	0	0	0	0	0.000657940427149546	0.000350901561146425	0.000350901561146425	0.000230279149502341	0	0.000175450780573212	0.000383798582503902	0	0.000164485106787387	0.000120622411644083	0	0.000219313475716515	0	0.000142553759215735	0	0	0.000844356881508584	0	0	0.00282914383674305	0	0	0	0	0	0.000292417967622021	0	0	0	0	0	0	0	0	0	0	0	0	0.000153519433001561	0.964789221473713	0.000175450780573212	0.000372832908718076	0	0.00020834780193069	0	0.000895530025842438	0	0.000197382128144864	0.00518676370069559	0	0.00365156937067998	0	0	0	0.00172526600896992	0	0.000296073192217296	0	0	0	0	0.00332259915710521	0	0	0	0	0	0	0	0	0	0	0	0	0	0	0	0.00028510751843147	0.00393667688911145	0	0.0013597435494424	0.000416695603861379	0.000252210497073993	0	0.000350901561146425	0	0.00120987934103611	0.00020834780193069	0.00141457191837152	0.000109656737858258	0	0	0.00049345532036216	0	0.00028510751843147	0	0	0	0	0	0	0	0	0	0.000175450780573212
MI28	0	0.00393247269116187	0	0	0	0	0	0	0	0	0	0	0	0	0	0.00166832174776564	0.00166832174776564	0.00369414101290963	0	0.00440913604766634	0	0	0.0177557100297915	0.00393247269116187	0.00202581926514399	0.00166832174776564	0.0116782522343595	0	0	0.00369414101290963	0	0	0.0276861966236346	0.00154915590863952	0	0.0168023833167825	0	0.00214498510427011	0.0135849056603774	0.0109632571996028	0.00774577954319762	0.0157298907646475	0	0	0	0.00595829195630586	0	0	0.00524329692154916	0	0	0	0	0.00154915590863952	0.0027408142999007	0	0.00571996027805362	0.00297914597815293	0.00119165839126117	0	0	0	0	0	0	0.00536246276067527	0.0216881827209533	0.00357497517378352	0	0	0	0.13974180734856	0	0.0163257199602781	0	0	0	0	0.0138232373386296	0.0147765640516385	0.124647467725919	0.0027408142999007	0.254617676266137	0.00631578947368421	0	0	0.0259781529294935	0.00119165839126117	0	0	0	0	0.00178748758689176	0.0265342601787488	0.00293942403177756	0.00190665342601787	0	0	0	0.0100496524329692	0.00452830188679245	0	0	0	0.00452830188679245	0.0034558093346574	0	0	0	0.0338430983118173	0	0	0.042025819265144	0.00285998013902681	0.00607745779543198	0	0.00166832174776564	0	0.0041708043694141	0	0	0.00166832174776564	0	0	0.00285998013902681	0	0.0148957298907646	0	0.0161668321747766	0	0.00381330685203575	0.00309831181727905	0	0	0	0.00262164846077458	0
MI29	0.000727537286285922	0	0	0	0	0	0	0	0	0.000545652964714442	0	0	0	0	0	0	0	0	0.000691160421971626	0.000582029829028738	0	0	0	0.000363768643142961	0.000982175336485995	0.000436522371771553	0	0	0	0	0.000400145507457257	0	0.00908209045713593	0.00847580938523099	0	0	0.00134594397962896	0	0	0.00141869770825755	0	0.00254638050200073	0	0	0	0	0	0	0	0	0.00134594397962896	0.000800291014914514	0	0	0	0	0	0	0.000400145507457257	0.00200072753728629	0	0	0.00141869770825755	0	0	0.00207348126591488	0	0.00152782830120044	0	0.00192797380865769	0.0018552200800291	0.857184430702074	0.000582029829028738	0	0	0.000436522371771553	0.00134594397962896	0.000945798472171699	0	0.00225536558748636	0.00989450709348854	0	0.000472899236085849	0.00254638050200073	0	0	0.013386686067661	0.000909421607857403	0.0018552200800291	0.00120043652237177	0	0.000436522371771553	0.00134594397962896	0.0065599611980114	0	0	0	0	0	0.00152782830120044	0	0	0	0.000618406693343034	0	0	0	0	0	0.027646416878865	0.000472899236085849	0	0.00334667151691524	0	0.00602643385473505	0	0.000727537286285922	0	0.00124893900812417	0	0.00316478719534376	0	0	0	0.00331029465260095	0	0.00582029829028738	0.000763914150600218	0	0.00156420516551473	0	0	0	0.00105492906511459	0	0	0.000400145507457257
MI31	0	0	0.0162146510954541	0	0	0	0	0	0	0	0.00318502075089277	0	0	0	0	0	0	0	0	0	0	0	0	0.00608049416079529	0	0	0	0	0.00289547340990252	0.00810732554772705	0	0	0.0275069973940739	0	0	0	0	0.0115818936396101	0.00579094681980504	0.00434321011485378	0	0	0	0	0	0	0	0	0	0	0	0	0.0144773670495126	0.00521185213782453	0.00318502075089277	0	0.0112923462986198	0	0	0	0	0	0	0	0	0	0.00347456809188302	0	0	0	0	0.099990348421967	0	0.00550139947881479	0	0	0	0	0	0	0.352668661326127	0	0.101631116687578	0	0.0315606601679375	0.0243219766431812	0.0466171218994306	0.00289547340990252	0	0	0.00579094681980504	0	0	0.0124505356625808	0.00743171508541647	0	0	0	0.00405366277386353	0.00405366277386353	0	0	0	0.00405366277386353	0.0205578612103079	0	0	0	0	0.0269279027120934	0	0	0.025287134446482	0.00434321011485378	0.0112923462986198	0.00897596757069781	0	0	0.0223916610365795	0.00492230479683428	0.00318502075089277	0	0	0	0	0	0.00550139947881479	0.040247080397645	0	0	0	0	0	0	0	0	0
MI17	0.00307272106520997	0	0.00716968248548993	0	0	0	0	0.00307272106520997	0	0.00307272106520997	0	0	0	0	0	0.00588938204165244	0	0.00409696142027996	0	0	0	0	0.00358484124274496	0	0	0.00742574257425743	0	0	0	0	0	0	0.0578695800614544	0	0	0	0.0117787640833049	0.00332878115397747	0	0.0422499146466371	0	0.00870604301809491	0	0.00588938204165244	0	0.0132297712529874	0	0	0.0304711505633322	0	0.0422499146466371	0	0	0	0	0.0128030044383749	0	0.00256060088767497	0	0	0	0.00537726186411745	0	0	0	0	0	0	0	0.00537726186411745	0	0.157989074769546	0	0.00588938204165244	0	0.0555650392625469	0	0	0	0	0	0	0.0399453738477296	0	0.00409696142027996	0.00896210310686241	0.045664049163537	0	0.0286787299419597	0	0	0	0.00793786275179242	0.0318368043700922	0.0209969272789348	0	0	0.00384090133151246	0	0	0	0	0	0	0	0	0	0	0	0.0850119494708091	0	0	0.00256060088767497	0.0798907476954592	0	0.00358484124274496	0.00793786275179242	0	0.0880846705360191	0	0	0	0	0	0.00921816319562991	0	0.00870604301809491	0	0.00921816319562991	0.00307272106520997	0	0	0.00409696142027996	0	0.00793786275179242	0	0
MI21	0.000456468153738474	0	0.000684702230607711	0	0	0	0	0.000365174522990779	0	0.000821642676729254	0	0	0.000973798727975412	0	0	0.000304312102492316	0	0.000912936307476948	0.000319527707616932	0.000380390128115395	0	0	0	0.00018258726149539	0	0	0	0.000836858281853869	0	0	0	0	0.00143026688171389	0.0012831826988426	0.000243449681993853	0	0.000167371656370774	0.000152156051246158	0	0.000243449681993853	0	0.000486899363987706	0.000623839810109248	0.000791211466480022	0	0.000730349045981559	0	0	0.000304312102492316	0	0	0.000319527707616932	0	0	0	0	0	0	0	0.000167371656370774	0	0	0	0	0	0.000258665287118469	0.000517330574236937	0.00018258726149539	0.00308876784029701	0	0.000197802866620005	0.923216984672814	0.000243449681993853	0.000152156051246158	0	0	0.000197802866620005	0	0	0	0.0242029558848889	0	0.00488420924500167	0.00130854204071696	0.000273880892243084	0	0.00444802856476269	0.000152156051246158	0.000750636519481046	0.0012476796202185	0	0.000243449681993853	0	0.00409806964689652	0.00115131412109593	0	0	0	0.00136940446121542	0.000349958917866164	0	0	0	0	0.000304312102492316	0	0.000745564651106175	0	0	0.00370753578203138	0	0.000365174522990779	0	0.000167371656370774	0.00081149893997951	0	0.000562977389610785	0	0.000699917835732327	0.0002890964973677	0	0	0	0	0.00263229968655853	0	0.00341843928466368	0.00018258726149539	0	0	0.000243449681993853	0	0.000152156051246158	0	0	0	0
MI20	0	0	0	0	0	0.000140866161917404	0	0	0.0158150820704026	0.00275640814130272	0	0.000335033033749502	0	0	0	0	0	0.000666258873933669	0	0	0	0.000114215806960057	0	3.80719356533525e-05	0	0	0	0	0	0	0	0	0.00259396788251508	0	0	0	0	0.000978448746291159	0	3.80719356533525e-05	0.000114215806960057	0.0115624468579231	0	0	0	0	0	0	0	0	3.80719356533525e-05	0	0	0	0	0	6.85294841760345e-05	0	0	0	0	0	4.18791292186877e-05	0.000753824325936379	0	0	0	0	0	0	0	0.948303387640834	0	6.85294841760345e-05	0	3.80719356533525e-05	4.5686322784023e-05	0	0	0	0.0011523105857748	0	0.000118023000525393	0	0	0	0.000258889162442797	9.51798391333812e-05	0.00023223880748545	0	0	0	0	0.00204446294458503	7.6143871306705e-05	0	0	0	0	0.000163709323309416	0	0	0	0	0	0	0	0	0	0.0106664873055476	0	0	0.000239853194616121	0	0	4.5686322784023e-05	0	0	0	0	0.000167516516874751	0	0	0	0	0	0	0	0.000175130904005421	0	0	0	0	5.33007099146935e-05	0	0	0
MI24	0	0	0	0	0.000283422611455942	0.00175722019102684	0	0	0	0	0	0	0	0	0	0	0	0.000510160700620696	0	0	0	0	0	0.00317433324830655	0.000453476178329507	0.000368449394892725	0.000736898789785449	0.000991979140095797	0	0	0	0	0.00374117847121843	0	0.000991979140095797	0.00725561885327211	0.00161550888529887	0.00175722019102684	0	0	0.000311764872601536	0.00252246124195788	0	0.000425133917183913	0	0.000510160700620696	0.000765241050931043	0.00053850296176629	0.00240909219737551	0.000765241050931043	0.00133208627384293	0	0	0	0	0	0.000623529745203072	0.000396791656038319	0	0	0.00521497605078933	0	0.000283422611455942	0	0	0.00104866366238699	0	0	0	0	0.000793583312076637	0.844533250196034	0.00138877079613412	0.000396791656038319	0	0.000368449394892725	0	0	0	0	0.0189326304452569	0	0.0154748745854944	0.00459144630558626	0.000906952356659014	0.00034010713374713	0.00647148296157734	0.00107700592353258	0.00748235694243687	0	0	0	0.00256025092348534	0.00756738372587365	0.000396791656038319	0	0.000453476178329507	0	0	0.000651872006348666	0	0	0	0	0.000283422611455942	0	0.000850267834367826	0.00102032140124139	0	0.0130090978658277	0	0.000311764872601536	0.000425133917183913	0.000283422611455942	0.000368449394892725	0.00238074993622991	0.000510160700620696	0	0.00149269242033463	0.00283422611455942	0.000566845222911884	0.000453476178329507	0.000651872006348666	0	0.016835303120483	0	0.00113369044582377	0.000368449394892725	0.000283422611455942	0	0.000765241050931043	0	0	0	0	0	0
MI23	0	0.000620843406360823	0	0	0.000451522477353326	0	0	0	0	0	0	0	0	0	0	0	0	0	0	0.00110058603854873	0	0	0.00019754108384208	0.000465632554770617	0.000169320929007497	0.000183431006424789	0	0	0	0	0	0	0.00351340927690557	0	0.000155210851590206	0	0.000451522477353326	0	0	0.000141100774172914	0.000564403096691657	0	0	0	0	0.00149566820623289	0	0	0	0	0	0.00118524650305248	0	0	0	0.00126990696755623	0.000183431006424789	0	0	0	0	0	0	0	0	0.000423302322518743	0	0.000211651161259371	0	0	0	0.965815985777042	0	0.000522072864439783	0	0	0.000380972090266869	0.00138278758689456	0	0	0	0	0.000761944180533737	0	0	0	0.000964188623514914	0	0.000564403096691657	0	0	0	0	0.00100651885576679	0.000183431006424789	0	0	0	0	0.00029631162576312	0	0	0	0.000169320929007497	0.000380972090266869	0	0	0	0	0.00651415240764954	0	0.000380972090266869	0.00153799843848477	0	0.000945375186958526	0	0.00059262325152624	0	0.000992408778349497	0.000183431006424789	0	0	0	0	0.00323120772855974	0	0.000409192245101451	0	0	0	0	0	0	0	0	0	0
MI26	0	0	8.97509067142883e-05	0	7.93950328626397e-05	0.000127722444170333	0	0	0	5.52313272087928e-05	0	0	6.9039159010991e-05	0	0	0	0	0	0	0.000251992930390117	0	0	6.21352431098919e-05	0.000334839921203307	0	0	8.62989487637388e-05	0	3.79715374560451e-05	4.83274113076937e-05	4.48754533571442e-05	4.48754533571442e-05	0.00223456744665574	0	0	0	0	9.32028646648379e-05	0	0.000189857687280225	0.000186405729329676	0.000196761603181324	0	5.86832851593424e-05	0	0.000159940718375463	0.000341743837104406	0	0.0002531435830403	8.97509067142883e-05	0.000610996557247271	0	0	0	3.45195795054955e-05	0	0	0.000476370197175838	0	0	0	0	0	0	0	0	0	3.45195795054955e-05	0.000100106780565937	0	4.14234954065946e-05	0.981066010641236	0	5.86832851593424e-05	8.28469908131892e-05	0	7.93950328626397e-05	0.000417686912016496	0	0	0.00467280041239391	0	0.00053850544028573	0.000107010696467036	0	0.000127722444170333	0.000246239667139201	0	0	0	0	0	0.000207117477032973	0.000675433105657529	0.000517793692582433	0	0	0	0	0.000249691625089751	0	0	5.86832851593424e-05	5.86832851593424e-05	4.83274113076937e-05	0	0	0	0	0.00246814993464293	0	0	0.000248540972439568	4.48754533571442e-05	0.000120818528269234	0	0	0.000100106780565937	8.62989487637388e-05	3.45195795054955e-05	0	0	0.000669679842406613	0	8.97509067142883e-05	5.52313272087928e-05	8.97509067142883e-05	7.93950328626397e-05	6.21352431098919e-05	0	0	0.000203665519082424	0	0	0	0	0
MI19	0	0	0	0	0	0	0	0	0	0.00803212851405622	0.00693683826213947	0.00401606425702811	0	0	0	0	0	0	0	0	0.0109529025191676	0	0	0	0	0	0	0	0.0105878057685287	0	0.00365096750638919	0	0.00730193501277839	0	0	0	0	0	0	0	0	0	0	0.0175246440306681	0	0	0	0	0.0296945357186321	0.00438116100766703	0	0	0.0598758671047828	0	0	0	0.00365096750638919	0	0	0.00401606425702811	0	0	0	0	0	0	0.00511135450894487	0	0	0	0	0.249604478520141	0	0.0144821711086771	0	0	0	0	0	0	0.0967506389193136	0.0105878057685287	0.0131434830230011	0	0.00365096750638919	0.0156991602774735	0.0232444931240112	0.0251916757940854	0.0237312887915298	0	0	0	0	0.0299379335523914	0.010466106851649	0	0	0	0	0.0142387732749179	0	0	0	0.00839722526469514	0	0	0	0	0	0.0826335645612754	0	0	0.0146038700255568	0.00584154801022271	0	0.0120481927710843	0	0	0.0215407082876962	0.0306681270536692	0	0	0	0	0.00365096750638919	0	0.0732627479615431	0	0.0357794815626141	0	0.00511135450894487	0	0	0	0	0	0
MI18	0	0.00121387867956975	0.00171966146272381	0.00212428768924706	0	0	0	0	0	0	0	0.00263007047240112	0.00455204504838655	0.00192197457598543	0.00374279259534005	0.00263007047240112	0.00121387867956975	0	0	0.00455204504838655	0	0	0.0107225950028661	0.00141619179283137	0	0.00566476717132549	0	0.00374279259534005	0	0	0	0	0.00701352125973632	0.00374279259534005	0	0	0.00111272212293894	0.00950871632329636	0	0	0	0.0049566712749098	0	0	0.00222544424587787	0.0365175169437232	0	0	0.117577637657214	0	0	0	0	0	0	0	0.00687864585089524	0.00455204504838655	0	0	0	0.00222544424587787	0	0	0	0	0	0	0.00313585325555518	0.00232660080250868	0.00101156556630812	0.37613379640557	0.00121387867956975	0	0	0.00131503523620056	0	0.00293354014229356	0	0	0.0292342448663047	0	0.0427892234548336	0	0.00745186633846984	0.00192197457598543	0.176113565094244	0	0.00182081801935462	0	0	0	0.00323700981218599	0.0212428768924706	0.00718211552078767	0.0024277573591395	0	0	0	0.0112958154904407	0	0	0	0	0.00121387867956975	0	0	0	0	0.0141281990761034	0	0	0.00566476717132549	0	0.00505782783154061	0	0.00465320160501737	0	0	0	0.001618504906093	0	0	0.00273122702903193	0	0	0.017061739218397	0	0	0.00293354014229356	0.00434973193512493	0	0	0	0.00364163603870924	0	0
MI15	0	0	0	0	0	0	0	0	0	0	0	0	0	0	0	0.00172584614401227	0	0	0	0	0	0	0	0	0	0	0	0	0	0	0	0	0.00891687174406341	0.00230112819201636	0	0.0668285979098086	0	0	0	0	0	0	0	0	0	0	0	0	0	0	0	0	0	0.00143820512001023	0	0	0.0493783757870178	0.00162996580267826	0	0	0	0	0	0	0	0	0	0	0	0	0	0.364217456614146	0	0	0	0	0	0	0	0	0	0.158458244111349	0	0	0	0.00162996580267826	0.0412285467736265	0	0	0	0	0	0	0	0.00767042730672121	0	0	0	0	0.00393109399469462	0	0	0	0	0	0	0	0	0	0.148742369522836	0.00162996580267826	0	0	0	0.00747866662405318	0	0	0	0	0.0320240340055611	0	0	0	0.00115056409600818	0	0	0.0954009396273451	0	0	0	0	0.00421873501869667	0	0	0	0	0
MI25	0	0	0.00123102174805088	0	0	0	0	0	0	0	0	0.00730919162905211	0	0.0023081657775954	0	0	0	0	0	0	0	0.00807858022158391	0	0.00446245383668445	0.00215428805908904	0.00669368075502667	0	0.00477020927369717	0	0	0	0	0.00795034878949528	0	0	0	0	0.00515490356996307	0	0.00123102174805088	0	0	0	0.00161571604431678	0	0.00176959376282314	0	0	0.0169521953221174	0	0	0.0108483791546984	0.00323143208863357	0	0	0	0	0	0	0	0	0	0	0.00246204349610176	0	0	0	0	0.00176959376282314	0	0	0.756078169881001	0	0	0.00146183832581042	0	0.00982252769798933	0	0	0	0.0224661469019286	0	0.0168496101764465	0	0	0.000923266311038162	0.0187987279441937	0	0	0.00369306524415265	0	0	0.00420599097250718	0	0.00169265490356996	0	0	0	0.00123102174805088	0.00800164136233074	0	0.00161571604431678	0	0.00346224866639311	0.000769388592531801	0	0	0	0	0.0202092736971686	0	0	0.00646286417726713	0.00238510463684858	0.00200041034058268	0	0	0.00176959376282314	0.00238510463684858	0.0015387771850636	0	0	0	0	0	0.00123102174805088	0.0131308986458761	0.00130796060730406	0	0.00197476405416496	0.0015387771850636	0.000923266311038162	0	0	0	0	0.00207734919983586
MI22	0.0005615913504435	6.82307248202383e-05	0	0	0	0	0	0	0	0.000188946622579121	0	0	0	0	0.000110218863171154	0	0	0.000220437726342308	0	0.000157455518815934	0	0	0.000115467380465019	0	0	0	0	0	0	0	0	0	0.000446123969978481	7.34792421141028e-05	0	0	0	0	0	0.00040938434892143	0	0.000251928830105495	0	7.34792421141028e-05	0	0.000262425864693224	0.000251928830105495	0	6.29822075263738e-05	0.000125964415052748	5.24851729386448e-05	0	0.00010497034587729	0	0.000173201070697528	0	7.34792421141028e-05	0	0	0	0	0	0	0	0	0.00010497034587729	0	8.92247939956962e-05	0.00015220700152207	0.000272922899280953	9.97218285834252e-05	0.987009919697685	0.000362147693276649	6.82307248202383e-05	0	0	0.00025717734739936	0.000120715897758883	0	0	0.00186322363932189	0	0.000535348763974177	0.000110218863171154	0.000288668451162547	0.000260676358928603	0.000157455518815934	0	0.000241431795517766	0.000220437726342308	5.77336902325093e-05	0	0.000367396210570514	0.000236183278223902	5.24851729386448e-05	0	0	0	0	0.000206441680225336	0	0	8.92247939956962e-05	0	0	0	0	0	0	0.000991969768540387	0	0.000188946622579121	6.82307248202383e-05	0	0.000125964415052748	0	0	0	0.000398887314333701	0.000619325040676009	0	8.92247939956962e-05	6.29822075263738e-05	0	5.24851729386448e-05	0	0.000393638797039836	0	0	0	0	0	0	0	0	0	0
MI14	0	0.000242995322340045	0	0	0.000222745712145041	0.000931482068970172	0	0.000222745712145041	0	0.00230845556223043	0	0	0.000283494542730052	0	0.000202496101950037	0	0	0	0	0.000850483628190157	0	0	0	0.000789734797605146	0	0.000587238695655109	0	0	0	0.000546739475265101	0	0.000222745712145041	0.00149847115443028	0.00135672388306525	0.000303744152925056	0	0	0.000222745712145041	0	0.00048599064468009	0	0	0	0.00048599064468009	0	0.000465741034485086	0	0	0.00365167970516568	0.000506240254875094	0.000728985967020135	0	0	0	0	0.000202496101950037	0.000263244932535049	0.000283494542730052	0	0	0	0.000263244932535049	0.00032399376312006	0	0.000242995322340045	0.00119472700150522	0.000222745712145041	0	0	0.000242995322340045	0.000202496101950037	0.904799832603222	0.00342893399302063	0.000789734797605146	0	0.00139722310345526	0	0.00032399376312006	0	0	0.00445491424290082	0	0.00901782640684167	0.00048599064468009	0	0.00123522622189523	0.0100100573063969	0	0.000222745712145041	0.00129597505248024	0	0	0.000587238695655109	0.00262569945528549	0.00531889761122098	0	0	0	0	0.00182246491755034	0.00080998440780015	0.00032399376312006	0	0.000344243373315064	0.0010732293403352	0	0	0.000242995322340045	0.00278094646678051	0.00906507549729668	0.00253120127437547	0.00032399376312006	0.000924732198905171	0.000222745712145041	0.000789734797605146	0	0	0	0.00341543425289063	0.00121497661170022	0.00101248050975019	0	0.000222745712145041	0	0.000877483108450162	0.000870733238385161	0.00212620907047539	0	0.000506240254875094	0	0.000263244932535049	0.000202496101950037	0.000202496101950037	0	0	0.00127572544228524	0
MI16	0	0	0	0	0.00279615994034859	0	0	0	0	0.00139807997017429	0	0.000908751980613291	0	0	0	0	0	0	0	0	0.00433404790754031	0.00118836797464815	0.00335539192841831	0	0.00265635194333116	0	0.000838847982104576	0	0	0	0	0	0.0113943517569205	0.00230683195078759	0.00580203187622332	0.00468356790008388	0.000908751980613291	0	0	0	0.000768943983595862	0.00181750396122658	0	0.0039612265821605	0	0.0221828688600988	0.00118836797464815	0	0.00202721595675273	0	0.000699039985087147	0	0	0	0.00146798396868301	0	0	0.000978655979122006	0.00132817597166558	0	0	0	0	0	0.00167769596420915	0	0	0.00139807997017429	0.00433404790754031	0	0.000699039985087147	0.675598844253891	0.00335539192841831	0	0	0.00167769596420915	0.00230683195078759	0.00370491192096188	0	0	0.0667583185758225	0.000838847982104576	0.0263771087706217	0.00167769596420915	0.00384471991797931	0.00412433591201417	0.0275188740795974	0	0	0	0.000699039985087147	0	0.00405443191350545	0.00403113058066921	0.00880790381209805	0	0	0	0	0.00265635194333116	0	0	0	0.00125827197315686	0.000978655979122006	0	0	0	0	0.0179187249510672	0	0	0	0.000768943983595862	0.00484667722993755	0.0106254077733246	0	0	0.0110681330972132	0.00195731195824401	0	0	0.000768943983595862	0	0.000768943983595862	0.0018874079597353	0.0120234877434989	0	0	0	0.0018874079597353	0	0	0.00356510392394445	0	0.00307577593438345	0.00146798396868301
MI2	0	0.000347023908501363	0.000108444971406676	0	0.000298223671368359	0.000135556214258345	0	0.000206045445672684	0.000298223671368359	5.42224857033379e-05	0	5.96447342736717e-05	0.000325334914220028	0	0	0	0.000146400711399012	0	0	0	0	0	0	9.21782256956745e-05	7.59114799846731e-05	0.00035786840564203	0	0	0	5.96447342736717e-05	0	0	0.00217251426051374	0	0	0	0	0	0.000108444971406676	0.000184356451391349	0	0.000103022722836342	0	0	0	0.000945278667428191	0.000240386353284798	0.000421127972295925	0.000146400711399012	0	0.000216889942813352	0	0.000119289468547343	0	9.21782256956745e-05	0	5.42224857033379e-05	0	0	0	0	0	0	9.21782256956745e-05	0	0	0	0	0	0	0	0.977926026070171	0	0.00035786840564203	8.67559771253407e-05	0.000827796615070959	0.000130133965688011	0.000296416255178247	0	0	0.00233698913381387	0	0.0011386721997701	0	0.000195200948532017	0.000281956925657357	0.000938049002667746	0.00011386721997701	5.96447342736717e-05	0	0.000195200948532017	0	0.000251230850425466	0.000627173417968609	0	0	0	0	0	0.000146400711399012	0	0	5.96447342736717e-05	0	0.000195200948532017	0	0	0	5.42224857033379e-05	0.00139351788257578	0	0	0.00172246762917604	6.50669828440055e-05	0.00109529421120743	0	0	0	0.000403053810394812	0.00015724520853968	0.00035786840564203	0	0	0	0.000466313377048706	0	0.00048619495513993	0	0	9.21782256956745e-05	0	0	0	8.13337285550069e-05	0	0	0
MI1	0.0041036717062635	0.0041036717062635	0.00431965442764579	0	0	0	0	0	0	0.0205183585313175	0	0	0	0.00215982721382289	0	0	0	0.00259179265658747	0.00345572354211663	0.00475161987041037	0	0	0	0	0	0.00388768898488121	0	0	0.00237580993520518	0	0	0	0.0257739380849532	0	0.00215982721382289	0.00453563714902808	0.00259179265658747	0.00215982721382289	0	0.0060475161987041	0.00626349892008639	0	0	0.0151187904967603	0.00453563714902808	0.0127429805615551	0	0.0146868250539957	0.0248380129589633	0.00475161987041037	0.00323974082073434	0	0	0	0	0.00280777537796976	0	0	0	0	0.0041036717062635	0	0	0	0.00345572354211663	0.00475161987041037	0	0	0	0	0	0.160835133189345	0	0.00928725701943844	0	0	0.00367170626349892	0.00496760259179266	0	0	0.110943124550036	0	0.198776097912167	0.00323974082073434	0.00863930885529158	0.00626349892008639	0.0345572354211663	0	0.0435565154787617	0.00345572354211663	0.00323974082073434	0	0.0333333333333333	0.0334773218142549	0.0114470842332613	0	0	0.00431965442764579	0.016414686825054	0.00561555075593952	0	0	0	0.00345572354211663	0.00496760259179266	0	0	0	0	0.0414686825053996	0	0	0.0341252699784017	0	0.00539956803455724	0	0	0	0	0.00388768898488121	0	0	0	0.00928725701943844	0	0.00237580993520518	0	0	0	0	0	0	0	0	0	0	0.00215982721382289
MI12	0	2.98759857469061e-05	3.95134005039725e-05	0	3.2767210174026e-05	0	0	0	0	4.43321078825058e-05	0	0	0.000144561221355997	0	4.04771419796792e-05	9.63741475706647e-06	0	9.63741475706647e-06	0	0.000300366093261905	0	8.38455083864783e-05	0	0.000102156596424905	0	0	1.25286391841864e-05	0	0	0	0	0	0.000512389217917368	0	1.6383605087013e-05	0.000857729913378916	0.000101192854949198	1.73473465627197e-05	0	9.2840428826407e-05	1.54198636113064e-05	2.89122442711994e-05	1.15648977084798e-05	0	0	0	0	1.54198636113064e-05	9.25191816678381e-05	1.73473465627197e-05	0	0.000207204417276929	4.43321078825058e-05	0	0	0	0	6.8425644775172e-05	0	3.2767210174026e-05	0	0	0	0.000159981084967303	0	1.6383605087013e-05	0	1.25286391841864e-05	0	0	0	0.986292062496707	1.15648977084798e-05	0.000121752673097606	1.44561221355997e-05	0.000346946931254393	2.79485027954928e-05	2.21660539412529e-05	0	0	5.94307243352433e-05	0	8.28817669107717e-05	2.02385709898396e-05	0	1.15648977084798e-05	0.00115134981631087	1.15648977084798e-05	9.25191816678381e-05	0	0	1.73473465627197e-05	4.17621306139547e-05	0.0006524529790534	0.000324459630154571	0	0	1.54198636113064e-05	0	0.00315721707441498	2.50572783683728e-05	9.63741475706647e-06	0	0	0	0	0	0.00016672727529725	2.31297954169595e-05	0.000940932927448257	0	2.40935368926662e-05	0.0026149518707507	2.31297954169595e-05	9.15554401921315e-05	0	0	0	0.000217805573509702	0	0	0	0	0	4.62595908339191e-05	0	0.000133638817964655	0	0	1.25286391841864e-05	0	0	0	0	0	1.44561221355997e-05	1.06011562327731e-05
MI4	0	0	0.00129185057595005	0.00215308429325008	0	0	0	0	0	0	0	0	0.00419851437183766	0	0	0	0	0	0	0	0	0	0	0.00236839272257509	0.00129185057595005	0	0	0	0	0	0	0	0.00204543007858758	0	0	0	0	0	0	0.00107654214662504	0	0.00484443965981268	0	0	0	0.00505974808913769	0	0	0.0159328237700506	0	0	0	0	0.0027990095812251	0	0	0.00139950479061255	0	0	0	0.00204543007858758	0	0	0	0	0	0	0	0	0	0	0.863315032116841	0	0	0	0	0	0	0	0	0.00742814081171278	0	0.0163634406287006	0	0	0	0.00513151756557936	0	0	0.00107654214662504	0	0	0	0.0115190009688879	0.00139950479061255	0	0	0.00355258908386263	0.00129185057595005	0.00398320594251265	0	0	0	0	0.00129185057595005	0.00139950479061255	0	0	0	0.014102702120788	0	0	0.00803818136146697	0	0.00161481321993756	0	0	0	0.00294254853410844	0	0.00172246743460006	0	0	0	0.00139950479061255	0	0.00129185057595005	0.00161481321993756	0.00161481321993756	0	0	0	0.00139950479061255	0	0	0	0
MI11	0	0.000393898943037836	0	0	0.000525198590717115	0	0	0	0	0.00105039718143423	0	0	0	0	0	0.000426723854957656	0	0	0	0	0.000328249119198197	0	0.000328249119198197	0.00328249119198197	0.00118169682911351	0.000361074031118016	0	0	0	0.00124734665295315	0	0	0.00256034312974593	0	0	0	0	0.00111604700527387	0	0.00125828829025975	0	0.000393898943037836	0	0	0	0	0	0	0.00145523776177867	0	0.000722148062236033	0	0	0	0	0	0	0.00121452174103333	0	0	0	0	0	0	0.000689323150316213	0	0.000328249119198197	0	0.000754972974155853	0	0	0.905825327702037	0	0.00254940149243933	0	0	0.000558023502636935	0.000393898943037836	0	0	0.0169048296387071	0	0.00773573757577084	0	0	0.000722148062236033	0.00387333960653872	0.000754972974155853	0.000393898943037836	0.000361074031118016	0	0	0.000558023502636935	0.00318401645622251	0.00157559577215134	0	0	0	0.000754972974155853	0.00364356522309998	0	0	0	0	0.00111604700527387	0.000656498238396394	0	0	0	0.0165328139702825	0	0	0.00098474735759459	0	0.001334879751406	0	0.000951922445674771	0	0.002669759502812	0.0023415103836138	0.00173972033175044	0	0.000558023502636935	0	0.000689323150316213	0.000590848414556754	0.000426723854957656	0	0	0	0	0	0	0	0	0	0
MI13	0	0.000195959318845408	0	0	0	0	0	0	0	0	0	0	0	0	0	0	0	0	0	0	0	0	0	0	0.000195959318845408	0	0	0	0	0	0	0	0.00559137256438897	0	0	0.00217514843918403	0	0	0	0.000195959318845408	0	0.00129333150437969	0	0	0	0.00997432932923125	0	0	0.0279046070035861	0.000881816934804335	0	0	0.000313534910152652	0	0	0	0.00050949422899806	0	0	0	0	0	0	0	0	0.000921008798573416	0	0	0	0.00137171523191785	0	0.899205058363217	0.000372322705806275	0	0	0	0	0	0	0	0.00797554427700809	0	0.00567628826922198	0	0	0	0.01898845799612	0	0	0.000372322705806275	0	0	0	0.000640133774894999	0.000235151182614489	0	0	0	0	0.000607473888420764	0.000215555250729948	0	0	0	0	0	0	0	0.000215555250729948	0.012717759793067	0	0	0.000333130842037193	0	0.00050949422899806	0	0	0	0	0.000411514569575356	0	0	0	0	0	0	0	0	0	0	0	0	0	0	0	0	0
MI3	0	0.0116709892552797	0	0	0	0	0	0.00222304557243423	0	0.00402927010003705	0	0.00347350870692849	0	0	0.00222304557243423	0.00166728417932568	0	0.00152834383104854	0	0	0	0	0	0.00361244905520563	0	0	0	0	0.0013894034827714	0	0	0	0.00917006298629122	0	0	0.00277880696554279	0	0	0	0.0136624675805854	0.00222304557243423	0	0.00222304557243423	0	0	0	0.0125046313449426	0	0.320720637273064	0.00180622452760282	0	0	0	0.00361244905520563	0.00277880696554279	0	0.00648388291959985	0.00847536124490552	0.0020841052241571	0	0	0.00194516487587996	0	0	0.00263986661726565	0	0	0	0	0.0013894034827714	0	0.12759355316784	0.00291774731381993	0	0.0020841052241571	0.0120878103001112	0.00152834383104854	0.00639125602074843	0.00291774731381993	0	0.0405705816969248	0	0.12046128195628	0.00486291218969989	0	0.00514079288625417	0.0157002593553168	0	0.00319562801037421	0	0	0	0.104529455353835	0.020192663949611	0.0226472767691738	0	0	0	0	0.00222304557243423	0	0	0	0	0.00166728417932568	0.00250092626898851	0	0	0	0.0262134123749537	0	0.00430715079659133	0.00444609114486847	0	0.00444609114486847	0	0	0	0.00518710633567988	0.00375138940348277	0.00889218228973694	0	0	0	0.00319562801037421	0	0.0116709892552797	0	0	0	0.00236198592071137	0	0	0	0	0	0
MI8	0.00174175568973525	0	0	0	0.00150952159777055	0	0	0.00178046137172937	0	0	0	0	0	0	0.000425762501935284	0	0	0	0	0.00156112917376271	0	0	0	0.000464468183929401	0	0.000387056819941167	0	0	0	0	0	0	0.00233524281364504	0	0	0.000425762501935284	0.00112246477782939	0.00170305000774114	0	0.0013934045517882	0	0.000387056819941167	0.00127728750580585	0	0	0	0	0	0.00249006554162151	0	0.00316096402951953	0.0107214739123703	0	0	0	0.00147081591577644	0.00385766630541363	0	0	0	0	0	0	0	0	0	0	0	0.000387056819941167	0	0.000967642049852918	0.763482479227951	0	0	0.000425762501935284	0.000387056819941167	0	0.000657996593899985	0.00247716364762347	0	0.0140501625638644	0	0.113497961500748	0	0.00100634773184704	0	0.021894514114672	0.002322340919647	0.000580585229911751	0	0	0.00108375909583527	0	0.00319966971151365	0.00135469886979409	0	0	0	0	0.00131599318779997	0	0	0	0.000696702275894101	0	0	0	0.00127728750580585	0	0.0122180936161428	0	0	0.00665737730298808	0	0.00112246477782939	0.000967642049852918	0.00267069205759405	0.000387056819941167	0	0.002322340919647	0.00100634773184704	0	0	0	0	0	0.00201269546369407	0	0	0	0	0	0.000967642049852918	0	0	0	0.000387056819941167
MI5	0.00167027528611197	0	0.00157748221466131	0	0.00547479121558924	0	0	0.00102072378595732	0	0	0	0	0	0	0	0	0.0021342406433653	0	0	0	0	0	0.00120630992885865	0.00733065264460254	0	0	0	0	0	0	0	0	0.0109495824311785	0.00603154964429323	0	0.00426848128673059	0	0	0	0.00241261985771729	0	0.0018558614290133	0	0	0.00120630992885865	0.00176306835756264	0	0	0	0	0.00256727497680173	0	0	0	0.00603154964429323	0	0.00324775750077328	0.00102072378595732	0	0	0	0	0	0.00315496442932261	0.00111351685740798	0	0	0	0	0	0.00157748221466131	0.757933807609032	0.00324775750077328	0	0.00148468914321064	0	0.00352613671512527	0	0	0.00102072378595732	0.0149396845035571	0	0.0462418806062481	0	0	0.00241261985771729	0.0142592019795855	0	0.00120630992885865	0	0	0	0.011351685740798	0.00569130838230745	0.00501082585833591	0	0.00194865450046397	0.00092793071450665	0.00269099907206929	0.00204144757191463	0	0	0.00111351685740798	0.00102072378595732	0	0.00129910300030931	0	0	0	0.0304979894834519	0	0	0.00615527373956078	0	0.00717599752551809	0	0	0.00204144757191463	0	0.00120630992885865	0	0	0	0.00102072378595732	0	0	0.00315496442932261	0	0.00176306835756264	0	0	0	0	0	0	0	0
MI9	0	0.032775082172484	0	0	0	0	0	0	0	0.00463296290499296	0	0	0	0	0	0	0	0.00732508999843481	0	0.00103302551259978	0	0	0	0.00103302551259978	0	0	0	0	0	0	0.00122084833307247	0	0.0190014086711535	0	0.00103302551259978	0	0	0	0	0	0	0	0	0	0	0.0182188135858507	0	0	0.170167475348255	0	0.00140867115354516	0	0	0	0	0	0.00112693692283612	0	0.00103302551259978	0	0	0	0	0.0015025825637815	0	0.00413210205039912	0	0	0	0	0	0.583221161371107	0.00112693692283612	0	0	0.00262951948661762	0.00122084833307247	0.00131475974330881	0	0	0.018030990765378	0	0.00713726717796212	0.000939114102363437	0.00112693692283612	0	0.0772890906245109	0.00131475974330881	0	0	0	0	0	0.00566598841759274	0.00122084833307247	0.00187822820472687	0	0	0	0.00475817811864142	0	0	0	0	0.00103302551259978	0.00122084833307247	0	0	0	0.0103615589294099	0	0	0	0	0	0	0	0	0.00397558303333855	0.00215996243543591	0	0	0	0	0	0	0.00485208952887776	0.00187822820472687	0	0	0	0	0	0	0	0	0
MI7	0	0	0.00178378981010071	0	0	0.00769259355605931	0	0	0	0	0	0	0	0	0	0.00156081608383812	0	0	0	0	0	0	0	0.00728380839124456	0.00312163216767624	0.00144932922070683	0	0	0	0	0	0.00367906648333271	0.0257906276710394	0.00468244825151436	0.00356757962020142	0	0	0.00379055334646401	0.00958787022929132	0	0	0.00245271098888848	0	0	0	0	0.0120405812181798	0	0.0341521424058865	0	0.0039020402095953	0	0	0	0	0	0.00535136943030213	0	0	0.00379055334646401	0	0	0	0	0	0.00211825039949459	0	0	0	0	0.00412501393585789	0.638336616002081	0.00345609275707013	0	0.00167230294696942	0.00557434315656472	0.00111486863131294	0	0	0	0	0	0.0405812181797911	0	0.00222973726262589	0.0111486863131294	0.0107027388606043	0	0.00167230294696942	0	0	0.00267568471515106	0.00356757962020142	0.0109257125868668	0.00802705414545319	0	0	0	0	0.00156081608383812	0	0	0.00133784235757553	0.00646623806161507	0	0	0	0	0	0.0532907205767587	0	0	0.0179493849641384	0.00624326433535248	0.00512839570403954	0.00178378981010071	0	0.0039020402095953	0	0.0060202906090899	0	0	0	0	0.00958787022929132	0	0.00111486863131294	0	0.0020067635363633	0	0	0	0	0	0	0	0
MI10	0.0100579091740323	0	0.00701005790917403	0	0.0128009753124048	0.00579091740323072	0	0	0.00457177689728741	0.00853398354160317	0	0	0.0033526363913441	0	0	0	0	0	0	0	0	0.00457177689728741	0	0.0186934877577974	0	0	0	0	0	0	0	0	0.0481560499847607	0.00487656202377324	0.0222493142334654	0.00670527278268821	0	0	0.00487656202377324	0.0033526363913441	0.0170679670832063	0	0	0	0	0.0560804632733923	0	0	0.0877781164279183	0.0231636696129229	0.0140201158183481	0	0	0	0	0.00518134715025907	0	0.00761962816214569	0	0	0	0	0	0	0	0	0	0	0	0.00609570252971655	0	0.136035761454841	0.00426699177080159	0.00822919841511734	0	0	0	0	0	0	0.024687595245352	0	0.0167631819567205	0.00304785126485827	0	0.0182871075891496	0.0859494056690034	0.00670527278268821	0.00365742151782993	0.0170679670832063	0	0	0.00304785126485827	0.00426699177080159	0.0081276033729554	0	0	0.0033526363913441	0	0.0118866199329473	0.00396220664431576	0	0	0	0.0161536117037489	0	0	0	0	0.119882149751092	0	0	0.0198110332215788	0	0.00487656202377324	0	0.00365742151782993	0	0.0372853804734329	0.008838768668089	0	0	0	0	0.00426699177080159	0	0.0188966778421213	0.00548613227674489	0.0121914050594331	0	0	0	0	0	0	0	0.00670527278268821
MI6	0	0.0102599179206566	0	0	0	0	0	0.00879421536056283	0	0	0	0	0	0	0	0	0	0	0	0	0	0	0	0.0609732264999023	0	0	0	0	0	0.00439710768028141	0	0	0.117256204807504	0.0240375219855384	0	0	0	0	0	0	0.00908735587258159	0	0	0.0117256204807504	0	0.0199335548172757	0	0.0231581004494821	0.00820793433652531	0	0.00469024819230018	0.00351768614422513	0.00381082665624389	0	0	0.00615595075239398	0	0	0	0	0	0	0	0	0	0.0211061168653508	0	0	0	0	0	0.179011139339457	0	0	0	0.0117256204807504	0.00322454563220637	0	0	0	0.0140707445769005	0	0.112272816103185	0	0.0052765292163377	0.00556966972835646	0.0231581004494821	0.0102599179206566	0.03312487785812	0.0102599179206566	0	0.00351768614422513	0.0754348250928278	0.0121164744967755	0	0	0	0.00586281024037522	0	0	0	0	0	0	0.00439710768028141	0	0	0	0	0.0354700019542701	0	0	0.0231581004494821	0	0.00996677740863787	0	0	0	0.0460230603869455	0	0.00410396716826265	0	0	0	0	0.00644909126441274	0.00498338870431894	0	0	0	0.00644909126441274	0.00879421536056283	0.00820793433652531	0	0	0	0
