feature	AMARA.1	ANME.1	ARS49	Acidilobaceae	Altiarchaeaceae	Archaeoglobaceae	B24	Bilamarchaeaceae	CABMGC01	CG.Epi1	DHVEG.1	DSVV01	Desulfurococcaceae	GCA.2686295	GW2011.AR1	GW2011.AR15	GW2011.AR17	GW2011.AR18	GW2011.AR4	GW2011.AR5	GW2011.AR9	Gearchaeaceae	HEL.GB.A	Haladaptataceae	Haloarculaceae	Halobacteriaceae	Haloferacaceae	Hermodarchaeaceae	Hodarchaeaceae	Ignisphaeraceae	JABGXB01	JABLTI01	JABXJV01	JdFR.42	JdFR.43	Kariarchaeaceae	MK.D1	Methanobacteriaceae	Methanocaldococcaceae	Methanococcaceae	Methanocomedenaceae	Methanocorpusculaceae	Methanoculleaceae	Methanofastidiosaceae	Methanomassiliicoccaceae	Methanomethylophilaceae	Methanomicrobiaceae	Methanoperedenaceae	Methanoregulaceae	Methanosarcinaceae	Methanospirillaceae	Methanotrichaceae	Micrarchaeaceae	Natrialbaceae	Nitrosopumilaceae	Nitrososphaeraceae	Poseidoniaceae	RDOG01	S146.22	SOKP01	Sulfolobaceae	TCS64	Thalassarchaeaceae	Thermococcaceae	Thermoplasmataceae	Thorarchaeaceae	UBA10216	UBA233	UBA287	UBA460	UBA472	UBA489	UBA57	UBA583
CON1	0	6.19042489838418e-06	0	1.29998922866068e-05	0	6.19042489838418e-06	0	0	0	0	1.54760622459604e-05	0	0	0	0.0001095705207014	0	0	0	1.05237223272531e-05	1.23808497967684e-05	0	0	8.9142118536732e-05	0	5.44757391057807e-05	0	0.00033799719945177	0	6.0666164004165e-05	0	0	0	2.59997845732135e-05	3.15711669817593e-05	0	6.80946738822259e-06	0	0.422327500714994	0	7.42850987806101e-06	0	3.59044644106282e-05	0	0	0.00136127443515468	0.000703232268456423	0	0	5.44757391057808e-05	0.000323140179695652	0	0	8.97611610265705e-05	7.67612687399638e-05	3.09521244919209e-05	6.49994614330338e-05	3.83806343699818e-05	2.59997845732135e-05	0	0.000275473907978091	0	0	0	9.28563734757626e-06	3.28092519614361e-05	0	0	0	0	9.28563734757626e-05	0	0	0	0
CON2	0	0	0	0	0	0	0	0	0	0	0	0	0	1.01723492659167e-05	1.2291588696316e-05	0	0	0	4.66232674687847e-06	0	7.20541406335763e-06	0	0	0.00071291214438632	4.32324843801459e-05	0	0.000357727615851393	0	0	0	0	0	0	0	0	0	0	0.425233868667342	0	1.69539154431944e-05	0	0	0	0	4.95902026713438e-05	3.43316787724686e-05	0	0	2.79739604812708e-05	6.61202702284581e-05	0	0	5.08617463295833e-06	1.14438929241562e-05	9.32465349375694e-06	0	0	0	2.79739604812708e-05	7.75641631526145e-05	2.54308731647916e-05	0	3.30601351142292e-05	0	1.44108281267153e-05	0	0	1.78016112153541e-05	3.05170477977501e-05	7.71403152665347e-05	0	0	0	0
CON4	0.00174554687190066	0.00154718927282104	0.00190423295116436	0	0	0	0	0	0	0	0.00182488991153251	0.00047605823779109	0	0.00119014559447772	0.00357043678343315	0	0	0	0	0.00075375887650255	0.00051572975760701	0.00214226207005989	0	0	0.00051572975760701	0.00111080255484588	0.00440353869956757	0	0.00499861149680644	0	0	0	0.00119014559447772	0	0.00051572975760701	0.00309437854564209	0	0.113420875153727	0	0.00107113103502995	0	0.00111080255484586	0	0	0.0403459356527949	0.103106280001587	0	0.00380846590232872	0.00111080255484586	0.0039274804617765	0	0	0.00043638671797516	0.0013091601539255	0.00265799182766692	0.00539532669496568	0.00103145951521402	0	0	0.00789463244336889	0.00368945134288095	0	0.00047605823779109	0	0.00301503550601024	0	0	0	0	0.00531598365533384	0	0	0	0
CON5	0	4.16937676156168e-06	0	0	0	0	0	0	0	1.34702941527377e-05	5.45226191896528e-06	1.31495728633868e-05	0	0	7.50487817081103e-05	2.08468838078084e-05	0	0	0	0	3.84865547221078e-06	0	3.33550140924934e-05	0	0	0	1.18666877059832e-05	1.66775070462467e-05	1.09045238379306e-05	0	1.15459664166323e-05	1.15459664166324e-05	0	0	3.84865547221078e-06	6.83136346317414e-05	1.98847199397557e-05	0.425544552677188	0	6.15784875553725e-05	0	6.9275798499794e-05	0	1.73189496249485e-05	0.000179924643325854	0.000255935588902017	3.84865547221078e-06	8.98019610182516e-06	0	0.000118025434481131	0	0	0	6.41442578701797e-06	9.26884526224096e-05	1.18666877059832e-05	2.30919328332648e-05	0	1.44324580207904e-05	0.000425597150968638	0	0	0	1.34702941527377e-05	2.14883263865102e-05	2.05261625184576e-05	2.69405883054755e-05	2.27712115439138e-05	0	3.1430686356388e-05	0	0	0	7.69731094442156e-06
CON3	0	0	0.00029244963845196	0	0	0.00022937226545252	0	0	0	0	0	6.88116796357568e-05	6.30773729994438e-05	0	0.00028671533181565	0	9.74832128173222e-05	0	0	0	7.45459862720699e-05	0	0	0	0.00010895182608994	0.00053902482381342	0.00043580730435979	0	0	0	0	0.00089455183526484	0	0.00070531971626649	0	0	0	0.38131418839491	0	0.00014909197254414	0	0.000172029199089392	0.00069958540963018	0.00022363795881621	0.0069270424166662	0.00760369059975112	0	0	0.0004014014645419	0.00086014599544695	0.00034405839817878	0.00107804964762684	0	0.00019496642563464	0.00197260148289168	0	0.000137623359271514	0	0.00044727591763242	0.0023338628009794	0.000177763505725701	0.00033258978490615	0.00041287007781454	0	0.00020643503890727	7.45459862720699e-05	0.000258043798634088	0	0	0.000544759130449733	0	0	0	0
CON6	0	0	0	0	0.00238785604639264	0.0106600716356814	0	0.0005116834385127	0	0	0.00140712945590994	0.00055432372505543	0	0	0.00315538120416169	0	0.00085280573085451	0	0	0	0.00396554664847348	0	0	0.00170561146170902	0.0124936039570186	0.00204673375405082	0.0343254306668941	0.00289953948490534	0.00281425891181988	0	0.00307010063107623	0.00110864745011086	0	0	0	0	0	0.043194610267781	0.00127920859628176	0	0	0	0	0	0	0.00243049633293535	0.00136448916936722	0.00204673375405082	0.00204673375405082	0.02268463244073	0	0.00818693501620331	0	0	0.00422138836772983	0.00072488487122633	0.00332594235033259	0	0	0.0315964523281596	0	0	0.00648132355449428	0	0.00213201432713628	0.00328330206378987	0	0.00912502132014328	0	0.00430666894081528	0	0.00409346750810166	0	0
CON24	0	0	0	4.47119518486672e-05	0.000103181427343078	0	0	0	0	0	9.63026655202064e-05	0	4.12725709372313e-05	0.000178847807394669	0.00113843508168529	0.00090799656061908	0	0	5.8469475494411e-05	0	9.97420464316423e-05	0	0.00049527085124676	0	0	7.56663800515908e-05	0	0	0.00022699914015476	0	0	6.87876182287188e-05	0.000103181427343078	0	0	0	0	0.39295958727429	0	0.000103181427343078	0	0	0	0	0.00808942390369733	0.000440240756663793	0	0.000165090283748925	7.22269991401548e-05	0.00016509028374892	0	7.56663800515908e-05	0	0.000233877901977637	0.00268271711092003	0.00023731728288908	0	0.000103181427343078	0	0.00210146173688735	6.87876182287188e-05	0	0.00015477214101461	0.00041960447119518	6.19088564058469e-05	0.00015133276010318	0.000175408426483233	0.00067411865864144	0	0.00062940670679276	0	0.000113499570077386	0	0
CON25	0.00080761853484536	0	0	0.00037015849513746	0	0	0	0.00074031699027492	0	0	0.00124507857455329	0	0.00043746003970791	0	0.00864824847730255	0	0	0.00373523572365986	0.00151428475283508	0	0.0015479355251203	0	0	0	0.00323047413938151	0.00881650233872868	0.0192818925194333	0	0.00228825251539522	0.0010095231685567	0.0050476158427836	0.00531682202106538	0	0	0	0.00225460174310999	0	0.0747720160177677	0.00215364942625434	0.0010095231685567	0	0.0128545950129555	0.00134603089140894	0	0	0	0	0	0	0.0243631591345021	0.00080761853484536	0.0078742807147424	0.00033650772285223	0.00107682471312716	0.00747047144731971	0.00087492007941582	0.00649459905104821	0	0	0.0131574519635226	0.00498031429821313	0	0	0.00040380926742268	0.0094222162398627	0	0	0.00380253726823031	0	0.00195174479254298	0	0.00111047548541238	0.00074031699027492	0
CON26	0	0	0.00030386926868796	0	0.00087784455398744	0	0.00217772975893038	0.00197515024647174	0	0.00037139577284084	0	0	0.00104666081436964	0	0.00082719967587278	0	0.00069214666756702	0.00467621041258694	0	0	0	0.00156999122155446	0.00248159902761834	0	0.00476061854277804	0	0.00871091903572152	0	0	0	0.0070902829360524	0	0	0	0.00020257951245864	0.00043892227699372	0	0.132267540009454	0.0053177122020393	0.00064150178945236	0	0	0	0.0037983658585995	0	0.00091160780606388	0.00028698764264974	0	0.00021946113849686	0.0171517320548315	0.0004220406509555	0.00874468228779796	0.00060773853737592	0.00138429333513404	0.00526706732392464	0.00199203187250996	0	0	0	0.0143156188804106	0.0162401242487676	0	0.0018569788642042	0.00032075089472618	0.0127456276588561	0.00048956715510838	0	0.00145181983928692	0	0.00273482341819164	0	0.00055709365926126	0	0
CON27	0	0	0.00033212936438742	0.00026985510856478	0	0	0	0	0	0.00053971021712956	0.00151534022501764	0	0.00022833893801635	0.00095487192261385	0.00398555237264914	0.00037364553493585	0	0.00026985510856478	0.00124548511645285	0	0.00031137127911321	0	0.00124548511645284	0	0.00178519533358242	0	0.00467056918669822	0	0.000871839581517	0	0.00448374641923029	0.00157761448084028	0.00041516170548428	0	0.00033212936438742	0.00099638809316226	0.00568771536513472	0.132581890646407	0.00120396894590442	0.00211732469796986	0	0.00207580852742144	0	0.00255324448872834	0.0429692365176237	0.0394818781915557	0.00074729106987171	0	0	0.00635197409390957	0	0	0.00022833893801635	0	0.00315522896168057	0.00655955494665172	0.00215884086851828	0	0.00120396894590443	0.00543861834184413	0.00062274255822642	0	0.00112093660480756	0	0.00572923153568315	0	0	0.00373645534935858	0	0.010171461784365	0	0	0.00022833893801635	0
CON28	0	0.0005584363781412	0	0	0.0005584363781412	0	0.00101715197447148	0	0.00029916234543278	0.00047865975269246	0.00259274032708416	0	0.00021938571998404	0	0.00293179098524132	0.00019944156362185	0.00023932987634623	0	0.00021938571998404	0	0.00045871559633027	0.00089748703629836	0.00101715197447148	0	0.00358994814519346	0	0.0032309533306741	0.00095731950538492	0	0	0	0.00099720781810928	0	0	0	0	0	0.140706023135221	0.00063821300358994	0.003111288392501	0.00159553250897487	0.0028320702034304	0	0.00420821699242123	0.0418827283605904	0.0060630235341045	0.00702034303948943	0.00135620263262864	0.00456721180694058	0.0102712405265257	0	0	0	0.00303151176705225	0.00103709613083367	0.00167530913442361	0.00717989629038692	0.00071798962903869	0	0.0209014758675708	0.00119664938173114	0.00047865975269246	0.00089748703629836	0.00031910650179497	0.00175508575987236	0.0004188272836059	0.00113681691264459	0.0003988831272437	0	0.0113083366573594	0.00261268448344635	0	0.00077782209812524	0
CON29	0	0	0.00133864735769266	0	0	0	0	0	0	0	0.00142991876844443	0	0	0	0.00641942255620796	0	0	0.00480696096625999	0.0013994949648605	0	0.00060847607167848	0	0	0	0.00413763728741367	0.00736256046730962	0.0140557972557729	0	0.0010344093218534	0.00225136146521038	0	0.00285983753688886	0	0	0	0	0	0.135081687912623	0.00066932367884632	0.00066932367884632	0	0	0	0.00830569837841127	0.029663208494326	0.0264687091180139	0.00054762846451063	0	0.00380297544799051	0.017615382275092	0	0	0.00094313791110164	0.00179500441145152	0.00398551826949402	0.00620645593112051	0.00060847607167848	0	0.00310322796556026	0.014025373452189	0.00094313791110164	0	0.00136907116127658	0	0.00073017128601416	0.00136907116127658	0.00428975630533329	0	0.00209924244729075	0.00678450819921505	0	0	0	0.0016428853935319
CON30	0	0	0	0.00107033639143731	0.00091743119266054	0.00061162079510703	0	0	0	0.00048055919615552	0	0	0	0	0.0103101791175186	0.00085190039318479	0	0	0.00069899519440802	0.00069899519440803	0	0.00301441677588468	0.00262123197903012	0.00052424639580602	0	0.00270860637833114	0	0.00091743119266054	0.00214067278287462	0.00415028396679772	0	0.00231542158147662	0.00048055919615552	0.00078636959370903	0.00194408038444736	0.00181301878549585	0.00777632153778942	0.0781564001747487	0.00065530799475752	0	0	0	0	0.00373525557011796	0.0420707732634339	0.0100262123197903	0	0.00061162079510703	0.00238095238095238	0.00731760594145915	0	0	0.00048055919615552	0.00039318479685452	0.00777632153778942	0.00701179554390563	0	0.00098296199213628	0.00242463958060287	0.0418523372651812	0.00508955875928352	0	0.00069899519440802	0.00222804718217562	0.00415028396679773	0.00048055919615552	0	0.00279598077763216	0	0.00266491917868064	0.00074268239405854	0.00157273918741806	0.00058977719528178	0
CON31	0	0.00023108475033218	0	0	0	0	0.00167536443990831	0	0.00038514125055364	0.00157907912726992	0.00111690962660556	0.00082805368869032	0	0.00223381925321112	0.00608523175874752	0.00046216950066436	0	0.00113616668913324	0	0	0.00061622600088582	0.00023108475033218	0.00057771187583046	0	0.00483352269444819	0	0.00094359606385641	0	0.00408249725586858	0.00080879662616264	0.00092433900132873	0.00211827687804502	0.00144427968957614	0	0	0.0033122147547613	0.00038514125055364	0.145044194958501	0.00369735600531494	0.00327370062970594	0.00023108475033218	0.00392844075564714	0.00177164975254674	0.00130948025188236	0.00583488994588764	0	0.00092433900132873	0.00173313562749138	0.00150205087715919	0.0105528702651697	0.00038514125055364	0.00238787575343258	0.00025034181285986	0.00057771187583046	0.0115927516416646	0.00254193225365401	0.001270966126827	0	0.00115542375166092	0.036395848177319	0.00562306225808316	0.00023108475033218	0.00242638987848794	0	0.0017138785649637	0.0002118276878045	0	0	0	0.00371661306784263	0	0.0006354830634135	0.00053919775077509	0
CON32	0	0	0	0	0	0.00125518972675485	0	0	0	0	0.00122300537478677	0	0	0	0.0146438801454733	0	0.00032184351968073	0.00096553055904219	0.0007080557432976	0.0016735863023398	0	0	0.00135174278265906	0.00090116185510604	0.001319558430691	0	0.00408741269994528	0.00064368703936146	0.0015448488944675	0	0	0	0.00135174278265906	0	0	0	0	0.234141160567732	0	0	0	0	0.00115863667085061	0.00354027871648803	0.0258762189823308	0.0107173892053684	0	0	0.00875414373531589	0.00102989926297833	0	0	0	0	0.00173795500627594	0.00170577065430786	0	0	0.00762769141643334	0.0103633613337195	0	0	0	0.00144829583856329	0.00177013935824402	0.0003540278716488	0.00096553055904219	0	0	0.00128737407872292	0	0.0010620836149464	0	0.00090116185510604
CON33	0	0.00018179221150225	0.00041552505486229	0	0.00062328758229342	0.00012985157964446	0.00054537663450675	0	0.00051940631857786	0.00025970315928892	0.00049343600264897	0.00066224305618677	0	0	0.00097388684733349	0	0.0001947773694667	0	0.00215553622209814	0	0.00085702042565347	0	0.00136344158626689	0	0.00070119853008009	0	0.00144135253405356	0.00031164379114672	0.00031164379114672	0	0.00054537663450675	0.0057654101362143	0	0	0.00022074768539559	0	0	0.257911207489839	0.00059731726636454	0.00236329874952928	0.00025970315928893	0.00174001116723584	0	0.00175299632520027	0.0476035890976615	0.00245419485528039	0.00023373284336003	0.00025970315928892	0	0.00572645466232096	0.00025970315928892	0.00067522821415122	0.00020776252743114	0.00012985157964446	0.00344106686057835	0.00042851021282673	0.0011167235849424	0	0	0.0110373842697796	0.00390853254729843	0.0001947773694667	0.00135045642830244	0	0.00051940631857786	0	0	0.00044149537079118	0	0.00124657516458686	0	0	0	0
CON34	7.8003120124805e-05	0	0	0	0	0.00090441455496057	0.00145465278070581	0	3.58392714086942e-05	0	0.000122275161276721	0	2.31901167938609e-05	0	0.00111523379854112	2.10819243580554e-05	0	0	0.00081376228022092	4.42720411519163e-05	6.74621579457773e-05	0	6.32457730741662e-05	0.000122275161276721	6.53539655099717e-05	4.21638487161108e-05	9.48686596112493e-05	0	4.21638487161108e-05	5.4813003330944e-05	0	0.000105409621790277	0.00011805877640511	8.2219504996416e-05	0	0	0	0.393371842981827	0	5.4813003330944e-05	0	5.0596618459333e-05	0.000170763587300249	0	0.00149892482185773	0	0.00022768478306699	0.00020238647383732	0.000185520934350888	0.00039001560062402	0.00022768478306698	0	0	8.43276974322216e-05	0.000274065016654719	0.000189737319222499	0.000345743559472101	0	0.000246658514989248	0.00110469283636209	9.27604671754438e-05	0	0.000164439009992829	3.79474638444997e-05	0.00014968166294219	5.0596618459333e-05	0	0.0005354808786946	0	0.000301471518320183	2.10819243580554e-05	0.000170763587300249	0	0
CON35	0	0	0.0003875110717449	0	0	0.00096877767936226	0	0	0	0.0016054030115146	0.0003875110717449	0	0	0	0.0037643932683791	0.00033215234720992	0	0	0	0	0.00143932683790964	0	0.00207595217006199	0.00548051372896368	0.00268489813994685	0	0	0	0.0058126660761736	0	0	0.0028786536758193	0	0.00315544729849425	0.00027679362267493	0.00141164747564214	0	0.142936226749336	0	0.00035983170947741	0	0.00143932683790964	0.0011625332152347	0.00822077059344552	0.0721324180690877	0.00055358724534986	0	0.00974313551815766	0	0.00788861824623561	0	0	0.00102413640389725	0.00143932683790964	0.00260186005314437	0.00099645704162976	0.00357063773250664	0	0.00141164747564214	0.0184344552701506	0.0016054030115146	0	0.0029340124003543	0.00254650132860939	0	0.00077502214348981	0	0.00035983170947741	0.00141164747564214	0.00107949512843223	0	0	0	0
CON36	0.0011326014985189	0	0	0	0	0	0.00248301097752219	0	0	0	0.00461752918626938	0	0.00209095661265029	0	0.00653423941453215	0	0	0.0100627286983795	0	0	0.00492246035894755	0.0082331416623105	0.00940930475692628	0	0.00152465586339083	0	0	0	0.0015682174594877	0	0	0.00087123192193762	0.00169890224777835	0	0.00243944938142534	0	0.00235232618923158	0.135215194284719	0	0.0025265725736191	0	0	0	0	0.0152901202300052	0.0395539292559679	0	0.00121972469071266	0	0.00492246035894755	0	0	0	0	0.00383342045652553	0.00309287332287855	0.00095835511413138	0.00300575013068478	0	0.0119794389266422	0.0111082070047047	0	0.00853807283498867	0.00139397107510019	0	0	0.00383342045652552	0.00200383342045652	0	0.0050095835511413	0	0.00104547830632514	0	0
CON37	6.54013681966227e-05	0	6.21312997867915e-05	0	0	0	0.000107912257524428	0	0	0.000137342873212908	0	0	0	0	0.000660553818785884	0.0001373428732129	0	0	0	0	0.00014388301003257	6.86714366064538e-05	0.000186393899360375	0.00042510889327804	0	0	0.000775006213129973	0	0.00047088985101568	0	0	0	0	0	0	0	0	0.402041830715097	8.50217786556094e-05	0.000464349714196014	0	9.15619154752717e-05	0	0	0.00273704725902864	0.00173640632562033	0	0.000176583694130881	3.92408209179736e-05	0.0010202613438673	0.000130802736393245	0	0.00010464218911459	0.00010137212070476	0.000523210945572982	0.00072268511857267	0.00022890478868818	0	0	0.00145518044237484	0.00026487554119631	0	0.00068671436606453	3.92408209179736e-05	0.000287766020065133	0	0	0	0	0.000274685746425814	0	0	0	0
CON7	0	0	0	0	0	0	0	0.00229658792650919	0	0	0.00226377952755906	0	0	0	0	0	0	0	0	0	0	0	0	0.00485564304461942	0	0	0.0207677165354331	0.0013779527559055	0	0	0	0.0019028871391076	0	0	0	0.00305118110236221	0	0.118405511811024	0.0071522309711286	0	0	0	0	0	0.00393700787401574	0.00328083989501312	0	0.0020997375328084	0	0	0	0	0	0.0176181102362205	0.00167322834645669	0	0.00131233595800524	0	0	0	0	0	0.0106299212598425	0	0	0.00072178477690288	0	0	0	0.0047244094488189	0	0	0	0.00452755905511812
CON8	0.00025891772391403	0.00027883447190742	0	0.0003186679678942	0.00039833495986774	0.00029875121990081	0.00149375609950407	0.00081658666772889	0	0	0	0.0004780019518413	0	0.00075683642374872	0.00127467187157681	0	0	0	0.0024298432551933	0	0.00021908422792726	0	0.00089625365970243	0	0	0	0.00137425561154373	0.00043816845585452	0	0	0	0.00123483837559002	0	0	0	0	0	0.270349937262244	0.00153358959549083	0	0	0.00199167479933876	0.0006373359357884	0.001593339839471	0.0445537652612081	0.0108745444043897	0.00057758569180824	0.00083650341572228	0	0.00268876097910731	0	0.00043816845585452	0.00077675317174211	0	0.00183234081539164	0.00129458861957019	0.00117508813160985	0.00071700292776195	0	0.0170686530303332	0.00153358959549083	0	0	0.00025891772391403	0.00051783544782807	0	0.00161325658746438	0.00125475512358341	0	0.00280826146706764	0	0	0	0.00059750243980162
CON9	0	0	0	0.00070951118413682	0	0	0	0	0	0	0.0004107696329213	0.00024272751036259	0	0	0.00052279771462713	0	0	0	0.00274468800179245	0	0	0	0	0.0153105044997946	0.0269800963441503	0	0.0379961910452221	0.00056014040852906	0	0.00112028081705814	0	0	0	0	0	0	0	0.0184099480936555	0	0.00212853355241048	0	0.0010829381231562	0.00718846857612308	0	0	0.0140408529071287	0.0131259569065312	0	0	0.00769259494379923	0	0.00388364016580156	0.00026139885731356	0.00765525224989731	0.00171776391948914	0.00201650547070464	0.00067216849023488	0	0	0.00591881698345718	0	0	0.00194182008290078	0.00048545502072519	0	0	0.00076552522498973	0	0	0.00242727510362598	0	0	0	0
CON10	0.00312115766575238	0.00075664428260664	0	0	0	0	0.00212806204483116	0	0	0.00170244963586494	0.00335760900406696	0	0	0	0	0.00113496642390996	0	0	0.00312115766575238	0	0.00151328856521328	0	0	0	0	0	0.00118225669157287	0	0	0	0	0	0	0	0	0	0	0.19970680034049	0	0.00226993284781992	0.00052019294429206	0	0.00520192944292064	0.00316844793341529	0.0195781708124468	0.0363662158327816	0	0	0.00293199659510072	0.00567483211954979	0	0	0	0	0.00231722311548282	0	0	0.00156057883287618	0.00312115766575239	0.026104227749929	0.00605315426085311	0.00250638418613449	0	0.00066206374728081	0.00070935401494372	0.00061477347961789	0.00156057883287618	0	0	0.00132412749456162	0	0	0.00099309562092121	0
CON11	0	0	0.00067896344913432	0	0	0	0	0.00067896344913432	0.00107502546112934	0	0	0	0	0	0.00820414167703971	0	0	0.00147108747312436	0	0.00118818603598506	0.00260269322168156	0.00322507638338802	0	0.00186714948511938	0	0.00362113839538304	0	0	0	0	0	0.00407378069480592	0.00203689034740296	0	0	0	0	0.0914337444834219	0	0.00294217494624872	0	0	0	0.0022632114971144	0.0283467240013579	0.044472105918298	0.00237637207197013	0	0.0033948172456716	0.0049790652936517	0	0	0.00203689034740296	0	0.0189543962883332	0.0063935724793482	0	0	0.00373429897023876	0.0280072422767907	0.0130700463958357	0	0	0	0	0.00062238316170646	0.00441326241937308	0.00441326241937309	0.00220663120968654	0	0	0.0179925314020595	0	0
CON12	0	0	0	0	0	0	0	0	0	0.00426147172970094	0	0	0	0	0.00243512670268625	0	0.00631610988509246	0	0	0	0	0	0	0	0	0	0.00426147172970094	0	0	0	0	0.0079141617837303	0	0	0	0.00190244273647363	0.00213073586485046	0.0835552849859219	0	0.0150673464728712	0	0	0	0	0.0126322197701849	0	0	0	0	0.0165893006620501	0	0.00350049463511148	0	0	0.022144433452553	0	0.00776196636481242	0	0	0.0280039570808918	0	0	0.00098927022296628	0	0	0.00410927631078305	0	0.00563123049996196	0	0	0	0.00190244273647363	0	0
CON13	0	0	0	0	0	0	0	0.00017686146693953	0	0.00032845701003056	0	0.00017686146693953	0.00078324363930367	0.0005305844008186	0.00104853583971298	0	0	0.00303191086182066	0	0	0	0	0.00045478662927309	0	0	0.00025265923848505	0.00154122135475882	0.00042952070542458	0.00025265923848504	0.00035372293387906	0	0	0	0.00060638217236412	0	0	0.00032845701003056	0.263763612016473	0.00060638217236412	0.00012632961924252	0	0.00449733444503398	0.00121276434472824	0	0.018191465170924	0.0154880113191339	0	0.00156648727860734	0	0.00305717678566916	0.00065691402006114	0	0.00012632961924252	0.00020212739078804	0.00140225877359204	0	0.00085904141084918	0	0	0.00823669117461275	0.00087167437277343	0	0	0	0	0.00021476035271229	0	0.0005053184769701	0	0.00186967836478938	0	0	0.00012632961924252	0
CON14	0	0	0	0	0	0.0114319387153801	0	0.00194460813199764	0.00088391278727165	0.00235710076605774	0.00082498526812021	0	0.00164997053624042	0	0.00601060695344727	0	0	0.00135533294048321	0	0.00129640542133176	0	0.00583382439599292	0.00830878020035355	0	0	0	0.00583382439599293	0	0.00636417206835592	0	0	0.00247495580436064	0	0	0	0.00141426045963464	0	0.0184443134944019	0.00306423099587508	0	0.00106069534472599	0.00883912787271656	0	0	0.0180318208603418	0.00388921626399528	0	0	0.00589275191514437	0.009428403064231	0	0.00412492634060106	0	0.00824985268120212	0.0150854449027696	0.008367707719505	0	0	0	0.0175014731879788	0.0113140836770772	0	0.00159104301708898	0	0.00241602828520919	0.00129640542133176	0	0	0	0.00624631703005304	0.0009428403064231	0.0360636417206835	0	0
CON15	0	0	0	0.00034147174321324	0	0	0.0168004097660919	0.00140003414717432	0	0.00225371350520744	0.00071709066074782	0	0.00112685675260372	0	0.00515622332252004	0.00112685675260372	0	0.0017756530647089	0.00109270957828238	0	0	0	0	0	0	0	0.00252689089977804	0	0.00717090660747824	0	0	0.00081953218371178	0.00174150589038756	0.0101417107734335	0.00180980023903022	0.00184394741335152	0	0.117363838142394	0.00088782653235444	0.00068294348642648	0	0.00430254396448694	0.00211712480792214	0.00068294348642648	0.0144442547379204	0.0206590404644016	0	0.00239030220249274	0.00430254396448695	0.00747823117637015	0.00068294348642648	0.0024585965511354	0.00047806044049854	0.00034147174321324	0.00713675943315688	0.00320983438620454	0.00355130612941779	0	0.00522451767116271	0.0232200785385009	0.00081953218371179	0	0.00170735871606624	0	0.00539525354276934	0.00730749530476354	0	0.00051220761481987	0.00204883045927947	0.0037220420010244	0	0	0	0
CON16	0	0	0	0	7.90969389484626e-05	0	0	0	2.82489067673081e-05	0.000109229106166925	5.27312926323085e-05	5.83810739857701e-05	0	0	0.000429383382863076	0	0	2.07158649626926e-05	0.000177026482408464	5.08480321811546e-05	7.90969389484626e-05	1.88326045115387e-05	0.000540495749481153	6.77973762415394e-05	3.0132167218462e-05	0	0	0.00025235690045462	0.00033522036030538	7.5330418046155e-05	0	0.000188326045115387	0.000158193877896926	0	0	0.000222224733236157	0	0.405019642406504	4.5198250827693e-05	0.000410550778351529	2.82489067673081e-05	0	0	0.000305088193086921	0.00458573919855969	0.00085311698437269	0	0	3.57819485719236e-05	0.000357819485719222	0	0.000139361273385387	0	0	0.000555561833090376	0	0.000107345845715771	0	5.64978135346161e-05	0.00156875595581116	0	8.28634598507704e-05	0.000316387755793838	0.00012806171067846	0.00043314990376539	0.00016384365925038	0	9.98128039111554e-05	0	0.00077402004542423	0	0	0	0
CON17	0	0	0	0	0.00180139608196352	0	0	0	0	0	0.00198904150716805	0	0.00517901373564513	0	0.00484125197027696	0	0	0	0	0	0.00427831569466336	0.00258950686782255	0.00236433235757712	0	0.010470614726413	0	0.0180514899046761	0	0	0.00097575621106356	0	0.0011258725512272	0	0.0118216617878856	0	0	0.00735570066801772	0.0286722209712527	0	0.00255197778278166	0	0.001200930721309	0.00195151242212714	0.00258950686782255	0.0524656608871875	0.00405314118441792	0.0044659611198679	0	0	0.039780830143361	0.00750581700818134	0.013285296104481	0	0.00221421601741349	0.0150116340163627	0.00243939052765892	0	0	0	0.00941980034526756	0.00829392779404037	0.00247691961269984	0	0.00180139608196352	0.00150116340163627	0.00086316895594085	0	0.00041281993544997	0	0.0033776176536816	0	0	0.00048787810553178	0.00180139608196352
CON18	0	0	0.00063913078213629	0	0	0	0	0	0	0.00095869617320444	0.00123831589038906	0.00191739234640888	0	0	0.00902772229767515	0	0.00067907645601981	0.00431413277941998	0.0036750019972837	0	0.0023967404330111	0	0.00599185108252774	0.00159782695534072	0.00047934808660222	0	0.00279619717184629	0	0.00135815291203962	0	0	0.00223695773747704	0.00199728369417592	0.0013182072381561	0.00171766397699129	0.00231684908524406	0.0015179356075737	0.0990253255572421	0	0	0	0	0.011863865143405	0.00383478469281777	0.0318766477590476	0.0183750099864185	0	0.00079891347767036	0	0.0043540784533035	0	0	0.00071902212990333	0.0101462011664137	0.00431413277941998	0.00187744667252536	0.00399456738835184	0.00335543660621556	0.00155788128145719	0.00766956938563552	0.00319565391068145	0	0	0.00063913078213629	0	0	0.00275625149796276	0.0004394024127187	0.00155788128145719	0.00227690341136054	0	0.00119837021650554	0	0.00103858752097146
CON19	0.00274379787355664	0	0	0.00297244769635304	0	0	0.00148622384817651	0	0.00038108303799397	0	0	0	0	0.00121946572158072	0.00274379787355664	0	0	0	0	0.00060973286079036	0.00144811554437712	0	0	0.0148622384817652	0.0306390762547159	0	0.00426813002553257	0	0	0	0	0	0.00190541518996988	0	0	0	0.00342974734194582	0.0803704127129301	0	0	0	0	0	0	0.03418314850806	0.0118516824816127	0	0	0.00217217331656568	0.00960329255744827	0	0.0124995236462025	0.00045729964559277	0.00289623108875424	0	0	0.00236271483556267	0	0.00800274379787355	0.0125376319500019	0.00514462101291871	0.00068594946838916	0	0	0.00099081589878434	0.00064784116458976	0	0.00205784840516748	0.0056019206585115	0.00228649822796388	0	0	0	0
CON43	0	0	0	0	0	0.00217827847928934	0	0	0	0	0.0049351621796399	0.00040842721486675	0	0	0.00473094857220653	0	0	0	0	0.00061264082230012	0.00381198733875634	0	0.00214424287805043	0	0.00296109730778393	0	0.0117422824274191	0	0.0008168544297335	0	0	0.00095299683468908	0	0.00520744698955107	0	0.00132738844831692	0	0.132500595623022	0.00108913923964466	0.0008168544297335	0	0	0.00112317484088355	0.00142949525203362	0.0452333140464926	0.028760083046867	0	0	0	0.016677444607059	0.00088492563221128	0	0	0	0.0041183077499064	0	0.00265477689663387	0	0	0.0285899050406725	0.0024165276879616	0	0	0.00037439161362785	0	0	0	0.00057860522106123	0	0.00296109730778392	0	0	0	0
CON44	0.00145199142312042	0	0	0	0	0	0	0.00033767242398149	0	0.00077664657515744	0	0	0.00018571983318982	0	0.0017390129835047	0	0	0	0.00048962501477316	0	0	0	0.00151952590791672	0	0	0.00297151733103716	0	0	0	0.00047274139357408	0.00202603454388897	0	0.00081041381755557	0	0	0	0.00074287933275928	0.246467102264093	0.00202603454388898	0	0.00016883621199074	0	0	0.00128315521112968	0.00248189231626398	0.00432220702696312	0.00032078880278242	0	0.00067534484796298	0.00074287933275928	0.00077664657515744	0	0	0	0.0681591787806649	0.00057404312076854	0.00084418105995372	0	0	0.0028026811190464	0.00158706039271302	0.00064157760556484	0.00037143966637964	0.00087794830235188	0	0.00128315521112968	0.00287021560384271	0	0	0.00121562072633337	0	0	0	0
CON45	0.0008349568605622	0	0.00102050282957603	0	0.00176268670563132	0	0	0	0	0	0	0.0008349568605622	0	0	0.00310789498098154	0	0	0.00194823267464514	0	0	0.00570553854717506	0.00088134335281566	0	0.00078857036830874	0	0.0109472121718156	0.00129882178309676	0	0.00222655162816588	0	0	0.00463864922534558	0	0	0	0	0	0.0303831524260136	0	0	0	0	0	0.0404954077372669	0.100844234159013	0.0181371184711012	0	0.00194823267464514	0	0.00139159476760366	0	0	0	0.00064941089154838	0.0134520827535022	0.00185545969013822	0	0	0.00102050282957603	0.0212913999443362	0.00398923833379717	0.00051025141478801	0	0	0.00120604879858985	0.00134520827535022	0	0.0117821690323778	0	0.012106874478152	0	0	0	0.00102050282957602
CON38	0.00070231042120617	0	0	0	0	0	0	0	0.00021609551421728	0	0	0	0	0	0.00169274819470206	0	0	0	0	0	0	0	0	0.00057625470457942	0	0	0.00632079379085556	0	0.00090039797590534	0	0.0045920296771173	0.0010444616520502	0	0.00151266859952097	0.00036015919036214	0	0	0.327690839350994	0	0.00228701085879959	0	0.00057625470457942	0.0008103581783148	0	0.0173956888944914	0.0023770506563901	0	0	0	0.00637481766940987	0	0	0	0.00034215123084403	0	0.0008103581783148	0	0.00070231042120617	0	0.00327744863229545	0.00034215123084403	0	0.00126055716626748	0.00019808755469917	0	0	0.00140462084241234	0	0	0.00050422286650698	0	0	0	0
CON39	0	0	0	0	0	0.0004648831617866	0	0	0	0	0	0	7.99017934320726e-05	0.00010169319164082	0.00184500504834058	0.00012348458984956	0	0	0	0	0.00010169319164082	0	0.00058110395223324	0	0.00076996273670905	0	0.00108956991043733	0	0	0	0	0.00024696917969912	0.0003777175689516	0	0.00026876057790788	0	0.00021791398208746	0.361671836070576	0	7.99017934320726e-05	0.00015980358686414	0.00034866237133994	0	0	0.0120288518112284	0.000283288176713712	0.00024696917969913	0	0	0.00207018282983095	0	0.00020338638328164	7.99017934320726e-05	0.00091523872476737	0.0024624279975884	0.00010895699104373	0	0	0	0.00578924812412375	0.00187406024595224	0	0.00016706738626706	7.99017934320726e-05	0.00010895699104373	0	0	0.00111862510804901	0	0.00122758209909274	0	0	0.00010169319164082	0
CON40	0	0.00334426012383696	0	0	0	0.00112579053673719	0	0	0	0.00125823648223568	0	0	0.00046356080924472	0	0.00519850336081586	0.00059600675474322	0.00033111486374623	0.00973477699413927	0	0	0	0	0.0059600675474322	0	0	0	0	0	0	0.0135094864408463	0	0.00092712161848944	0.00139068242773416	0	0.00337737161021158	0.00271514188271912	0	0.0898976855071024	0	0.00463560809244726	0	0	0.00192046620972814	0	0.0231449289758617	0.032614814079004	0	0	0.00112579053673719	0.00827787159365584	0	0	0.00192046620972815	0.00039733783649548	0.0052316148471905	0	0.00132445945498492	0.0029800337737161	0.0046687195788219	0.0108605675308764	0.00841031753915432	0	0.00192046620972815	0	0.00195357769610278	0.00251647296447138	0	0	0.00586073308830834	0.0226482566802424	0	0	0	0
CON41	0	0	0	0	0	0.00058115883070843	0	0	0	0	0	0.00055210088917301	0	0.00063927471377926	0.00197594002440866	0	0	0	0.00197594002440867	0.00084268030452722	0.00095891207066891	0	0	0	0.0004068111814959	0.00145289707677108	0.00066833265531469	0	0	0	0	0.00063927471377926	0	0	0	0	0	0.0907188934735863	0.00151101295984192	0	0.00066833265531469	0	0.00087173824606263	0.00479456035334457	0.115650607310978	0.0401290172604173	0	0	0.00276050444586505	0.0108676701342477	0	0.00302202591968384	0.00087173824606264	0.0008136223629918	0.00613122566397395	0.00156912884291274	0.00159818678444819	0	0.00296391003661299	0.00909513570058691	0.00156912884291274	0	0.00366130063346311	0	0	0	0.00348695298425061	0.00110420177834602	0.00209217179055033	0.0106642645434997	0.00197594002440867	0	0.00029057941535421	0
CON42	0.00067838221992505	0	0	0.00033919110996252	0	0.00025843132187621	0	0	0	0	0.00020997544902442	0.00024227936425894	0	0	0.00617004780979454	0	0	0.00455485204806822	0	0	0	0.00405414136193307	0.0013083085669983	0.00224512210879958	0.0008722057113322	0	0.00140522031270189	0	0	0	0.0013083085669983	0.00077529396562862	0.00116294094844294	0	0.00041995089804884	0.00176056338028168	0.00032303915234526	0.203272386613258	0.00096911745703578	0.00077529396562862	0	0	0.00140522031270189	0.00067838221992504	0.0534791316707585	0.0114678899082569	0	0	0.00348882284532884	0.00901279235043287	0	0.00103372528750484	0	0.000613774389456	0.00340806305724251	0.00235818581212041	0.00445794030236464	0.00150213205840548	0.0022289701511823	0.0159419821682388	0.00765602791058277	0.00050071068613516	0.00037149502519705	0.00024227936425894	0.00098526941465305	0.00114678899082568	0	0	0.00305271998966274	0.00558857733557308	0	0	0.00019382349140715	0
CON46	0.00057019315293054	0	0	0	0	0.00337364282150578	0.00142548288232638	0	0	0	0	0	0	0	0.00140172483428761	0	0	0.00095032192155092	0	0.000522677056853	0.00038012876862037	0.0002613385284265	0.00605830224988714	0	0.00109287020978354	0.00040388681665914	0.016440569242831	0	0	0	0	0	0.00206695017937326	0.00855289729395834	0	0	0.00137796678624884	0.209474709557863	0.00270841747642014	0	0	0	0.00190064384310184	0.00192440189114061	0.0200280344966857	0.00491791594402603	0	0	0.00228077261172222	0.0121403625478131	0	0	0	0	0.00620085053811978	0.00071274144116318	0.0037062554940486	0.00171057945879165	0.00320733648523437	0.0163455370506759	0.00173433750683042	0.00149675702644271	0.00111662825782233	0	0.00144924093036516	0	0.00299351405288541	0	0	0.0027321755244589	0.00035637072058159	0	0	0
CON47	0	0	0	0	0	0.00071893310327474	0	0.00043135986196484	0	0.0007908264136022	0.00625471799849024	0	0	0	0.0106042632733024	0.00035946655163737	0	0	0.00133002624105827	0	0.00079082641360221	0.00208490599949674	0	0	0.00075487975843847	0	0.00251626586146157	0	0.0007908264136022	0	0	0	0	0	0	0.00050325317229231	0	0.0820302670836478	0	0.00100650634458462	0	0.00266005248211654	0	0	0.0539199827456055	0.00948991696322658	0.00082677306876595	0	0.00129407958589452	0.00363061217153743	0	0	0	0	0.0023365325856429	0.00273194579244402	0	0.00107839965491211	0	0.0410510801969877	0.00323519896473633	0	0	0	0.00273194579244401	0.00057514648261979	0	0.026241058269528	0	0.00434954527481216	0.00035946655163737	0.00215679930982422	0	0.0007908264136022
CON20	0.00047179825906442	0	0.00025948904248543	0.00037743860725153	0	0	0	0	0	0	0.00186360312330448	0	0	0	0.00061333773678375	0	0	0	0	0	0.00370361633365573	0	0	0	0.00523696067561511	0	0.0112759783916397	0	0.00184001321035124	0	0	0	0	0	0	0	0.00051897808497086	0.278620461890496	0.00108513599584816	0	0	0	0.00084923686631595	0	0	0	0	0	0.0005661579108773	0.0161826802859097	0	0.00554362954400698	0	0	0.00408105494090726	0.00150975442900615	0.00099077634403528	0	0	0.00861031822792571	0.00226463164350921	0.00025948904248543	0.00040102852020476	0.00033025878134509	0.00224104173055601	0.00184001321035125	0	0	0	0.00094359651812884	0	0.0070062041471067	0	0
CON21	0	0	0	0	0	0	0	0	0.00050007501125168	0	0.00060009001350202	0	0	0	0.00750112516877531	0.00050007501125168	0.00050007501125168	0.00360054008101215	0	0	0	0	0.00150022503375504	0.00050007501125168	0.00645096764514678	0	0.0129519427914187	0	0	0	0	0	0	0	0	0.00210031504725708	0	0.123118467770166	0	0.00170025503825572	0.00090013502025303	0	0	0	0.0196529479421913	0.0648097214582187	0.0102015302295344	0	0	0.0225033755063259	0	0	0	0.00130019502925439	0.00360054008101216	0.00855128269240386	0.00260039005850878	0	0	0.0245536830524578	0	0	0	0.00050007501125168	0	0.00235035255288293	0	0.00140021003150472	0	0	0	0	0	0
CON22	0	0	0	0	0	0	0	0	0	0	0.00081632653061224	0.00149659863945578	0	0	0.00496598639455783	0	0	0	0.00312925170068028	0	0.00081632653061224	0.00918367346938776	0.00496598639455781	0	0	0	0.00312925170068027	0	0	0	0	0	0	0	0	0.00265306122448977	0.00217687074829932	0.128571428571428	0.00272108843537414	0	0	0	0	0	0.046734693877551	0.0151020408163265	0	0.00163265306122448	0	0.0101360544217687	0	0	0	0	0.00380952380952379	0.00231292517006803	0.00285714285714285	0	0.00387755102040816	0.0149659863945578	0.0173469387755102	0.00088435374149659	0.00170068027210884	0.00244897959183673	0.00380952380952381	0.00231292517006803	0	0.00870748299319728	0	0.00693877551020407	0	0.00387755102040816	0	0.00136054421768706
CON23	6.98553296123728e-05	0	0.00018162385699216	0	0	0.00037721877990681	0	0	0	0.0007125243620462	0.00023750812068206	0	0	0	0.00627300859919107	0.00016066725810845	0	0	0.00025147918660454	8.38263955348473e-05	0	0.00597263068185786	0.00142504872409239	0	0.000272435785488254	0	0.00051692943913155	0.00022353705475958	0	0	0	0.0003213345162169	0	0	0	0.00041913197767422	0	0.320342570536419	0	0.00036324771398432	0	0.00027942131844948	0	0.00622410986846242	0.0181693712321782	0.000251479186604542	0.00030736345029444	0.0003213345162169	0.00093606141680579	0.00483398880917619	0.00173241217438684	0	0.00091510481792208	0	0.00269641572303757	0.00033530558213938	0.000181623856992169	0	0.00194896369618518	0.00433103043596706	0.0111489106061347	0	0.0008452494883097	0	0.00037721877990681	0	0	0.00023750812068206	0.00184418070176664	0.000370233246945573	9.08119284960846e-05	0	0	0.0003213345162169
MI33	0	0	0	0	0	0	0	0.00145474805001857	0	0	0.00068094589575337	0	0	0	0.00074285006809459	0.00167141265321283	0.00030952086170607	0	0	0	0	0	0.0012071313606537	0.0008047542404358	0.00077380215426519	0	0.00278568775535469	0.00086665841277702	0.00612851306178036	0.00111427510214188	0.00900705707564691	0.00111427510214188	0	0	0	0	0	0.0984895381948744	0	0	0	0.00111427510214188	0.00173331682555404	0	0.0619351244273863	0.0888324873096447	0.00145474805001857	0	0.00318806487557261	0.0113594156246131	0	0	0.00043332920638851	0.00247616689364862	0.00454995666707936	0	0.00222855020428375	0	0.00157855639470099	0.0138974866906029	0.00232140646279557	0.0008047542404358	0.00222855020428376	0.0004023771202179	0.00055713755107094	0	0	0.00179522099789524	0	0.00984276340225331	0	0	0	0.00086665841277702
MI32	0	0.00071994240460763	0	0	0	0	0	0	0.00101991840652748	0.00059995200383968	0	0.00059995200383969	0.00104991600671946	0.00227981761459084	0.00689944804415646	0	0	0.00602951763858891	0.00083993280537556	0	0.00347972162227021	0	0	0	0.00029997600191984	0.0009599232061435	0	0.00227981761459084	0.00317974562035038	0	0	0	0.00125989920806334	0	0.00080993520518358	0.00134989200863931	0.00071994240460762	0.176205903527718	0	0.00101991840652746	0	0.00071994240460762	0.00179985601151906	0.00422966162706983	0.0191684665226782	0.0209683225341973	0	0.00149988000959922	0	0.00548956083513319	0	0	0	0	0.00431965442764578	0	0	0.00224982001439883	0	0.0232181425485961	0.0027297816174706	0	0.00146988240940724	0.0015598752099832	0.00041996640268778	0.00131989440844732	0.00788936885049197	0.0009599232061435	0	0.00278977681785456	0	0	0.00032997360211183	0
MI38	0	0	0	0	0	0.00037766684291119	0	0	0	6.8666698711126e-05	0	0	0	0	2.51777895274129e-05	6.4088918797051e-05	0	0	0	0	0	0	0.000109866717937802	0	0	0	0	0	6.8666698711126e-05	0	0	0	0	0	0	9.15555982815014e-05	0	0.417008283492755	0	0.000100711158109652	0	0	0	0	0.00210806765043155	0.00128406726589805	0.00013962228737929	0	0.000109866717937802	0.000251777895274126	5.9511138882976e-05	0	0	2.74666794844504e-05	0	5.49333589689008e-05	0	0	7.55333685822387e-05	0.000727867006337918	0	6.86666987111261e-05	0.000176244526691888	4.12000192266756e-05	6.18000288400135e-05	0	0	0.000125888947637064	0	0.000183111196563003	0	0	0	0
MI36	0.00082687908271546	0.00093712962707753	0	0	0	0.00041343954135773	0	0	0.0003583142691767	0.00066150326617236	0.00148838234888784	0	0	0	0.00534715140156004	0	0	0.00297676469777568	0	0.00052369008571979	0.00124031862407319	0.0010749428075301	0	0.00077175381053444	0.00369339323612909	0	0.0292439568920371	0	0.00104738017143958	0	0	0.00104738017143958	0	0	0	0	0	0.15016124142113	0	0.00446514704666354	0	0.00060637799399134	0.00082687908271546	0	0.0320829084093603	0.0243102450318348	0	0	0	0.0257710647446322	0	0.00093712962707752	0	0	0.00220501088724125	0.00179157134588351	0.00363826796394807	0	0	0.0147735729445164	0.00680797111435737	0	0	0	0.00223257352333177	0.00132300653234475	0	0.00283895151732311	0	0.00846172927978831	0.00041343954135773	0.00157107025715937	0	0
MI34	0.00181411380540606	0.00108846828324364	0.00081635121243272	0	0	0.00054423414162181	0	0.00036282276108121	0	0	0	0	0	0.00084658644252282	0.0109149180625265	0.00096752736288323	0	0	0	0	0.00126987966378424	0.00583539940738949	0.00136058535405453	0.00133035012396444	0	0	0.00341658100018141	0.00102799782306342	0.00102799782306342	0	0	0	0	0.00698433815081334	0	0	0.00120940920360404	0.189484186974663	0.00139082058414464	0	0	0.00114893874342382	0	0	0.00217693656648726	0.00758904275261535	0	0.0029025820886497	0	0.0106428009917155	0	0	0.00114893874342384	0	0.00105823305315353	0.00698433815081331	0.00380963899135272	0	0	0.027544294612082	0.0135453830803652	0.00069541029207232	0	0	0.00136058535405454	0	0	0.00356775715063192	0	0.00520045957549736	0	0	0	0
MI35	0.00010436106472841	0	0	0	0	0.00066913859149395	0	0	0	0.000159611040172871	0	0	0.00034377762498772	0	0.0009883606718397	0	0	0	0.000257833218740791	0	0.000392888714271676	0	0.00111727728121007	0	0	0	0	0.00045427757587662	0.0015961104017287	0	0	0	0	0	0	6.75277477654454e-05	0.00020872212945682	0.373182889696494	0	0.0002332776740988	0.00023327767409881	0	0	0.00042358314507414	0.00576441410470484	0.00642127492387781	6.75277477654454e-05	0	0	0.00179869364502504	0	0	0.0001227777232099	0.00049724977900009	0.000331499852666731	0	6.13888616049504e-05	0	0	0.00205652686376581	0.00154699931244474	0	0.00031922208034574	0.00012891660937039	0	0	0	0.00050952755132108	0	0.00074894411158038	9.20832924074256e-05	0	0	0
MI37	0.00240845635787878	0	0.0006244146113019	0	0	0.00191784487757014	0	0	0	0	0	0	0	0	0.00276526470719415	0	0	0	0	0	0.00080281878595959	0.00267606261986529	0	0.00499531689041524	0	0	0.00200704696489896	0	0	0	0	0.0148967485839169	0	0.00294366888185181	0.00071361669863074	0	0	0.0933053833459703	0	0.0012488292226038	0.00196244592123456	0.00214085009589224	0	0	0.0545916774452523	0.0144507381472726	0	0	0	0.0152535569332322	0	0.00223005218322108	0	0.00178404174657687	0.010570447348468	0.00544132732705946	0.00356808349315374	0	0	0.0285892689888943	0.00477231167209311	0	0.00499531689041524	0.00071361669863074	0.00597653985103251	0.00075821774229517	0	0	0	0.0103474421301459	0	0	0	0
MI30	0	0.00045404239620874	0	0	0	0	0	0	0	0.0006810635943131	0.0016459036862567	0	0	0	0	0	0	0	0	0	0	0	0	0	0.048014983399075	0	0.112290360112375	0	0	0	0	0	0	0	0	0	0	0.0144726013791538	0.00573228525213542	0	0	0	0	0	0	0	0	0	0	0.201254292119527	0	0	0	0.00028377649763046	0.00289452027583075	0.0079741195834161	0.00119186129004794	0	0	0.00885382672607054	0	0	0	0	0	0	0	0	0	0.0007378188938392	0	0	0	0
MI27	0	7.04413857229399e-05	0	0	0	6.88760215957635e-05	0	0	0	0	0	0	0	0	9.39218476305866e-05	5.00916520696462e-05	5.00916520696462e-05	9.86179400121159e-05	5.00916520696462e-05	5.47877444511755e-05	0	2.34804619076466e-05	5.16570161968227e-05	6.26145650870578e-05	6.10492009598814e-05	0	0.00036159911337774	0	0	0	0	0	0.000103314032393645	0	0	0	4.38301955609404e-05	0.412789651064681	5.00916520696462e-05	0.000106444760647998	0	5.94838368327048e-05	0	0.000306811368926566	0.00222125169646335	0.00156379876304925	0	0	0	0.000522831618476921	0	4.2264831433764e-05	0	0	0.00094861066106892	0	0	0	0	0.000122098401919763	0.00058231545530961	5.94838368327048e-05	7.20067498501164e-05	5.00916520696462e-05	0.00027080799400152	2.97419184163524e-05	0.000392906395921286	7.04413857229399e-05	0	8.1398934613175e-05	0	0	0	0
MI28	0.00078626873661669	0	0	0	0	0	0	0.00023420770877944	0.00051860278372591	0.0012379550321199	0.0011041220556745	0.00028439507494646	0.00023420770877944	0.00070262312633833	0.00710987687366165	0.00021747858672376	0	0.00613958779443255	0.00030112419700214	0.0019071199143469	0.00153907922912206	0.00276030513918628	0.00634033725910063	0	0.00083645610278372	0	0.00147216274089934	0	0	0	0	0.00160599571734474	0.00125468415417558	0.00225843147751605	0.00304470021413276	0	0	0.0538343147751605	0	0.00458377944325481	0	0	0	0	0.0524959850107065	0.105878613490364	0.00088664346895074	0	0	0.00667491970021412	0.00033458244111348	0	0	0.00025093683083511	0.00593883832976444	0.00083645610278372	0.00195730728051391	0	0.00190711991434689	0.0119445931477515	0.0146547109207709	0.00040149892933618	0.0008531852248394	0.00023420770877944	0.0005855192719486	0	0	0.00080299785867236	0	0.00461723768736615	0	0.00545369379014988	0	0.00107066381156316
MI29	0	0	0	0	0	7.65251461630292e-05	0	0	0	0.000163253645147796	0.000102033528217372	0.00013774526309345	6.12201169304233e-05	0	0.00232636444335607	0.00118869060373239	0	0	0	0	0.00039793076004774	0	0.000785658167273761	0	0	0	0	0	0.00037752405440426	0	0	0	0	0.00087238666625853	0	0	0.00052037099390858	0.359591661820074	0.000163253645147796	0	0	0.000122440233860847	0.00056628608160639	0.00039793076004774	0.00416296795126878	0.000198965380023876	0.0003571173487608	0	0	0.00363749528094932	0.00012754191027171	0.00052037099390858	0.00016835532155866	0.00018876202720213	0.00195904374177351	0	0.00042854081851296	0.000260185496954299	0	0.0104635383186915	0.0006173028457151	0	0.00169375656840836	0.00010203352821737	0.0001785586743804	0	0.00044384584774556	0.00082136990214984	0	0.00163253645147794	0.00010713520462824	0	0.00021937208566735	0
MI31	0	0.00212992545260916	0	0	0	0	0	0	0	0	0.00079872204472843	0	0	0.00212992545260916	0.00688422333789746	0	0	0	0.00304275064658452	0.00076068766164612	0.00057051574623459	0	0	0	0	0	0	0	0	0.00380343830823064	0	0.0029666818804199	0	0	0.00045641259698767	0	0	0.036132663928191	0	0.00144530655712764	0	0	0	0	0.138977635782748	0.0392895177240224	0	0.0082914955119428	0.00958466453674122	0.0100410771337289	0.00038034383082306	0	0	0	0.00327095694507836	0.00197778792027992	0.00106496272630458	0.00159744408945687	0.00810132359653125	0.008938080024342	0.00524874486535828	0.00057051574623459	0.00148334094020995	0	0.0029666818804199	0.0006465845123992	0.00125513464171611	0	0	0.00144530655712764	0.00528677924844059	0	0	0
MI17	0	0.00089237339452465	0	0	0.00076489148102112	0.00038244574051056	0	0.00073302100264525	0.00050992765401408	0	0	0	0.00092424387290053	0	0.00720272811294898	0	0	0	0.00082863243777288	0	0.00525862893202027	0	0.00325078879433977	0.00073302100264525	0.00165726487554578	0	0.00959301399114001	0	0.0105172578640405	0	0.00478057175638206	0	0.0006374095675176	0	0	0	0	0.0489211843069765	0	0.0014660420052905	0	0.0138317876151321	0	0	0	0.0126207094368487	0	0.00101985530802816	0.00152978296204225	0.015202218185295	0	0.00713898715619721	0	0.00140230104853873	0.00796761959397009	0.00481244223475794	0	0	0	0.023169837779265	0.0006374095675176	0.00994358925327469	0	0.00098798482965229	0.0126844503936004	0	0	0.00181661726742518	0	0.00216719252955986	0	0.0034420116645951	0.00038244574051056	0
MI21	0	9.72827837576664e-05	0	0	0.000103768302674844	0.0001167393405092	0	4.32367927811851e-05	0.00012971037834355	0.000108091981952963	2.5942075668711e-05	0	0	0	0.000265906275604288	0.00018375636932003	3.45894342249481e-05	0	2.16183963905925e-05	0	6.91788684498962e-05	0	0.000138357736899792	0.00022483132246216	0.00010376830267484	0	4.32367927811851e-05	0	0	0	0	0	0	0.000110253821592022	7.35025477280146e-05	0.00131656034018706	5.62078306155406e-05	0.392043133024479	6.91788684498962e-05	4.3236792781185e-05	0	0	8.43117459233109e-05	0	0.0103162987575907	0.00204726213818909	0.00018591820895909	7.78262270061332e-05	0	0.00092526736551735	4.3236792781185e-05	0.000214022124266864	0.00017727085040285	0	0.00148086015275557	0.00026806811524334	4.97223116983628e-05	0	0.000129710378343555	0.00113928948978422	0	2.37802360296518e-05	0.000209698444988748	7.99880666451924e-05	9.94446233967257e-05	4.10749531421258e-05	0	0.00054694542868199	0	0.00121279203751224	2.5942075668711e-05	0	0	6.91788684498962e-05
MI20	0	0	0	2.01081164509935e-05	0	0.00039346692731133	0.000143474128190873	0	9.51059561871316e-05	0	5.43462606783609e-06	0	0	0	0.000393466927311332	0	0	0	0.00027933977988676	0	5.43462606783609e-06	4.89116346105249e-05	0.00495148781040546	0	0	0	0	0	1.08692521356722e-05	0	0	1.95646538442099e-05	0	0	0	0	0	0.406054064747048	0	1.95646538442099e-05	0	1.08692521356722e-05	1.95646538442099e-05	0	0.000493464046959501	5.05420224308757e-05	0	0	0	9.9997119648184e-05	2.71731303391804e-05	6.63024380276002e-05	0	0	0.00058367883968558	3.26077564070166e-05	4.67377841833904e-05	0	0	0.00389336611499777	7.44543771293545e-05	0	0	0	0	0	7.17370640954364e-05	0	0	0	0	7.4997839736138e-05	0	0
MI24	0	0	4.02346484698763e-05	0.00024945482051323	0	0	0	0	7.24223672457774e-05	0	0.000498909641026462	6.43754375518021e-05	5.23050430108392e-05	0	0.00053109735980236	0	0.00014082126964456	0.00287275390074915	0.00041844034408671	0	0	4.4258113316864e-05	0.00107426511414567	0.000120703945409629	7.24223672457774e-05	0.00021726710173732	0.00056328507857826	0.00021726710173732	0.00037820569561682	0	0	0.000177032453267456	0.00016898552357348	0.00044660459801562	0	0	0.0002253140314313	0.358454506682975	0.00039429955500478	5.63285078578268e-05	0	0.000104610086021678	0	0	0.00758825470141867	0.00644559068487418	0.00065180130521199	0.000173008988420464	0.000144844734491555	0.00175423067328659	0.00023738442597227	0.00193528659140104	0	0.00047476885194453	0.00209622518528055	0.000112657015715654	0.000185079382961431	0	0.000120703945409629	0.00525464509016579	0.000120703945409629	4.02346484698763e-05	5.23050430108392e-05	7.24223672457774e-05	0.00030175986352407	0.00040234648469876	0.000241407890819258	0.00332338196361178	0	0.000321877187759	5.23050430108392e-05	0.000120703945409629	0	0.00021726710173732
MI23	0.000176686604143702	0	6.42496742340736e-05	0	0	0	0	0	0	0.0003132171618911	0.000132514953107777	2.40936278377776e-05	2.61014301575924e-05	0	0.000624426521462398	0	2.20858255179628e-05	0	0	0	2.0078023198148e-05	0.000240936278377776	0	0	0.00021282704590036	0	0	0	0	0	0.00054210662634999	5.22028603151848e-05	0	0.000180702208783332	0	0	0	0.411995012619037	0	0.000148577371666295	0	0	0.000162631987904999	0.00059029388202555	0	0.00010842132526999	0	0	0	0.000275068917814626	0	0.000160624185585184	0	0	0.000287115731733511	7.83042904727772e-05	8.43276974322216e-05	7.22808835133328e-05	0.000162631987904999	0.00229692585386811	0.000656551358579422	0	0.00024695968533721	8.43276974322216e-05	0.00014255396470685	2.61014301575924e-05	0	0.000481872556755543	0	0.000116452534549258	0	0	0	0
MI26	0	1.28085821441468e-05	1.13306688198222e-05	1.82275976666704e-05	0	7.88220439639803e-06	0	0	0	7.1925115117132e-05	8.91674372342528e-05	0	0	1.37938576936966e-05	0.000342875891243314	0	0	0	1.87202354414453e-05	0	2.70950776126182e-05	2.66024398378433e-05	8.4241059486504e-05	8.37484217117291e-06	2.31539754144192e-05	9.75422794054256e-05	5.96091707477601e-05	2.56171642882936e-05	0.000174393772270306	0	0	0	0.000203952038756799	0	0	3.00509042612675e-05	1.1823306594597e-05	0.419753493910258	0	1.67496843423458e-05	1.1823306594597e-05	0	3.39920064594666e-05	0.00011921834149552	0.00200060200336076	0.000190158181063102	1.52717710180212e-05	0	3.10361798108172e-05	7.09398395675823e-05	0	0	0	2.95582664864926e-05	0.000173408496720757	0.000188187629964003	7.14324773423571e-05	2.51245265135187e-05	2.06907865405448e-05	0.00079019099073889	7.19251151171319e-05	6.4042910720734e-06	1.72423221171207e-05	0	2.46318887387438e-05	4.92637774774877e-06	0	2.56171642882936e-05	2.36466131891941e-05	3.25140931351419e-05	1.13306688198222e-05	2.66024398378433e-05	0	0
MI19	0	0	0	0	0	0.00105703166290299	0.00158554749435447	0	0	0	0	0	0	0	0.00096093787536635	0	0	0	0	0	0	0	0	0.00461250180175852	0	0	0.00393984528900207	0.00115312545043962	0	0.0157593811560083	0	0.00096093787536634	0	0	0.00067265651275645	0	0	0.0882140969586317	0	0.00384375150146544	0	0	0	0	0.0381972805458126	0.00518906452697832	0	0.00096093787536634	0.00206601643203767	0.00557343967712487	0.00663047134002786	0.00624609618988132	0	0	0.00787969057800414	0.00278671983856244	0.0037476577139288	0.00331523567001393	0	0.0252726661221352	0.00576562725219816	0.00076875030029308	0	0	0.00283476673233075	0.0080718781530774	0	0.00048046893768317	0	0.0225339931773411	0	0.0130687551049825	0	0.0013453130255129
MI18	0.00033904530492886	0.00024015709099128	0	0	0	0	0.00110189724101883	0.00036729908033961	0	0.00127141989348326	0.00039555285575034	0	0.00079110571150069	0	0.00132792744430474	0.00052269484509867	0	0	0.0020483987172786	0	0	0	0.00175173407546581	0	0.0149321203045757	0	0.0483987172785964	0	0	0	0	0.00192125672793026	0.00190712984022489	0	0	0.00097475525167049	0.00028253775410738	0.150818653142526	0.00033904530492886	0	0	0.0003672990803396	0	0.00081935948691142	0.0122480116405555	0.017927020498114	0	0.0020907793803947	0.00053682173280404	0.0694619068473026	0	0.0005085679573933	0	0.00090412081314364	0.00593329283625524	0.00169522652464435	0.0027829968779578	0	0.00050856795739329	0.00494441069687936	0.00220379448203764	0	0.00070634438526848	0.000649836834447	0	0	0.00067809060985773	0	0	0.00461949227965586	0	0	0.00040967974345571	0.00121491234266178
MI15	0	0	0	0	0	0	0	0.00023493173927797	0	0	0	0	0	0	0.00181419509775769	0.0003132423190373	0	0.00909707901537498	0	0	0	0	0	0	0	0	0	0	0	0	0	0.0134433161920175	0.00066563992795425	0	0	0	0	0.116225952126132	0	0	0	0	0	0	0	0	0	0	0.0004437599519695	0.01122451643217	0	0	0	0	0	0.00104414106345767	0.00053512229502205	0	0	0.0453679292072359	0	0	0.00203607507374246	0	0	0.00435928893993579	0	0	0	0.0389595134302644	0	0	0	0
MI25	0	0.00017005175950429	0	0	0	0	0.00302904696617034	0	0	0	0.00061643762820308	0.00029759057913252	0.00092465644230462	0	0.0013179011361583	0	0	0	0.00119036231653009	0	0.00034010351900858	0	0	0.00044638586869878	0.00024444940428743	0	0.00598369628755751	0	0	0.00089277173739756	0	0	0	0	0	0.00073334821286229	0	0.311301002242558	0	0	0.00020193646441135	0	0.00293339285144915	0	0.00907651266354197	0.00681269861514098	0	0	0.00038261645888466	0.00629191510165906	0	0	0.00051015527851289	0.00059518115826504	0	0.00023382116931841	0.00192371052939237	0.00143481172081752	0.00031884704907054	0.00685521155501702	0.00202999287908255	0.00032947528403958	0.00055266821838896	0	0.00032947528403958	0.00042512939876074	0	0	0.00051015527851287	0.00417689634282435	0.00018067999447331	0	0.00027633410919448	0.00042512939876074
MI22	9.73667535977015e-06	0	0	0	0	2.69631009962866e-05	0	0	3.14569511623343e-05	4.49385016604776e-05	0	0	0	0	0.000113095229178869	1.04856503874448e-05	0	0	0	0	5.84200521586209e-05	0	0.000107852403985146	2.09713007748896e-05	3.74487513837314e-05	7.19016026567642e-05	8.98770033209553e-06	3.59508013283822e-05	1.49795005534925e-05	2.9959001106985e-05	0	2.09713007748896e-05	0	4.49385016604775e-05	0	3.66997763560567e-05	2.84610510516358e-05	0.421966538791664	0.000103358553819099	1.94733507195403e-05	0	0	0.00011009932906817	3.44528512730328e-05	0.000797658404473464	0.000229186358468436	1.57284755811672e-05	8.2387253044209e-05	8.38852030995583e-05	4.49385016604776e-05	0	5.46751770202478e-05	3.14569511623343e-05	7.26505776844388e-05	7.93913529335104e-05	2.24692508302388e-05	5.91690271862955e-05	0	0	0.000340034662564277	9.73667535977015e-06	0	3.59508013283822e-05	0	5.69221021032717e-05	8.8379053265606e-05	0	1.49795005534925e-05	0	0.00012957267978771	0	0	0	0
MI14	6.85230708614206e-05	0	3.14064074781511e-05	0.00013133588581772	6.28128149563022e-05	0.00032548458659174	0	0	0	0.00023983074801496	0.0001113499901498	0	8.27987106242166e-05	0.000154176909438196	0.00021127946848938	0.00019129357282146	4.28269192883879e-05	0	3.14064074781511e-05	0	0.00010563973424469	0	0	0.000137046141722841	6.56679429088615e-05	0	0.00095646786410732	0.000102784606292131	0.00020556921258426	0	8.56538385767757e-05	7.4233326766539e-05	7.99435826716574e-05	0.00050535764760297	3.14064074781511e-05	0	5.71025590511838e-05	0.381427963694192	0.00097074350387012	0.0002226999802996	0	0.00039400765745316	0	0.000137046141722841	0.00188438444868906	0.0034489945666915	6.85230708614206e-05	0	0.00041970380902619	0.00276090873012473	0	6.28128149563022e-05	0.00018272818896378	8.27987106242166e-05	0.000673810196803965	0.00143041910423214	0.000345470482259656	0.000145611525580519	0.00045396534445689	0.00337761636787751	0.000311208946828949	3.14064074781511e-05	0.0002226999802996	0	0.000562460206654158	0.0003426153543071	0.00031977433068663	0.000177017933058666	0.00036831150588012	0.000688085836566757	0	0.00021413459644194	0	7.4233326766539e-05
MI16	0	0	0.00039359618998888	0	0	0.00019679809499444	0.00038375628523914	0	0	0	0	0.00037391638048943	0	0	0.00184006218819801	0.00032471685674082	0.00081671209422692	0.00197782085469411	0	0	0	0.00010823895224694	0.00076751257047831	0.00093479095122358	0.00344396666240271	0.00033455676149054	0.00028535723774193	0	0.00019679809499444	0	0	0	0.0002755173329922	0	0	0.00061007409448276	0.00019679809499444	0.281873911460537	0.0009446308559733	0	0	0.00047231542798664	0.00075767266572858	0.00129886742696329	0.0281913271079536	0.0106664567486987	0.00023615771399332	0.00108238952246942	0.00113158904621801	0.0073307290385429	0	0	0	0.00057071447548387	0.00140710637921023	0.00123982799846497	0.00048215533273637	0.00053135485648497	0.0004132759994883	0.00651401694431591	0	0.00010823895224694	0.00116110876046719	0	0.0015645448552058	0.0004526356184872	0	0.00021647790449388	0.00079703228472747	0.00365060466214686	0	0	0	0.00053135485648498
MI2	8.42904292470777e-05	1.54661338068032e-05	4.25318679687089e-05	1.93326672585041e-05	5.87713084658524e-05	7.73306690340162e-06	8.50637359374178e-06	0	0	0	1.31462137357828e-05	1.08262936647623e-05	5.10382415624507e-05	1.70127471874836e-05	0.000344894783891707	0	0	0	0	1.54661338068032e-05	2.62924274715655e-05	0	4.40784813493893e-05	0	0.00013532867080952	5.49047750141515e-05	2.08792806391844e-05	0	6.1864535227213e-05	3.40254943749672e-05	0	1.54661338068032e-05	0	0	0	0	0	0.418002425089781	0	8.35171225567375e-05	1.23729070454426e-05	0.00023663184724408	3.71187211363278e-05	0.000109036243337963	0.000999885550609821	0.00039129318531211	0	5.56780817044916e-05	8.81569626987784e-05	0.000267564114857688	1.62394404971434e-05	1.70127471874836e-05	0	3.63454144459876e-05	0.000204152966249803	0	3.24788809942868e-05	0	8.35171225567374e-05	0.000478676841320558	0.000507289188863137	9.27968028408195e-06	0.000170127471874833	0	5.79980017755122e-05	2.24258940198647e-05	0.000153114724687352	7.6557362343676e-05	0	0.000199513126107762	0	0	1.31462137357828e-05	0
MI1	0.00056062081378537	0.00059012717240565	0	0	0	0.00280310406892685	0	0	0.00035407630344339	0.00129827977929242	0	0	0.00053111445516508	0	0.0071405387861084	0	0.00029506358620282	0.00185890059307779	0.00059012717240564	0	0.00082617804136791	0.00256705319996457	0	0.00265557227582544	0.00433743471718155	0	0.00687498155852587	0.00129827977929242	0.00088519075860848	0	0.00115074798619101	0	0	0.00194741966893863	0	0	0	0.0569177657785251	0	0.0025375468413443	0	0	0.0015048242896344	0.0020359387447995	0.0454692986338557	0.0786344457230532	0.00044259537930424	0.00236050868962262	0.00150482428963439	0.0107698208964032	0	0.00666843704818388	0.00047210173792452	0.00705201971024755	0.00858635035850225	0.00342273759995278	0.00076716532412734	0.00141630521377356	0.0020359387447995	0.015549850992889	0.0103272255170989	0	0.00073765896550706	0	0	0.00106222891033016	0	0	0.0009737098344693	0	0	0	0	0
MI12	8.4217400972222e-06	5.56921522558242e-06	4.6183736017025e-06	0	0	6.24838781406808e-06	0	1.35834517697132e-06	1.35834517697132e-06	8.47607390430104e-05	2.8796917751792e-05	0	0	0	0.000118991037502688	0	2.30918680085125e-06	0.00036267816225132	4.89004263709676e-06	0	1.31759482166218e-05	2.17335228315412e-06	1.22251065927419e-05	0	0	0	3.91203410967741e-05	4.89004263709676e-06	0	1.24967756281362e-05	0	0	1.92885015129928e-05	6.92756040255375e-06	0	0	0	0.415179154182908	3.26002842473118e-06	2.0511012172267e-05	2.03751776545698e-06	9.78008527419352e-05	1.18176030396505e-05	9.37258172110212e-06	2.51293857739695e-05	3.1785277141129e-05	2.85252487163978e-06	0	3.26002842473118e-06	0.000326953684096997	3.26002842473118e-06	2.60802273978494e-05	0	5.97671877867382e-06	0.000183919936961917	9.15524649278672e-05	0.000888629414774626	0	0	0.000340401301349008	0.000388622555131488	3.26002842473117e-06	1.49417969466846e-05	0	3.06986009995519e-05	0	0	6.52005684946235e-06	0	3.93920101321683e-05	0	0	1.76584873006272e-06	0
MI4	0	0.00017885088307623	0	0	0	0	0	0	0	0	0.00032789328563976	0.00017885088307623	0	0	0.0002831805648707	0	0	0	0	0	0.00014904240256352	0	0.00162456218794245	0	0.00162456218794246	0	0.00661748267382069	0	0	0	0	0.00038751024666516	0	0	0	0	0	0.3547209181012	0	0	0	0	0	0	0.00308517773306504	0.00664729115433341	0	0	0	0.00189283851255682	0	0	0.00014904240256352	0	0.00318950741485952	0.00038751024666516	0.0008495416946121	0	0.00053655264922869	0.00482897384305832	0.00199716819435128	0	0.00044712720769058	0	0.00041731872717788	0	0.00023846784410164	0.00019375512333258	0	0.00053655264922869	0.00022356360384529	0.00067069081153587	0	0
MI11	5.58500612023587e-05	0	7.44667482698116e-05	0	0	0.00014893349653962	0	6.0504232969222e-05	0	0	0.00073535913916438	0.00016755018360707	5.11958894354955e-05	0.0003537170542816	0.000465417176686321	0	0	0	0.0003164836801467	0	0.00018151269890766	0	0.000111700122404717	0	0	0	0.00020943772950884	0	0.00020478355774198	0	0	0	0.000428183802551398	0	4.65417176686323e-05	0.000274596134244922	0	0.382619460953826	0	0.00060504232969221	0	0	0.000237362760110025	0.000167550183607076	0.00719069537980368	0.00285300729308715	0	0	0.00030717533661297	0.000884292635704002	0.0002140919012757	0.000111700122404717	5.11958894354955e-05	7.91209200366749e-05	0.000847059261569098	0.00022340024480943	0.00085171343333596	0	0.00047472552022005	0.00615281507579315	0.000200129385975112	0	0.00038164208488278	0.00013497098123903	0.00063762153206025	0.00059107981439162	0.00074001331093125	0.000195475214208256	0.000251325275410614	0.000121008465938444	0	0	0	0
MI13	5.59557949220116e-05	0	0	0	0	0	0	0	0	0	0	2.79778974610058e-05	0	0	0.00122822969853814	0	0	0.00093166398545148	0	0	2.79778974610058e-05	0	0.00036930824648526	0	0.00285094775127648	0	0.0118402462054977	0.00025180107714904	0	8.95292718752186e-05	0	0.00014548506679723	0	0.00039448835420016	0	0	0	0.383940686857383	0.000106316010351822	0	0	0	0	0	0.00341610127998882	0.00243127928936138	0	0	0	0.00774148422746031	0	0	5.3158005175911e-05	0	0.000184654123242638	6.7146953906414e-05	0.000139889487305029	0	0	0.00527103588165349	9.51248513674198e-05	0	0.00014548506679723	0	0	0.000117507169336224	0	0	0	0	0	0	0	0
MI3	0.00330454965675958	0	0	0	0.00062943802985896	0.00057042821455968	0.00147524538248193	0.00023603926119711	0.00021636932276402	0	0.00102283679852082	0	0	0	0.0023997324888373	0	0	0.00078679753732369	0	0	0.00316686008772793	0.00031471901492948	0	0	0	0.00177029445897834	0.0461456755640355	0.0005114183992604	0	0	0	0.0018489742127107	0.0023997324888373	0	0	0	0	0.0478176203308483	0.00082613741418988	0	0.00029504907649639	0.00171128464367907	0.00043273864552804	0.00251775211943585	0.0172308660673892	0.0511615098644741	0.00068844784515824	0	0.00153425519778122	0.00458309565491059	0	0.00090481716792226	0	0.0148114636401188	0.00603867109895945	0.009126851432955	0.00062943802985896	0	0.00070811778359133	0.00948091032475066	0.00188831408957688	0	0.00125887605971792	0	0.00074745766045752	0.00076712759889061	0.00377662817915379	0.00090481716792226	0	0.00369794842542143	0	0	0	0.00066877790672514
MI8	0	0	0.00021283562540929	0	0.0005020737830168	0	0	0	0	0.00037109801353415	6.54878847413229e-05	0	5.45732372844357e-05	0	0.000507531106745244	0	0	0.000180091683038638	0.00040929927963326	0	0.00027286618642217	0	0.000163719711853307	0	0	0	0.00035472604234883	0	0.00089500109146474	0	0.00062213490504255	0.0010914647456887	0	0	0	0.000163719711853307	0.00027286618642216	0.321545514079895	0	0	6.00305610128793e-05	0.000109146474568871	0	0.000278323510150622	0.00570290329622353	0.0478771010696354	0	0.00028378083387906	0	0.00617769046059811	0.00065487884741322	0.000163719711853307	0	0	0.00062759222877101	0.00038201266099104	0.000371098013534156	0.000294695481335953	0	0.00421851124208682	0.00259768609473912	0	0.00031652477624972	0.0003765553372626	0	0.000420213927090151	0.00042567125081859	0	0	0.000502073783016803	0	0	0	0
MI5	0	0.00022217865777952	0.00077109063582304	0	0.00028752532183232	0	0	0	0	0	0.00103247729203424	0	0	0	0.00172515193099392	0.0008495066326864	0	0.00180356792785728	0	0	0.00033980265307456	0	0.0005227733124224	0	0.00024831732340064	0	0	0	0.00073188263739136	0	0	0.0009148532967392	0.00043128798274848	0	0	0	0.00044435731555904	0.317297261974776	0.0009148532967392	0	0.00020910932496896	0	0.00099326929360256	0	0.00605110109128928	0.0181663726066784	0	0	0.00101940795922368	0.00403842383846304	0	0.00033980265307456	0	0.00160752793569888	0.00160752793569888	0.0007188133045808	0.00028752532183232	0.00043128798274848	0	0.0116186368685878	0.00206495458406848	0	0.00160752793569888	0	0	0.00016990132653728	0	0	0	0.00086257596549696	0	0.00074495197020192	0	0
MI9	0.00464918006580788	0	0	0	0	0.00066607164266588	0	0	0.00103907176255878	0.00029307152277298	0.00014653576138649	0	0	0	0.00488896585716759	0	0.00014653576138649	0	0	0	0	0	0	0	0.00775307392063089	0	0.0724153089906351	0	0.00039964298559952	0	0	0.00031971438847962	0	0.00175842913663791	0	0	0	0.246473150652084	0.00031971438847962	0	0	0.00074600023978578	0.00051953588127939	0.00037300011989288	0.007673145323511	0.00290407236202326	0.00013321432853317	0.00031971438847962	0	0.0321312960422024	0.00037300011989288	0	0	0	0.00137210758389171	0.00034635725418626	0.0013587861510384	0	0.00043960728415947	0.00440939427444812	0	0	0	0	0.00074600023978579	0.0006127859112526	0	0	0	0.00182503630090452	0.00026642865706635	0	0	0
MI7	0	0.00024380952380952	0	0.00105142857142857	0	0	0	0.00021333333333333	0	0	0.00100571428571429	0.00042666666666666	0.00019809523809523	0	0.00412952380952381	0.00064	0.00048761904761904	0	0.00103619047619046	0.00131047619047619	0	0	0.00067047619047618	0	0	0.00329142857142858	0.0125866666666667	0	0.00106666666666666	0	0	0.00146285714285714	0	0.00086857142857143	0	0	0.00112761904761904	0.252998095238095	0.0009447619047619	0	0.00022857142857142	0.00152380952380952	0.00015238095238095	0	0	0.01664	0	0.00045714285714285	0.00280380952380952	0.00294095238095236	0	0.00045714285714284	0	0.00048761904761904	0.00281904761904761	0.00204190476190475	0.00042666666666666	0.00265142857142856	0	0.0193980952380952	0.0028647619047619	0.00085333333333333	0.00140190476190475	0	0	0.00082285714285714	0	0.00131047619047619	0	0.00045714285714285	0	0.00082285714285713	0	0
MI10	0	0.00088875149735306	0.0016229375169056	0.00073418601955253	0	0.00108195834460373	0	0	0	0	0.00239576490590827	0	0	0	0.0158816028440048	0.00061826191120213	0.00282081996985973	0.00085011012790293	0	0.00061826191120213	0.00042505506395146	0.00479152981181653	0	0	0.0173499748831099	0	0.0239962904285328	0.00587348815642026	0.00355500598941226	0	0.00197070984195678	0	0.00193206847250666	0	0	0	0	0.0382163143861819	0.00108195834460372	0.0020866339503072	0	0	0	0	0.0093898527763824	0.0037095714672128	0.00038641369450133	0	0.006955446501024	0.0313381506240581	0.00170022025580586	0.0009273928668032	0.00216391668920747	0.00038641369450133	0.00108195834460372	0.0020866339503072	0.0030140268171104	0	0.00614397774257121	0.0384481626028827	0.0060280536342208	0	0.00061826191120213	0.0004636964334016	0.0047528884423664	0.00224119942810774	0	0.00054097917230186	0	0.0049847366590672	0.0006955446501024	0.00463696433401599	0	0
MI6	0.00127286613085064	0	0	0	0.00218205622431538	0	0	0	0	0	0.00756446157762665	0	0	0.00109102811215768	0.0160017456449795	0.00298214350656435	0	0	0	0	0	0.00338218714768884	0	0.00290940829908718	0.00298214350656435	0	0.00141833654580499	0	0.00116376331963486	0.00094555769720332	0.00229115903553114	0	0	0.00785540240753538	0	0	0	0.0580426955667891	0	0	0	0.00290940829908718	0.00080008728224896	0	0.0052369349383569	0.03996799650871	0	0.00130923373458922	0.0020729534130996	0.00534603774957268	0.00254573226170128	0.00821907844492126	0.00127286613085064	0.00992835582063497	0.00301851111030294	0	0	0	0.00163654216823652	0.0112012219514856	0.0066552714841619	0	0.00123649852711205	0	0.0070553151252864	0	0.00050914645234025	0	0.00240026184674691	0.00061824926355602	0	0	0	0.00160017456449794
