feature	Arthrodermataceae	Aspergillaceae	Ceratobasidiaceae	Chaetomiaceae	Cladosporiaceae	Clavicipitaceae	Cryptococcaceae	Debaryomycetaceae	Dipodascaceae	Glomerellaceae	Herpotrichiellaceae	Malasseziaceae	Marasmiaceae	Mycosphaerellaceae	Nectriaceae	Ophiocordycipitaceae	Ophiostomataceae	Phaffomycetaceae	Pichiaceae	Pneumocystidaceae	Pyriculariaceae	Saccharomycetaceae	Saccharomycodaceae	Schizosaccharomycetaceae	Sclerotiniaceae	Sordariaceae	Trichocomaceae	Trichomonascaceae	Ustilaginaceae
CON1	0.00572798721193541	0.0292869512264742	0.00108470189727683	0.084492568840511	0.0378503872576072	0.0245485166225808	0.00388209100078012	0.0139869455175169	0.0160421701649889	0.0299149365354241	0.00616567394241563	0.00393918057432112	0.00736455498677421	0.0103332128109002	0.0296865782412605	0.0118746312965042	0.0613142019829113	0.00262612038288067	0.0161563493120705	0.00416753886848463	0.026946278711298	0.149688861824202	0.00171268720622649	0.393918057432112	0.00159850805914473	0.00405335972140288	0.00639403223657915	0.001998135073931	0.0132447810614854
CON2	0.00265552737580183	0.0685961509771744	0.00113382067730866	0.120065642249739	0.078293301506788	0.0311203938534984	0	0.0102938982545128	0.00584812770401309	0.135640757869611	0	0.00190959271967774	0	0.069879158585708	0.0231538117260927	0.0258988512606296	0.126361330747427	0	0.0225272266149485	0.00486349395792929	0.0523944502461585	0.090138743846039	0.00361032373564075	0.109324183201552	0.00125317022228848	0.00125317022228848	0.00146203192600326	0.00110398329106367	0.0112188572281068
CON3	0.0106243096828485	0.0397096723294589	0.00115710303476561	0.0774207121443227	0.0394992899595013	0.0319255246410351	0.00199863251459521	0.0128859201598905	0.0223005312154841	0.0436543417661599	0	0.00157786777468041	0.00131488981223367	0.0154105085993793	0.0279282596118444	0.0136748540472308	0.0814705727660023	0.00215641929206327	0.0191973912586125	0.00336611791931827	0.0437595329511389	0.102771787724188	0	0.370378162309999	0.00462841213906266	0.00194603692210592	0.00552253721138164	0.00352390469678633	0.0201967075159101
CON4	0.0131136285616203	0.0516477857878475	0	0.0662718846549949	0.0207518022657055	0.0240988671472709	0.00236869207003089	0.0262615859938208	0.0073120494335736	0.0315653964984553	0.0014933058702368	0.00391349124613793	0.00628218331616891	0.0102471678681771	0.0123755578441469	0.00669412976313079	0.0561277033985583	0.00375901132852722	0.0218331616889804	0.00756951596292478	0.0388259526261586	0.188516992790937	0.00175077239958798	0.353913491246138	0.00339855818743558	0.002832131822863	0.00875386199794027	0.00633367662203915	0.0219876416065911
CON5	0	0.044929544929545	0	0.0795218295218294	0.0408292908292909	0.0195772695772695	0.0137445137445137	0.0137445137445137	0.00577500577500575	0.0297990297990298	0	0	0.00508200508200498	0.0147262647262647	0.0107992607992608	0.0129360129360129	0.0627165627165628	0	0.0164010164010164	0.00600600600600593	0.0632940632940633	0.11994686994687	0.00750750750750744	0.406156156156157	0	0	0	0	0.0265072765072764
CON6	0.00704913965469429	0.0389672937433412	0	0.0728119207810973	0.0325311227542726	0.0487747923933509	0.00144485471183174	0.0116901881230023	0.00328376070870851	0.0161998861629621	0.00218917380580564	0.00271457551919899	0.00608590318013982	0.0313051854230214	0.0180241976678002	0.0461915673025001	0.0548169120973745	0.00175133904464453	0.0197025642522511	0.00341511113705682	0.0226360571520308	0.139319021001474	0.0022329572819218	0.381660561304164	0.00345889461317298	0.00201403990134116	0.0256571170040427	0.00197025642522509	0.0021016068535734
CON7	0	0.0638821467098166	0	0.220671521035599	0.0518473570658037	0.0698152642934195	0	0	0.025316882416397	0.0340480043149945	0	0	0	0.0516113807982741	0.0042812837108953	0.0244066882416397	0.163700107874865	0	0.00748381877022647	0	0.00701186623516718	0.150249460625674	0	0.101503505933117	0	0	0	0.0115291262135922	0.0126415857605178
CON8	0.0104487946119469	0.0293951029143324	0	0.0511109712343426	0.0261219865298672	0.0128406873544407	0.00522439730597345	0.0181909737521244	0.0120853528041795	0.0184427519355447	0	0.00402845093472651	0.00604267640208976	0.0182539182979795	0.00428022911814693	0.0132183546295713	0.0652734940517406	0	0.0113300182539183	0.00963051551583059	0.0324793856612325	0.13029520992006	0.00503556366840807	0.474664820293322	0.00383961729716113	0.0109523509787876	0.00579089821866934	0.00497261912255303	0.0160508591930509
CON9	0	0.0588205813564985	0	0.167858336117608	0.0650517875041765	0.0569996658870697	0.00365853658536583	0.042799866354828	0.0174908118944203	0.0362011359839626	0	0.00539592382225191	0.0121282993651854	0.0130638155696625	0.0479284998329436	0.0171566989642499	0.141780821917808	0	0	0	0	0.124841296358169	0	0.16580354159706	0	0	0.00731707317073166	0	0.0157033077180087
CON10	0.0174261770312556	0.020771139805057	0.001942236449304	0.0538431104557065	0.0533575513433802	0.0476387440204294	0.00253569758659135	0.0147286264072222	0.00685177858504476	0.0219580620796317	0.00280545264899472	0	0.00496349314822137	0.0177498831061396	0.0138114591950508	0.0153760385569902	0.0578354853792758	0.00231989353666869	0.0235226414415709	0.00339891378628197	0.0417580836600367	0.112883501780383	0.00188828543682328	0.414020069776643	0.00134877531201664	0.00841635794698416	0.00895586807179079	0.00361471783620473	0.0242779556163004
CON11	0.00882559422324734	0.0564637448600942	0	0.0920669942834221	0.0364557215926186	0.0312405977334269	0.00145421722996688	0.0257246013438972	0.0193561327850767	0.0725102798114533	0	0.00330959783371772	0.00280814361648782	0.0234680573663624	0.0190051148330157	0.0143917360345	0.094674556213018	0.00436265168990064	0.0177013338682177	0	0.0336977233978537	0.0828402366863902	0.0010029084344599	0.323889278908836	0.00255741650787282	0.00185538060375084	0.0032594524119947	0.00240698024270376	0.0246715474877144
CON12	0.00141086175435951	0.0781335239564326	0.00950920822438342	0.184738238115842	0.057534942342783	0.0661694162794636	0	0.00451475761395061	0.00347071991572451	0.0512142816832523	0	0	0.0116819353260972	0.0125002351436257	0.00474990123967718	0.00970672886999379	0.11010365131022	0	0.0143625726593803	0.00409149908764271	0.00747756729810562	0.236629733441185	0.00189055475084178	0.123817227562595	0	0	0	0	0.00629244342444365
CON13	0.0080150872230079	0.0471999580910471	0.00246215097700241	0.0919901513960923	0.0207973178270208	0.0260883231180261	0.00502907433600496	0.0098486039080098	0.00460998480800458	0.0556341348420557	0.00178113049400174	0.00759599769500758	0.00560532243700558	0.0212687935460213	0.0134108648960134	0.0174969877940175	0.0422232699460423	0.00261930955000258	0.0232594688040232	0.0025145371680025	0.0535910733930537	0.12054062549112	0.00419089528000416	0.372884907538373	0.00141442715700142	0.00314317146000307	0.00811985960500808	0.0064958876840065	0.0201686835350202
CON14	0.0103885098113703	0.0866585818442161	0	0.0856942476001228	0.0534767171724551	0.0387048698879326	0.00157800149033468	0.0321298636782045	0.00315600298066946	0.0341461989158545	0	0.00451483759734654	0.00333133647959554	0.0225303546120016	0.0270451922093481	0.0312093628088427	0.0657938954720124	0	0.0271766923335427	0.00363817010271617	0.0229686883593168	0.152131032568197	0.00113966774301949	0.268786253853685	0	0.00170950161452923	0.00127116786721405	0	0.0208208529974723
CON15	0.0100248550124274	0.0195360397680198	0	0.0454846727423362	0.0583098591549296	0.0225186412593206	0.00422535211267602	0.0225186412593205	0.0097928748964374	0.0349461474730737	0	0.00208782104391046	0.00402651201325595	0.0148135874067937	0.0251035625517813	0.00949461474730735	0.067307373653687	0.00382767191383595	0.0225683512841756	0.00412593206296601	0.0352941176470587	0.0941507870753933	0.00253521126760559	0.43526097763049	0.00134217067108528	0.00502071251035626	0.0145650372825186	0.00303231151615575	0.028086164043082
CON16	0.0081685470500222	0.0507501314246431	0	0.0847183468801813	0.0217558332322374	0.0342512839176674	0.0016175340693113	0.0228881070807554	0.00299243802822596	0.0578672813296132	0.00133446560718182	0.0018197258279752	0.00469084880100284	0.0247482712604634	0.0111609850782482	0.00837073880868616	0.0603340207853128	0	0.0269723806057665	0.00210279429010468	0.0539043228598003	0.11739253508027	0.00315419143515711	0.330017388491245	0.00173884912450963	0.00331594484208818	0.00367989000768324	0.00740021836709931	0.0528529257147481
CON17	0.00404384036458745	0.0582505576327486	0	0.0878572460163359	0.023733491663591	0.024937015581623	0.00601761959015997	0.0130943402281881	0.00813582168589629	0.0371648185888283	0.00471781375868536	0	0.0046696728019641	0.0206524704334291	0.0104626345940915	0.0106872923921242	0.076495980230114	0	0.0155976699776946	0.00279217548983416	0.0377425100694834	0.161657332670058	0.00250332974950654	0.3678450503073	0.00486223662884921	0.00524736428261944	0.00226262496590008	0.00105910104786816	0.00750998924851961
CON18	0.00819958129797619	0.0416085136078157	0	0.0763695045359385	0.0380757152826239	0.0281315422191207	0.00279134682484298	0.0131280530355896	0.0111653872993719	0.0310101186322401	0.00401256106071177	0.00706559665038373	0.0151779483600837	0.0105983949755756	0.018056524773203	0.0118632240055826	0.0669050942079554	0.00296580600139564	0.012473831123517	0.0037944870900209	0.0514218422889045	0.116146196789951	0.00471039776692249	0.375000000000001	0	0.00545184926727142	0.00471039776692249	0.0119068387997209	0.0272592463363572
CON19	0.00831889081455801	0.080632582322357	0	0.16369150779896	0.0330589254766032	0.0402946273830155	0	0.00346620450606585	0.00350953206239168	0.062738301559792	0	0	0	0.0282495667244367	0.013951473136915	0.0209705372616984	0.13838821490468	0	0.0463604852686308	0	0.0388214904679377	0.0585788561525131	0	0.241074523396881	0	0	0	0.00337954939341419	0.0145147313691507
CON20	0	0.0275412531563802	0	0.0361148628809677	0.0108050971871513	0.0180867931176228	0	0.06535909331141	0.0080450995360855	0.0285395501791062	0	0.00428680486229371	0.0043455282165717	0.00546127194785365	0.0259557225908743	0.0115097774384872	0.0349403957954078	0.00980680016442535	0.00657701567913547	0	0.014445945152387	0.200481531505079	0	0.465911092841624	0	0	0.00663573903341359	0	0.015150625403723
CON21	0	0.0399650075970348	0	0.180993600073668	0.0499562594962936	0.0482987246189972	0	0.00593949997697863	0.0127077673926055	0.0317694184815138	0	0	0.0257838758690547	0.0179566278373773	0.0104516782540632	0.0189695658179474	0.110272111975689	0	0.0114185735991527	0	0.0370643215617661	0.137253096367236	0	0.246650398268797	0	0	0.00497260463188907	0	0.00957686817993459
CON22	0	0.0295349226732176	0	0.06091228853777	0.0338339567863324	0.021830160236726	0	0.0602423091954666	0	0.0293674278376417	0.00820724694321916	0	0.015409524872983	0	0	0.0076489308246329	0.0570599073195244	0	0.0164144938864384	0	0.0474568700798393	0.135838311652058	0	0.431355033219809	0	0	0.00748143598905698	0	0.0374071799452851
CON23	0.0159414608650202	0.0378283026264209	0	0.0301842414739318	0.0162681301450411	0.0116294263687443	0.00437736835228007	0	0.0105840846726773	0.0128707696328237	0	0	0	0.00777472886449747	0.0351496145302496	0.00431203449627591	0.0358029530902914	0	0.0249575329935971	0	0.0190774859532209	0.198222919116686	0	0.514373448320921	0	0	0	0.0084934012805435	0.0121520972167777
CON24	0.0051244072291171	0.0476964057479364	0	0.0332907294814674	0.023364430163527	0.0142981712197044	0.0212143292282332	0.0280588172055854	0.00390601669911727	0.0214651743373508	0.00111088548323516	0.00322515140294084	0.00297430629382321	0.0124347504091164	0.0176666626849982	0.00541108735382297	0.0281663222523502	0.0015050706547057	0.0276287970185266	0.00272346118470558	0.0302805881720559	0.268714836890955	0.0106071646141166	0.364047923360847	0.00222177096647032	0.00422853183941135	0.00526774729147006	0.00379851165235255	0.00956794916205782
CON25	0.00194320654990148	0.0122810653953777	0.00342004352782659	0.0103378588454761	0.0149238263032437	0.0180329567830863	0	0.0518447507513732	0.00163229350191728	0.00264276090786603	0	0.0170224893771374	0.00598507617369661	0.016400663281169	0.0326458700383458	0.00357550005181877	0.00878329360555491	0.00155456523992113	0.0322572287283656	0.00264276090786603	0.0033423152658306	0.22333920613535	0	0.525443051093379	0.00202093481189749	0.00443051093377549	0	0	0.00349777178982275
CON26	0.0283131689621495	0.012108588626896	0	0.0241274840047039	0.0183572183133683	0.00789300591975443	0.00185366048115445	0.346335532478922	0.00517231069741485	0.00801259691853856	0.00116601223814553	0	0.00239181997568313	0.00941779115425244	0.00742460784118313	0.00460425345319006	0.0274162364712682	0.00107631898905735	0.0830260509059019	0.00176396723206627	0.00412588945805343	0.0953439237806699	0	0.304090012158418	0.0013155009866257	0	0.00134539873632173	0	0.0033186502162604
CON27	0.0122639704006124	0.0282278642510845	0	0.0469348047971422	0.0267447052819597	0.0133484307221229	0.00531066598622092	0.0556423832610361	0.00650676192906355	0.0237783873437102	0.00157884664455209	0.00330122480224544	0.0052628221485072	0.0086118907884664	0.023299948966573	0.0125829293187037	0.0367919112018374	0.00133962745598359	0.0182763460066343	0.00430594539423318	0.0399496044909416	0.195298545547334	0.00186590967083432	0.376722378157693	0.0011482521051288	0.00645891809134983	0.00904248532788976	0.00478438377137019	0.0306200561367696
CON28	0.00548749361919339	0.0626169814531225	0	0.116811298281436	0.0456653054279394	0.0362642504679258	0	0.011698145312234	0.0163986727922409	0.0545346265101244	0	0.00106346775565765	0.00646588395439845	0.044899608643866	0.0562149055640633	0.0151863195507912	0.11751318700017	0	0.0112302194997447	0	0.0258422664624808	0.124532074187511	0.00146758550280755	0.224157733537519	0.00316913391185973	0.00208439680108894	0.00578526459077756	0.00538114684362766	0.00553003232941972
CON29	0.0109932251054582	0.033917082108313	0.00191742298351013	0.108142656269973	0.0586305338957774	0.0325535813200391	0.00345136137031826	0.0135497890834717	0.016532447057821	0.0274404533640121	0.00119306318973962	0.00524095615492777	0.0034513613703183	0.0181516042438962	0.0317866121266351	0.0165750564574545	0.0976607439601177	0.00242873577911285	0.0194724956325364	0	0.0317013933273681	0.122459414546849	0	0.305850270569688	0.00728620733733856	0.00272700157654778	0.0103114747113213	0.00153393838680807	0.0150411180706463
CON30	0.0226370851370851	0.0435305435305435	0.00279581529581528	0.0457852332852331	0.0373977873977875	0.0205627705627705	0.00447931697931698	0.0302729677729677	0.00616281866281857	0.0211640211640211	0	0	0.00285594035594033	0.0251924001924002	0.0112133237133237	0.0136784511784511	0.0367364117364117	0	0.024110149110149	0.00841750841750837	0.0289502164502164	0.148268398268398	0.00847763347763342	0.422258297258299	0.00628306878306876	0	0.00625300625300624	0.00330687830687825	0.0192099567099567
CON31	0.0128474042999476	0.0161060753614502	0.0013484156116563	0.0198142182935051	0.0168177391564911	0.0128099483107349	0.00670462206906882	0.0747996104577124	0.00310884710465202	0.00816540564836312	0	0.00644243014458007	0.00101131170874221	0.0138587160086898	0.0225110495168177	0.0029590231478013	0.011873548580418	0	0.016143531350663	0.010375309011911	0.017866506854446	0.179526556296352	0.0117237246235673	0.514607835792944	0.00318375908307734	0.00277174320173792	0.00370814293205481	0.00340849501835337	0.00550603041426318
CON32	0.0384512796035545	0.0186149677817865	0.00395883930200885	0.0403043533193884	0.0284699507250851	0.0180253534176575	0.00299018713236835	0.0539918296295257	0.00425364648407334	0.0161722797018235	0.00193730433928095	0.0010949981048109	0.00357980149649734	0.0186991984052335	0.0126486319542908	0.0113290188536212	0.0302387938174721	0.00214788089789841	0.0300703325705782	0.0136032456866901	0.0265326463858043	0.16117529796583	0.0159195878314826	0.423764266561848	0.00838094703297625	0.0020215349627279	0.00155826653376944	0.00299018713236838	0.00707537236954776
CON33	0.0074524714828897	0.0256527249683143	0.00136882129277559	0.0436501901140684	0.0260076045627376	0.0132826362484156	0.0038022813688212	0.0728010139416985	0.00628643852978451	0.0187579214195184	0.00288973384030417	0.00522179974651456	0.00430925221799739	0.0101394169835234	0.0130291508238276	0.0125221799746515	0.0389860583016477	0	0.0221546261089987	0.00958174904942969	0.0340177439797212	0.185855513307985	0.00106463878326997	0.407046894803549	0.00167300380228135	0.0049176172370088	0.0045120405576679	0.00542458808618496	0.0175918884664131
CON34	0.00813465990864142	0.0420499342969777	0	0.0760903572992931	0.0324760653275764	0.026969526312496	0	0	0.00894812589950557	0.0265940804705587	0	0	0.0116388211000563	0.0166447656592202	0.0268443776985169	0.0123897127839308	0.0827232338401854	0	0.0374194355797509	0	0.0291596270571303	0.0885426443902132	0	0.457418184093612	0	0	0	0	0.0159564482823352
CON35	0.00931106138107407	0.0682544757033248	0	0.0746483375959082	0.0536684782608695	0.0308903452685422	0.00131873401534519	0.0176630434782608	0.0068334398976982	0.0159047314578005	0.00239769820971867	0.00135869565217387	0.00331681585677745	0.019900895140665	0.0122682225063938	0.0118686061381074	0.0864769820971867	0.00227781329923273	0.0245364450127877	0.00307704603580556	0.0444773017902815	0.105618606138107	0.00231777493606132	0.376078964194374	0.00371643222506386	0.0017183503836317	0.00247762148337594	0.00327685421994877	0.0143462276214834
CON36	0.0172166427546627	0.0383511753669571	0	0.0381856307250856	0.0172718243019534	0.0103189493433395	0	0	0.00965677077585247	0.0389581723871536	0	0	0	0.0246109700916013	0.0137953868226465	0	0.0440348747378877	0	0.0172718243019534	0	0.0493323032777838	0.187065445315086	0	0.477761836441895	0	0.00772541662068202	0	0	0.00844277673545956
CON37	0	0.0404195883929081	0	0.0887634684453568	0.0419018299982899	0.0365429565019098	0	0.0169887691693745	0.00934952397240751	0.0330083803659997	0	0	0.015677555441537	0.0166467134142865	0.017615871387036	0.0189270851148737	0.0774756285274499	0.00495980844877705	0.014594378883758	0	0.0423579043384071	0.116869049655093	0	0.377458525739696	0	0.00604298500655606	0	0	0.024399977196283
CON38	0.00990632066329269	0.0548077958436525	0	0.0872725314956393	0.0453321847744157	0.0355335415096371	0	0.014644126197911	0.0102831915580919	0.0461936039625284	0	0	0	0.0309034133735329	0.0185743512436739	0.0142672553031119	0.0730591148917842	0	0.0140519005060837	0.00651448261010011	0.045547539571444	0.116829977387746	0	0.336114999461613	0	0.00527619252718846	0.00463012813610423	0.00705286960267032	0.0232044793797782
CON39	0	0.0280614824552533	0	0.093841642228739	0.0643644453433107	0.0277581150773587	0	0.0181009202143796	0.0103650520780665	0.0861057740924259	0	0	0.00621903124683991	0.0336232177166549	0	0.018758216199818	0.133987258570129	0	0.0190615835777125	0	0.0255334209727981	0.0964202649408432	0.00632015370613807	0.303468500353929	0	0	0.00854484781069867	0	0.0194660734149054
CON40	0.00418515108395408	0.0771323344772747	0	0.107516531346782	0.0191261404536703	0.0352808236377334	0.00422700259479362	0.0133087804469741	0.00485477525738673	0.0269523729806647	0	0	0	0.0130158198710973	0.00435255712731226	0.00933288691721771	0.0901900058592116	0	0.0266594124047878	0	0.0572947183393322	0.103415083284506	0	0.357328199548004	0.0107139867749226	0.00443626014899135	0.0161128316732234	0	0.0145643257721603
CON41	0.0118872476902254	0.017830871535338	0	0.0759724592479254	0.0194786088389336	0.0391926087212381	0	0.0173012416877538	0.00806214323544987	0.0182428058612369	0	0	0	0.0164773730359559	0.011181074560113	0.00647325369269692	0.0641440593185429	0	0.016065438710057	0.0048255163891013	0.0278938386394398	0.126522685811805	0	0.497087035838288	0	0.00323662684634846	0.00511975519331487	0.00411934325898894	0.00888601188724768
CON42	0.00675114625076711	0.0372215603451388	0	0.0602909852341241	0.0418065634138417	0.0122748113650312	0	0.0166793025018953	0.00509043647785119	0.0332502978446875	0.0102169753420701	0.0129607567060182	0.0158489476154373	0.0110834326148958	0.0204339506841402	0.00628181522798656	0.0594967327340339	0	0.0107946135239539	0.00155240261381269	0.0393877035272031	0.134012058197047	0	0.408281887432759	0.00129968590923851	0.00119137875013537	0.00942272284197984	0.0035380338640384	0.0408317989819129
CON43	0.00504223044546754	0.0548713313183244	0	0.0502528177170138	0.0235586565351261	0.0194486031468037	0.0051693454987147	0.0208044970481059	0.00288127454026717	0.0530069772040339	0	0.00148300895454923	0.00411005338832236	0.0194486031468038	0.0202395412558967	0.00584729244936581	0.0275839665546171	0	0.0262280726533149	0.00199146916753758	0.0591084997598939	0.199146916753764	0.0012287788480551	0.375031778763312	0.00249992938052593	0.00745741645716223	0.0051693454987147	0.00118640716363937	0.00720318635066801
CON44	0.00973937434259216	0.0421909696521094	0	0.0421909696521096	0.0416845221862946	0.0152323814718142	0.00346721726596283	0.0159336164244808	0.00833690443725891	0.0335813627332581	0.00393470723440719	0.00377887724492574	0.00724609451088856	0.0131286766138143	0.0342046826911839	0.00623319957925899	0.0372044099887024	0	0.0327242977911097	0.0040515797265183	0.0355292376017764	0.16369940395029	0	0.418286649265652	0.00116872492111103	0.00112976742374069	0.00518134715025907	0.00253223732907394	0.0176087888114067
CON45	0.00100173295574622	0.00141383828564182	0	0.00626400101441312	0.00437465657889175	0	0	0.0103787142313707	0.000995392873747832	0.00294179804725474	0	0	0	0.00250433238936557	0	0	0.00747495667610631	0	0	0	0.00354410583710215	0.893702185214929	0	0.063990447609789	0.00141383828564182	0	0	0	0
CON46	0.00862375082432907	0.0541774463551971	0	0.0723380510323139	0.0348500989194947	0.0196317151118551	0.00142038248871298	0.0165880383503271	0.00334804443768071	0.0359661137320551	0.00380459595190982	0	0.00593516968497945	0.0142038248871303	0.0184649723532694	0.00852229493227819	0.0579313143610817	0.00131892659666203	0.0141530969411048	0.00182620605691667	0.0482930046162431	0.115355349261908	0.00142038248871298	0.423629077258662	0.00253639730127322	0.0039567797899863	0.00679754476741236	0.00380459595190982	0.0211028255465936
CON47	0.0102816855436237	0.0390704050657702	0.00308450566308712	0.0276626301530829	0.0291314423736005	0.0122401018376472	0.00220321833077646	0.0361817410320855	0.00308450566308712	0.0141005973169697	0	0	0.00323138688513883	0.0118973789861931	0.0228971505042921	0.00641381336292719	0.0250677285635016	0.00200737670137408	0.0362307014394359	0.00499396154976005	0.0267813428207722	0.181887913307439	0.00504292195711062	0.473496099487549	0.00249698077487998	0.00298658484838588	0.00362307014394359	0.0037699513659953	0.0101348043215719
MI1	0.00822346368715076	0.0214525139664804	0	0.106279329608939	0.0492960893854748	0.0261452513966481	0.00429050279329604	0.0109944134078211	0.0140782122905028	0.055240223463687	0	0.00518435754189942	0.00379888268156415	0.018145251396648	0.0130204841713221	0.019217877094972	0.0912625698324023	0.00728491620111723	0.0109050279329608	0.00277094972067032	0.0289608938547486	0.0987113594040965	0.0019217877094972	0.36505027932961	0.00464804469273737	0.00138547486033516	0.00406703910614517	0.0025027932960893	0.0251620111731843
MI2	0.0117179202756602	0.0536687828939604	0	0.0726794269665575	0.0381628944325129	0.0177007859148946	0.00166387387600002	0.0130277784333623	0.0159307073234052	0.0488187675532795	0.00148686601685111	0.00849637723914943	0.00421278704774491	0.0190814472162563	0.0257723442920865	0.00800075523353229	0.0510136650067262	0.00470840905336195	0.0138774161572773	0.0116471171320007	0.0467654763871516	0.081966439309905	0.0014514644450213	0.399011116093556	0.00428359019140441	0.00449599962238323	0.00357555875480866	0.00166387387600002	0.0351183592551509
MI3	0.00922564529558687	0.0350208159866777	0	0.0507077435470442	0.0478101582014989	0.0279267277268943	0.00419650291423808	0.0148376353039133	0.0127393838467944	0.0412156536219818	0	0.00374687760199834	0.00409658617818484	0.0193338884263114	0.0276602830974188	0.0130890924229809	0.057052456286428	0.00794338051623642	0.023880099916736	0.00244796003330555	0.0391673605328892	0.101182348043297	0	0.405312239800167	0.00404662781015817	0.0063447127393838	0.00364696086594498	0.0052456286427976	0.0321232306411324
MI4	0.00701579935918671	0.0244171914705556	0	0.0335322063860346	0.0270688321732405	0.0204949729311677	0.00237542812948844	0.0312120207711854	0.002706883217324	0.0402165506573859	0.00143630538062086	0.00425367362722347	0.00513755386145168	0.00629764666887635	0.0141973262622913	0.00568997900784433	0.0339189039885094	0.00193348801237427	0.0236990387802452	0.00254115567340615	0.0241409788973593	0.156502043973041	0.00265164070268476	0.46702021876036	0.00165727543917794	0.00281736824660248	0.00220970058557059	0.00193348801237427	0.0529223290244171
MI5	0.00894581545064369	0.0350456008583691	0.00185085836909868	0.0572961373390558	0.0458288626609443	0.0183476394849785	0.00506974248927032	0.0200375536480686	0.00692060085836903	0.0280445278969957	0.00663894849785408	0.00647800429184542	0.010783261802575	0.0155713519313304	0.0173283261802574	0.0144849785407725	0.0624463519313306	0.00213251072961373	0.0189511802575106	0.00414431330472097	0.0517837982832618	0.111024678111588	0.00261534334763941	0.40067060085837	0.00108637339055785	0.00663894849785408	0.00313841201716735	0.00201180257510724	0.0346834763948496
MI6	0.00772636771566962	0.0417521024635225	0.00124810555406963	0.104840866541856	0.0436539775935338	0.0334313987697247	0	0.022614483967787	0.0124216219428843	0.0542034412053134	0.00101037116281826	0.00151555674422748	0.0020207423256366	0.0314403732429943	0.0352441235030163	0.0161659386050935	0.0899527502897391	0.00219904311907514	0.0209206264301209	0.00098065436391188	0.0399988113280438	0.0885263439422305	0	0.309946212593979	0	0.00493298861846596	0	0.00971739324239994	0.0235357047338861
MI7	0.0105405652054877	0.0455845222523043	0	0.0408389864022146	0.056125087457792	0.0156967724272199	0.0012776442673318	0.0165181151705046	0.00511057706932732	0.0287469960149667	0	0.00118638396252235	0.00985611291941707	0.037006053600219	0.00530830772974778	0.00383293280199551	0.0283363246433243	0.00118638396252235	0.00511057706932732	0.00424360417363791	0.0342226143035317	0.190277735527636	0.00378730264959079	0.413911112463117	0.00374167249718607	0.00136890457214125	0.00387856295440024	0.0012776442673318	0.0310285036352021
MI8	0.0169356369850009	0.0407822289728498	0	0.0623884564268085	0.0241503702297323	0.0254414277577369	0.006037592557433	0.0247579267134991	0.00748053920637927	0.0249857603949118	0.00288589329789254	0.00254414277577363	0.0147712170115816	0.0111638503892159	0.0137459654452249	0.0150370229732295	0.0383899753180177	0.0036453389026011	0.0173533320675906	0.00599962027719757	0.0437060945509777	0.159445604708563	0.00394911714448446	0.3897095120562	0.00372128346307197	0.00486045187013477	0.0056958420353142	0.00413897854566163	0.0262768179229163
MI9	0.0110300081103	0.0345904298459044	0	0.0636658556366586	0.0216139497161395	0.0148012976480129	0.00121654501216543	0.0107461476074614	0.00543390105433899	0.0225871857258719	0.00291970802919705	0.00117599351175989	0.0235604217356042	0.0116382806163828	0.0212489862124898	0.00738037307380365	0.0546634225466343	0.00133819951338195	0.0159772911597728	0.00255474452554738	0.0323195458231955	0.215004055150041	0.00113544201135435	0.387064071370641	0.00283860502838597	0.00389294403892943	0.0103406326034063	0.00433901054339008	0.0149229521492295
MI10	0.0130742473311742	0.0267482307784575	0.00143936667866136	0.0745671904362082	0.066810603334533	0.0208708168405901	0.00227899724121384	0.0208708168405901	0.0052776778217584	0.0744472432129866	0.00287873335732271	0.00171924353284555	0.00587741393786727	0.030146735436408	0.0144736316020951	0.0240294270520971	0.0901203470472995	0.00223901483347325	0.0227899724121385	0	0.0165926992123465	0.146655471592499	0.00507776578305547	0.315861021150693	0.00339850465795051	0.00243892687217618	0.00243892687217618	0.00127943704769901	0.00559753708368317
MI11	0.012407163184563	0.0276428125216908	0.00182203095717354	0.0565350176997294	0.0389394044561672	0.0197299923648226	0.00515374470743387	0.0229575900603873	0.00614284722704236	0.0267057680294301	0.003696119941695	0.00353994585965157	0.00572638300825988	0.0176997292982578	0.0221246616228222	0.0173353231068231	0.0522662594572085	0.00135350871104315	0.017335323106823	0.00296730755882556	0.0474769209412091	0.114267370028458	0.00499757062539044	0.418338307767058	0	0.00619490525439017	0.0103074894148677	0.00629902130908579	0.0300374817796905
MI12	0.017633776567148	0.0447654205942441	0.00727572488441272	0.0769506469302178	0.0208236263933192	0.030894950001792	0.00311816780760542	0.044514533529264	0.00526862836457466	0.0430808931579515	0.0048385362531809	0.00394251102111031	0.00670226873588756	0.0167019103257947	0.0126518762768358	0.0184939607899358	0.0448371026128097	0	0.0381348338769218	0.0132253324253611	0.035518440199276	0.134547148847711	0.00222214257553483	0.3302749005412	0.0103222106734525	0.00247302964051467	0.00254471165908026	0.00215046055696924	0.0260922547578939
MI13	0.00694008782936003	0.0281916562107904	0	0.04991373902133	0.0205457967377666	0.0194087202007528	0.00709692597239644	0.0112531367628607	0.00560696361355079	0.0156053952321205	0.00133312421580924	0.00121549560853191	0.0212907779171895	0.00929265997490581	0.0163503764115433	0.00584222082810536	0.0348180677540779	0.00180363864491837	0.0127038895859473	0.00172521957340021	0.014233061480552	0.360649309912171	0.00466593475533243	0.327399623588457	0	0.0031367628607277	0.00525407779171889	0.0015683814303638	0.0121549560853199
MI14	0.0262234152384885	0.0253561841833573	0	0.050299401197605	0.050588478215982	0.0220111501135659	0.00470782572785459	0.0270080528597975	0.0111088168490605	0.0215981829444559	0	0.00326244063596933	0	0.0204005781540367	0.00425356184183356	0.0154862688416271	0.0483171587858767	0.00194094569481723	0.015238488540161	0.00483171587858758	0.0441874870947758	0.10229196778856	0	0.468428659921537	0	0.00528597976460865	0.00635969440429485	0	0.0208135453231467
MI15	0.0147011568123392	0.00572381105398447	0.00144601542416453	0.00319328406169661	0.00698907455012845	0	0.00602506426735213	0.0293420629820049	0	0.0050610539845757	0.00241002570694075	0	0.00807358611825192	0.00247027634961438	0.00295228149100244	0	0.0106643637532133	0	0.0171111825192801	0.0674807197943448	0.00945935089974289	0.212403598971722	0.00469955012853458	0.575092384318768	0.00150626606683805	0.00198827120822617	0	0	0.0112066195372749
MI16	0.0101433382940393	0.0588626928800815	0	0.102138325370095	0.0289809665543981	0.0268661392652933	0.00219315422573817	0.0138247043158141	0.0196208976266938	0.0258870525573745	0.00121406751781937	0.00105741364455229	0.00238897156732199	0.0094775593326544	0.0173885799326388	0.00712775123364922	0.0693976658572883	0	0.0153912430484843	0.00246729850395548	0.0348163233335944	0.125401425550247	0.00368136602177484	0.353646118900291	0.0072844051069162	0.00916425158612041	0.0170752721861048	0.00873345343463613	0.0257695621524241
MI17	0.0174929894507926	0.0223765284904904	0.00154518227427935	0.0639819919497913	0.0283283416951222	0.0156235096621581	0.00188855611300808	0.0218614677323972	0.0085843459682188	0.0539096926804142	0	0.00475000476908106	0.00309036454855871	0.0301596688350089	0.0129909768985711	0.0127048320329638	0.0663856088208923	0.00412048606474503	0.039144617615078	0.00183132713988665	0.0319909959748956	0.17849716716583	0.00183132713988665	0.344461189218063	0.0115602525705346	0.00194578508612952	0.00909940672631196	0	0.00984338337689076
MI18	0.00762459277743117	0.0313648021071602	0	0.0623830318153462	0.0259929299230609	0.0128924932418382	0.0167394468704513	0.0108477160878907	0.00578775906286824	0.0126498925625563	0.00107437443681978	0.00176751923476808	0.0192347681430651	0.00842170929507169	0.0228044638524987	0.00869896721425105	0.0326471199833645	0.00169820475497324	0.0199625701809106	0.00176751923476808	0.0247106120468566	0.275178484785472	0.00235669231302418	0.366049767796493	0.00100505995702503	0.00402023982810006	0.00405489706799743	0.00110903167671725	0.0171553337492202
MI19	0.0217019901186684	0.0335226485662833	0.00290899016484277	0.0628434224500163	0.0257191670129751	0.0265041326130119	0	0.0452047836727154	0.00221637345892783	0.0531006141201461	0	0.0015237567530128	0.00143140785889082	0.0219328623539733	0.0138061596712378	0.0161610564713487	0.0538855797201831	0.00221637345892783	0.0285819827307567	0.00743408597682041	0.0177309876714227	0.119130073417371	0.00932723830632129	0.389112065383017	0.0107586461652122	0.00281664127072071	0.0157916608948607	0.0107586461652122	0.00387865355312364
MI20	0.0193891986352667	0.0302904219023051	0	0.077390363651494	0.0374469501539486	0.0172255970708162	0.0116501622701172	0.0133144711658482	0.00241324789880993	0.0328701006906883	0	0.00474328035283348	0.00349504868103506	0.0250478488807522	0.00757260547557616	0.00748939003078966	0.0616626445868352	0.0044936340184738	0.0179745360738952	0.00332861779146193	0.0430223849546475	0.150203877839727	0.00141466256137139	0.409836065573772	0.00149787800615795	0.00898726803694759	0	0.0038279104601813	0.00341183323624851
MI21	0.0053869174861051	0.0551232720535841	0	0.0538976770699731	0.0593130967649993	0.0207781103035485	0.0188969645147499	0.0132820293572752	0.0140230867892261	0.0202080661251247	0	0.005215904232578	0.00379079378651841	0.0236568334045888	0.00589995724668663	0.0165027789653698	0.0708279891691607	0	0.0226022516745048	0	0.0499643722388485	0.128516460025652	0.0095767421975203	0.364942283026935	0.0014251104460595	0.00498788656120843	0.0078096052444064	0.00438934017386342	0.0189824711415134
MI22	0.00783826660543559	0.0651901640713063	0	0.11375401828581	0.0365716194213669	0.0303719784578132	0.00641882018953781	0.0124619045631026	0.00369473552373391	0.069041456185029	0	0.00936208408132588	0.00723291445747917	0.0316870538137185	0.0216048094184444	0.0199766208825617	0.0781843610403707	0.00122114140191204	0.031874921721705	0.00294326389178805	0.0542312027720954	0.0810336909781653	0	0.276447626602097	0.00118983008391427	0.00322506575376773	0.00723291445747917	0.00331899970776098	0.0238905356322798
MI23	0.00822934836083899	0.0836799499083144	0.00194552529182874	0.150521042980456	0.0199472248311641	0.0397379131445951	0.00212442416923832	0.0364059215528423	0	0.0545417952502348	0.00228096068697169	0.00194552529182874	0	0.02895925578067	0.0268124692517554	0.00433829777718142	0.10637774497965	0	0.0308600563531463	0.00152064045798113	0.057001654814616	0.0941455342367727	0.00755847757055325	0.223936669797397	0.00172190169506684	0	0	0.00210206180956212	0.0133056040073349
MI24	0.00732977419919475	0.0580036758270611	0	0.0914580780675655	0.0418562926658497	0.0337826010852441	0.00466042359530888	0	0.00778925258183091	0.0396901802905653	0.00218799229826707	0.0029975494486259	0.0029975494486259	0.0269341851916681	0.0123840364081918	0.0105242429546648	0.0801023980395589	0	0.0156441449326097	0	0.0597978295116402	0.100844565027131	0	0.36368807981796	0	0.00662961666374936	0.00166287414668298	0.00536058113075442	0.0236740766672501
MI25	0.00742592730800799	0.0575416075826556	0	0.0859392491977014	0.0342189715650421	0.0209343980894097	0.00231360549294718	0.0122397193820434	0.00451526233300993	0.0414583177849093	0.00119411896410172	0.00156728114038354	0.00179117844615267	0.0140682140458243	0.0344428688708113	0.00862004627210986	0.0778789461900144	0.00145533248749902	0.0169415628031943	0.0029479811926263	0.0748563325621317	0.153518919322338	0.00384357041570263	0.294089111127696	0.00462721098589445	0.00235092171057535	0.00533621912082991	0.00305992984551082	0.0308231957608776
MI26	0.00541034824354183	0.0525032385887374	0	0.129949960628922	0.0289821941121186	0.0388376641519979	0.00170184663059765	0.0089664456806116	0.00820442480123952	0.0495313571591863	0	0.00132083619091162	0.0059691635550814	0.019279128248114	0.0266707307780232	0.010541288831314	0.0869973837283143	0	0.00833142828113483	0.00238766542203256	0.0548909040107701	0.13599532627194	0.00208285707028368	0.29025375295283	0.00162564454266043	0.00640097538672555	0.00292108003759303	0.00820442480123952	0.0120399298940791
MI27	0.00931214139682116	0.0914462837169427	0	0.147239992085999	0.0244542636681395	0.0423003363450504	0.00644991096748662	0.0127811119171667	0.00427356064103406	0.022119633317945	0	0.0138890720833608	0.00304689045703353	0.0152740222911033	0.0225153333773	0.00743916111587414	0.126505308975797	0	0.0418254962738244	0	0.0460990569148586	0.119237617885642	0.0024929103739365	0.214311152146673	0	0.00478797071819556	0.00399657059948558	0.00201807030271051	0.0161841324276199
MI28	0.00751867219917008	0.022655601659751	0	0.0610954356846473	0.034356846473029	0.012896265560166	0.00154356846473026	0.0135933609958504	0.0124979253112032	0.023701244813278	0	0.00114522821576764	0.0074190871369294	0.0165809128630705	0.0130788381742737	0.0141410788381742	0.0412282157676349	0.00243983402489624	0.0219585062240663	0.00383402489626549	0.0373443983402489	0.152846473029046	0.00184232365145218	0.444398340248964	0.00204149377593353	0.00522821576763486	0.0125975103734439	0.00642323651452275	0.0255933609958506
MI29	0.00507357556314937	0.0636027616988632	0	0.0353058093311947	0.0219157542366971	0.0149592021758839	0.0266755003835694	0.026780110188995	0.00434130692516912	0.0196143385173304	0.00162145198409928	0.00235372062207962	0.00177836669223796	0.0124485668456656	0.0136515796080618	0.00868261385033825	0.0342597112769371	0	0.0354627240393332	0	0.0254201827184602	0.174262500871749	0.0151161168840226	0.424977334542158	0	0.00115070785968333	0.00538740497942674	0.00575353929841686	0.0194051189064789
MI30	0	0.00336309603337903	0	0.00373719752176849	0	0	0.0021873484984406	0.911574623703528	0.00314168903004646	0	0	0	0.00240112077752032	0	0	0	0	0	0	0	0	0.0485988372314963	0	0.0249960872038204	0	0	0	0	0
MI31	0.0275029347643804	0.0457823243333892	0	0.0281737380513164	0.0131924646430767	0.0157079769690872	0.00335401643468048	0.0233663144949409	0.00430432109117329	0.0276706355861144	0	0.00184470903907428	0.00436022136508461	0.0105092514953322	0.0244656865485307	0.00726703560847447	0.0325898596903125	0.00285091396947841	0.0156520766951758	0.0103974509475096	0.0269998322991782	0.187005049658077	0	0.454636927720946	0.00508692492593211	0.00458382246073004	0.00547822684331152	0.00436022136508461	0.0128570629996086
MI32	0.0137000359176971	0.02760531581918	0	0.0448971214531274	0.0299143106367695	0.0124172610190363	0.00410487967571442	0.0260146749448406	0.00513109959464305	0.0317101954948946	0	0.00159064087433926	0.00697829544871457	0.0146749448406792	0.0117502180717327	0.0128790599825543	0.035558520190877	0.00625994150546463	0.0330955923854481	0.0140592128893221	0.022371594232644	0.142080147775668	0.00569552055005384	0.459079480732722	0.00466930063112525	0.00928729026630401	0.010826620144697	0.00354045872030367	0.0101082662014469
MI33	0.00942610665156708	0.047896612597009	0	0.0784065549745196	0.0565899477067581	0.0287779369150317	0.00852679612297232	0.00955933784098852	0.00872664290710452	0.0475968424208108	0.00129900409685905	0.00346401092495749	0.00449655264297366	0.025380541584785	0.0140225826866069	0.0211837591180095	0.0781734003930322	0.00123238850214829	0.0159211271358624	0	0.0634513539619626	0.0820037970888983	0.00233154581487522	0.352096725843521	0.00299770176198241	0.00303100955933783	0.00552909436098991	0.00403024347999867	0.0238483829064384
MI34	0.00845499907595636	0.0342820181112548	0.00138606542228793	0.032895952688967	0.0083625947144705	0.0337737941230825	0.00120125669931619	0.0311402698207355	0.0037885788209203	0.0292459804102754	0.00147846978377375	0.00110885233783027	0.0177878395860285	0.00924043614858619	0.0267048604694142	0.00457401589355014	0.036222509702458	0.00304934392903342	0.0316484938089078	0.00337275919423395	0.014738495656995	0.130936980225467	0.00226390685640359	0.48738680465718	0.0048512289780077	0.0010626501570874	0.00258732212160411	0.00309554610977638	0.0333579744963963
MI35	0.0182366849991509	0.0257874041463638	0.00152843276855347	0.0725809612143856	0.0349971913414938	0.0219075363492665	0.00262576911520719	0.0269239310768266	0.00556506290088702	0.0251211642216097	0.00129328926569905	0.00199871977426222	0.00160681393617158	0.0128153209055637	0.00650563691230446	0.0101895517903564	0.0576101581993234	0.00203791035807123	0.0167735698702791	0.0036055337104338	0.0592953533031132	0.139557668944075	0.00223386327711655	0.402918392140982	0.00384067721328823	0.00685835216658607	0.00117571751427183	0.00399743954852445	0.0304118930358333
MI36	0.0066384295837744	0.0170237028590046	0	0.0315223588824631	0.0209334527979147	0.00953001547609348	0	0.0414189134153293	0.00777877331595667	0.0180825934674595	0	0.00215850777877325	0.00745296082104747	0.0137655779099128	0.0380793353425104	0.0035432108821373	0.0417447259102387	0.00248432027368245	0.0256984605359615	0.00399120306263742	0.0186527653335505	0.311884010751813	0	0.354402541337461	0	0.00500936710922859	0.00688278895495643	0.00134397654150037	0.0099780076565936
MI37	0.0104887384071838	0.0397836007654939	0.0012880906815839	0.0712498159870456	0.055167083762697	0.0171500073605181	0.00272339172677749	0.0100839099072574	0.00195053731782712	0.0306197556307965	0	0.0018033269542175	0.00331223318121593	0.0201678198145149	0.0185485058148094	0.0167819814514942	0.0755189165317241	0.00301781245399677	0.0176284410422493	0.00448991609009275	0.0462976593552186	0.108972471662005	0	0.409833652289121	0	0.00460032386279992	0.00390107463565434	0.00202414249963193	0.0225967908140733
MI38	0.00674858047100433	0.0733035464953923	0	0.0903844363771759	0.0398864376803502	0.0285302057153495	0.00139625802848363	0.0159638834589965	0.00823792236805363	0.0405845666945918	0.00125663222563521	0.0061900772596109	0	0.0145210834962301	0.0235502187470911	0.0128455738620497	0.0719538304011917	0.00297868379409848	0.0200130317415991	0.00251326445127051	0.060644140370474	0.105277855347668	0.00437494182258211	0.328679139905054	0.00111700642278688	0.00600390952247977	0.00563157404821741	0.00283905799125006	0.0245741413013125
