ID,MI35,MI33,MI32,MI38,MI36,MI34,MI37,MI27,MI28,MI29,MI31,MI17,MI21,MI20,MI24,MI23,MI26,MI19,MI18,MI15,MI25,MI22,MI14,MI16,MI1,MI2,MI3,MI4,MI5,MI6,MI7,MI8,MI9,MI10,MI11,MI12,MI13,CON1,CON2,CON3,CON4,CON5,CON6,CON7,CON8,CON9,CON10,CON11,CON12,CON13,CON14,CON15,CON16,CON17,CON18,CON19,CON20,CON21,CON22,CON23,CON24,CON25,CON26,CON27,CON28,CON29,CON30,CON31,CON32,CON33,CON34,CON35,CON36,CON37,CON38,CON39,CON40,CON41,CON42,CON43,CON44,CON45,CON46,CON47
CON10__92125,2,5,1137,2,1,10,13,0,5,5,20,2,1,2,1,7,18,0,16,2,3,6,627,10,7,6,32,79,92,8,4,162,7,13,60,0,4,5,2,3,7,9,0,1,7,1,478,11,0,1,7,8,3,7,6,17,3,69,13,14,6,0,0,4,9,11,22,10,157,9,7,8,10,33,2,6,2,9,13,7,1,0,3,3
CON13__106090,0,123,0,0,0,0,0,0,0,0,0,0,0,0,0,95,0,0,0,0,0,0,0,0,0,0,0,0,0,0,0,0,0,4,0,0,0,0,0,0,3,0,6,2,11,0,0,0,0,1739,0,0,0,0,0,0,0,0,0,0,0,4,35,2,0,1,0,0,0,4,27,52,0,0,0,0,2,0,0,2,0,0,0,0
CON13__125096,0,12,0,0,67,0,0,0,0,0,0,0,0,0,0,4,0,0,0,0,1,0,0,0,0,0,0,2,0,0,0,0,0,1,0,2,0,1,0,0,8,0,0,2,25,0,0,0,0,2073,0,0,0,0,0,0,0,0,0,0,0,46,51,7,19,14,0,1,2,9,51,26,0,0,4,5,0,0,78,9,24,0,0,0
CON13__134529,0,36,5,0,0,0,0,0,0,0,0,0,0,0,0,0,0,4,0,56,26,0,0,0,0,0,0,0,0,0,0,11,75,18,0,0,0,0,0,0,0,0,40,2,4,0,8,0,0,532,0,0,0,0,121,0,0,0,0,0,0,0,86,2,8,26,4,206,0,8,45,48,0,20,4,0,0,0,563,0,0,0,48,0
CON13__23397,0,1,0,0,10,0,0,0,0,0,0,0,0,0,0,4,0,0,0,0,0,0,0,0,0,0,0,0,21,0,0,0,0,0,0,0,0,0,0,0,1,0,0,0,0,0,0,0,0,499,3,0,0,0,0,0,0,0,0,0,0,0,6,0,0,0,0,0,0,1,1,3,0,0,0,0,0,0,0,0,0,0,0,0
CON13__38366,0,15,8,2,7,9,0,0,0,2,0,0,0,0,0,0,0,0,0,29,0,0,0,22,0,0,0,0,61,0,0,18,14,0,0,0,3,0,0,0,5,0,2,5,0,1,0,0,0,1011,0,2,7,1,5,3,4,5,461,0,0,15,92,1,20,17,10,7,0,40,47,25,0,4,0,0,0,2,94,2,199,0,8,0
CON13__42474,0,65,1,24,14,12,0,0,0,0,0,0,0,0,7,31,0,0,0,89,6,0,0,30,0,0,0,0,51,0,0,0,61,2,0,0,4,7,2,0,2,0,9,4,7,0,2,0,0,816,2,0,15,4,31,14,4,8,455,2,2,25,144,6,25,55,8,169,7,83,84,24,0,32,0,0,0,7,366,0,79,0,75,0
CON13__4329,0,100,17,60,153,88,0,0,0,0,0,0,0,0,0,7,0,0,0,281,23,0,0,20,0,0,0,0,260,0,0,4,88,16,2,0,8,7,0,0,54,0,32,19,26,2,0,0,0,1709,0,0,80,7,56,37,29,2,1030,5,0,123,245,2,41,67,71,41,2,78,163,319,1,73,8,0,0,34,3166,11,370,0,147,0
CON13__49865,0,23,1,0,7,0,0,0,0,0,0,0,0,0,0,2,0,0,0,0,2,0,0,0,1,0,0,0,2,0,0,0,82,5,0,1,0,0,0,0,36,0,2,3,1,1,2,0,0,867,0,0,1,9,0,1,0,0,0,0,0,78,58,4,28,33,0,0,0,37,8,38,0,0,0,0,0,0,0,0,2,0,0,0
CON13__68260,0,30,0,0,0,0,0,0,0,0,0,0,0,0,0,26,6,0,0,0,4,0,0,24,0,0,0,0,0,0,0,0,0,0,0,0,0,4,0,0,0,0,6,8,7,0,0,2,0,1523,2,0,0,0,0,0,6,19,0,0,0,11,157,2,30,71,0,44,11,84,34,10,0,0,0,0,0,0,0,0,0,0,0,0
CON13__83545,0,32,1,0,49,0,0,0,0,0,0,0,0,0,0,0,0,0,0,0,0,0,0,0,0,0,0,0,0,0,0,0,0,0,0,0,0,0,0,0,5,0,6,0,8,0,0,0,0,265,0,0,3,0,1,19,0,0,0,0,0,15,13,1,0,2,0,0,0,8,12,15,0,0,0,0,0,9,2,0,2,0,5,0
CON13__96551,0,10,0,0,98,0,0,0,0,0,0,0,0,0,0,0,0,0,0,0,7,0,0,0,0,0,0,0,0,0,0,0,34,0,0,0,0,2,0,0,0,0,9,0,0,0,0,0,0,527,0,0,0,0,0,1,6,0,0,0,0,3,35,2,6,7,2,0,0,6,16,8,0,0,0,0,0,0,2,0,2,0,3,0
CON13__97539,0,10,0,0,145,0,0,0,0,0,0,0,0,0,0,0,0,0,0,0,1,0,0,0,0,0,0,0,0,0,0,0,0,5,0,0,0,0,0,0,0,0,5,0,0,0,0,0,0,405,0,0,0,0,0,0,0,0,0,0,0,6,22,0,4,9,2,0,0,25,5,16,0,0,0,0,0,0,0,4,0,0,0,0
CON16__2712,97,74,3280,121,725,282,200,1034,422,592,164,0,145,27,473,19,198,304,2160,0,188,60,797,4302,1295,88,275,275,262,23,21,1056,185,136,132,34,2201,210,17,407,46,82,3,1,213,4,1597,89,37,772,17,313,16800,90,120,329,0,154,185,241,142,0,10,109,464,4195,403,157,184,120,470,307,55,425,840,55,325,69,5717,295,134,21,2412,400
CON16__54857,60,1,9,0,0,0,0,0,0,6,0,0,0,0,0,0,11,78,0,0,0,0,0,0,0,0,0,27,0,32,0,0,0,145,0,2,1,2,83,6,0,0,0,0,0,0,0,0,0,0,0,0,404,0,10,2,3,125,10,3,6,1,20,14,0,2,0,1,0,4,16,0,0,0,13,42,0,0,0,2,0,1,7,0
CON16__9635,0,0,0,0,0,0,0,0,0,0,0,0,0,0,0,0,1,0,0,0,0,0,0,0,0,0,0,0,0,0,0,0,5,0,0,0,0,0,0,0,0,0,0,0,0,0,0,0,0,0,0,0,7978,0,0,0,0,0,0,0,0,0,0,0,0,0,0,0,0,0,0,0,0,2,0,0,0,0,0,0,0,0,0,0
CON17__51038,0,100,0,0,0,0,0,0,0,0,0,0,0,0,0,0,0,2438,0,31,14,89,209,1,6,0,0,0,27,15,0,0,0,5,27,0,0,9,0,0,0,1,20,0,0,4,0,4,0,0,0,36,0,1465,4,23,0,0,0,0,0,0,0,5,0,0,0,26,0,4,0,0,3,0,0,4,0,92,0,0,0,34,27,0
CON18__42913,0,125,24,1,0,8781,0,0,0,0,0,0,0,0,0,1,2,0,0,11910,2,0,0,0,0,0,0,0,5128,0,0,0,24,6,2,0,0,0,0,0,831,0,95,73,37,0,1,63,0,5,10,0,5,0,12177,4,1,8,5525,3,0,608,1170,14,98,316,1,14,0,324,207,1573,15,0,0,2,2,0,271,0,176,0,18803,1
CON19__13253,0,11,0,0,0,0,0,0,0,0,0,0,0,0,0,0,0,0,0,2,0,2,0,0,0,0,0,0,0,0,0,0,0,1,0,0,0,1,0,0,0,0,3,0,20,0,0,0,0,2,0,0,0,9,0,459,1,0,0,0,0,7,22,1,1,22,0,2,0,11,3,13,0,0,2,0,0,0,4,55,0,0,6,2
CON19__28358,0,5,0,0,0,0,0,0,0,0,0,0,0,0,0,0,0,0,0,0,0,0,0,0,0,0,0,0,0,0,0,0,0,17,2,0,0,0,0,0,0,0,5,0,61,0,0,0,0,0,0,0,0,0,0,1173,0,0,0,0,0,4,29,0,0,9,0,0,1,3,7,16,0,0,0,0,0,0,0,0,0,0,3,2
CON19__37443,0,10,15,0,0,0,0,0,0,0,0,0,0,0,0,0,0,0,0,0,121,4,0,0,0,0,0,0,0,0,0,0,0,0,0,0,0,1,0,0,0,0,7,1,4,0,0,0,0,0,0,0,0,11,0,713,2,0,0,0,0,0,50,1,2,2,0,0,0,5,55,13,8,0,1,0,0,0,16,17,3,0,2,2
CON20__1276,0,0,0,0,0,0,12,0,0,0,0,0,0,0,0,0,0,0,0,0,0,0,0,2,0,0,0,0,0,0,0,0,0,0,0,0,0,0,0,0,0,0,0,0,0,0,0,0,0,4,0,0,0,0,0,0,329,0,0,0,0,1,11,0,1,0,0,0,0,4,0,3,0,0,0,0,0,0,0,0,4,51,0,0
CON20__40587,0,1,2,0,0,0,0,5,0,0,0,0,0,0,0,0,0,0,4,0,0,0,0,0,0,2,0,0,0,0,0,0,0,0,0,0,0,0,0,0,0,0,2,1,0,0,0,0,0,3,0,0,0,0,0,1,588,0,0,0,0,29,122,19,23,26,0,2,0,22,0,0,0,0,0,28,0,0,0,38,1,12,0,9
CON20__43638,4,52,0,0,0,0,0,0,0,0,0,33,0,0,0,0,0,0,2,0,0,2,0,3,3,4,0,0,0,0,6174,0,1749,0,0,36,0,227,0,0,0,1,182,0,0,0,0,0,0,21,0,0,0,0,2,0,1922,59,0,179,1,332,74,0,4,5,0,0,2,5,0,0,0,0,2,2,0,0,0,8,0,0,28,1
CON21__106170,11,47,26,0,209,31,12,111,0,12,24,280,0,4,2,4,8,28,2734,2,129,6,2,6,70,4,0,321,1,10,787,9,432,228,2,107,1068,117,85,0,98,12,269,4,19,2,0,2,0,20,9,0,37,514,5,3,343,883,1,93,6,99,327,32,27,54,2,10,0,37,13,0,8,0,74,59,20,0,12,59,9,12,35,41
CON21__111618,1,2,0,0,0,2,4,0,0,0,0,0,0,0,4,0,0,0,0,0,0,6,0,6,1,0,0,0,0,0,0,2,0,8,0,3,0,5,2,0,0,0,0,0,4,0,0,0,0,1,8,0,0,0,101,0,47,865,0,0,0,3,12,160,2,6,0,0,0,12,2,0,0,0,127,59,2,0,0,10,1,8,0,4
CON22__29078,4,139,34,2,0,0,0,0,0,0,0,0,0,0,2,41,0,16,0,259,51,0,0,0,0,0,0,2,0,0,0,221,314,18,4,0,6,2,0,0,40,0,474,118,349,0,6,2,0,3290,4,0,4,0,437,0,43,0,64153,0,0,22,352,7,73,102,20,108,0,123,208,217,5,70,0,0,0,0,11395,7,18,0,382,0
CON23__39618,0,0,0,0,0,0,12,0,0,0,0,18,0,2,0,0,0,60,0,0,0,0,0,0,6,0,2,0,0,1,6,34,0,65,2,0,0,0,0,0,0,0,0,0,0,0,0,0,0,0,10,0,0,1,7,0,0,0,0,580,0,0,13,4,0,0,0,0,2,0,28,0,0,0,0,0,0,2,2,0,0,0,0,0
CON24__104082,297,10,0,42,96,21,0,0,0,0,0,0,0,5,0,0,9,4,8,0,0,8,0,11,0,2,0,0,2,0,0,146,10,8,0,0,0,0,0,0,15,0,19,0,5,3,0,0,0,2,126,0,0,0,0,0,0,1,0,0,250,0,3,0,4,0,78,2,97,0,0,2,26,0,2,6,0,30,0,0,3,0,0,26
CON24__35132,38,8,0,0,14,10,0,0,0,0,0,0,0,0,15,0,0,0,0,0,11,0,0,0,0,0,0,0,0,0,0,0,0,0,0,0,0,0,0,0,0,0,0,0,0,0,0,0,0,0,0,0,0,0,0,0,0,0,0,0,196,6,0,0,0,0,0,0,17,0,0,0,0,0,0,0,0,0,0,0,0,2,0,0
CON24__49185,76,54,120,12,119,156,0,2,10,22,226,4,0,43,23,26,46,94,2,0,182,0,27,23,0,0,1,61,13,63,8,88,64,52,11,39,16,0,0,0,48,4,76,10,2,0,42,0,0,3,52,12,41,4,3,50,72,3,0,1,4550,3,51,0,16,2,354,2,528,13,3,164,62,6,3,15,11,9,7,33,47,4,10,178
CON25__11246,0,0,0,0,0,0,0,0,0,0,0,0,0,0,0,0,0,0,0,0,0,0,0,0,0,0,0,0,0,0,0,0,0,0,0,0,20119,0,0,0,0,0,0,0,0,0,0,0,0,0,0,0,0,0,0,0,0,0,0,0,0,7852,0,4,0,0,0,0,14,0,2,0,0,0,0,0,0,0,0,0,0,0,0,0
CON25__12111,5,2,1,0,0,0,0,0,0,0,0,0,0,0,0,3,0,0,0,0,0,0,0,0,0,0,0,0,0,0,0,0,0,0,0,0,0,0,4,0,0,0,27,0,0,0,0,0,0,0,0,0,0,0,0,0,0,0,0,0,18,6562,1096,66,1097,1135,46,12,2,168,7,0,0,0,5,2,0,12,0,20,0,0,0,215
CON25__3385,0,0,0,0,0,0,0,0,0,0,0,0,0,0,0,0,0,0,0,0,0,0,0,0,0,0,0,0,0,0,0,0,0,0,0,0,0,0,0,0,0,0,0,0,0,0,0,0,0,0,0,0,0,0,0,0,0,0,0,0,0,257,0,0,0,0,0,0,0,0,0,0,0,0,0,0,0,0,0,0,0,0,0,0
CON26__23139,0,19,0,0,0,0,0,0,0,0,0,0,0,0,0,4,0,0,0,0,175,0,0,2,0,0,0,0,0,3,0,0,0,0,0,0,0,0,0,0,0,0,4,1,0,0,0,0,0,0,0,0,0,0,0,4,6,5,0,0,0,15,1466,5,11,25,0,0,0,6,0,0,0,0,0,1,0,2,0,73,0,0,0,4
CON26__2739,2,87,242,44,921,44,15,193,2,30,40,222,2,14,9,22,2,32,4106,7,453,2,2,2,78,8,0,893,7,12,1115,12,3893,437,41,180,3607,308,85,6,150,14,526,0,27,8,0,0,2,62,66,0,83,491,12,30,494,160,23,224,0,539,6405,103,61,202,1,11,0,126,44,0,6,3,152,99,22,10,49,323,85,284,172,54
CON26__34383,0,2,5,0,0,6,0,0,0,0,0,0,0,1,0,2,0,0,0,0,2,0,0,1,0,0,0,0,0,0,0,0,0,0,0,0,0,0,0,0,2,0,0,0,0,0,0,0,0,0,0,0,0,0,0,1,2,0,0,0,0,16,1620,14,12,14,0,0,0,6,0,0,0,0,0,4,0,2,0,91,0,2,2,2
CON26__41232,0,0,0,0,0,0,0,0,0,0,0,0,0,0,0,0,0,0,0,0,0,0,0,0,0,0,0,0,0,0,0,0,0,0,0,0,0,0,0,0,0,0,1,0,0,0,0,0,0,0,0,0,0,0,0,0,1,0,0,0,0,1,943,0,0,0,0,0,0,0,0,0,0,0,0,0,0,0,0,0,0,0,0,1
CON26__44076,0,34,2,0,6,0,1,7,1,0,2,5,0,0,0,0,1,2,29,0,8,0,0,1,2,4,0,5,0,0,14,1,31,2,2,3,22,3,1,0,1,0,10,0,7,2,0,0,0,6,0,0,3,106,1,1,4,2,0,1,0,10,2058,28,9,35,12,33,0,14,20,9,3,0,1,2,0,10,6,185,1,0,0,3
CON27__11287,2,15,4,0,0,0,0,0,2,4,8,0,7,0,0,0,0,0,0,0,0,0,2,0,0,0,6,1,0,0,0,8,0,0,2,0,12,0,0,2,0,4,0,0,0,0,0,0,0,0,6,0,2,0,0,0,0,0,0,0,0,0,0,248,0,0,5,0,6,2,0,0,12,0,26,0,2,0,0,0,2,0,0,0
CON2__56254,1,31,35,0,0,310,9,45,0,0,0,2,2,3,8,4,2,0,1095,0,18,6,4,28,2,12,30,395,0,21,0,0,0,97,12,78,905,61,2641,0,8,5,104,3,5,8,0,2,0,6,0,0,8,2,10,12,55,14,0,0,2,48,215,59,26,90,0,3,6,65,4,0,0,0,74,37,396,0,0,196,9,12,9,65
CON30__101066,216,6,0,291,2,1,0,0,0,0,1,0,0,0,6,0,8,0,0,0,76,0,0,0,1,0,0,4,0,1,0,0,0,0,0,0,0,0,0,0,2,0,5,0,10,0,0,0,4,0,0,3,8,0,0,18,0,2,0,0,101,0,9,0,0,0,369,2,26,0,0,4,0,0,4,0,0,0,0,0,1,0,2,11
CON30__106370,10,12,290,0,2,4,0,2,14,0,14,2,0,7,16,12,33,4,1,0,0,0,0,0,0,0,0,0,0,0,0,62,1,1179,0,0,4,0,0,0,21,0,5,1,0,17,0,0,0,0,528,0,41,0,2,0,1,19,0,0,9,0,0,0,0,0,1250,0,34,0,6,0,215,0,9,1,0,0,0,0,2,3,6,11
CON30__106949,17,0,0,0,0,0,1,0,0,0,12,6,0,0,0,0,0,0,0,13,0,0,15,1,0,0,0,1,0,0,0,2,0,7,0,0,0,0,0,0,0,0,0,0,0,0,0,0,1,0,0,0,0,0,0,0,0,1,0,0,1,0,3,0,2,0,314,0,8,0,0,0,4,0,0,0,0,0,2,0,2,0,0,0
CON30__115695,0,21,71,0,0,0,0,0,0,0,0,0,0,0,0,0,0,0,0,0,0,19,0,1,0,0,0,0,0,0,0,0,0,0,0,0,0,0,0,0,0,0,14,4,18,2,0,0,0,1,0,0,1,0,0,0,0,0,0,0,0,1,501,3,6,51,1647,0,0,44,10,66,4,0,0,0,0,0,10,11,0,0,12,1
CON30__21220,0,0,10,20,18,8,0,0,0,0,2,0,0,3,0,0,0,0,0,0,1,0,0,0,0,0,2,4,0,0,0,3,1,0,0,0,4,0,0,0,4,0,0,0,0,0,0,0,0,1,0,0,0,0,0,7,1,1,0,0,14,0,6,0,0,0,253,0,3,1,0,6,0,0,1,1,1,0,0,0,7,0,0,1
CON30__57661,307,150,200,75,129,143,0,2,27,0,385,36,1,167,51,52,71,408,4,0,208,0,64,46,1,18,7,125,8,12,0,407,50,210,4,69,105,0,0,0,163,32,201,75,9,5,61,2,3,16,154,5,5,10,2,31,12,6,5,6,92,0,32,0,18,2,974,2,1056,0,69,20,196,0,12,16,13,47,8,28,34,19,8,280
CON30__78830,8,0,11,0,0,58,0,7,5,0,168,0,0,0,4,0,0,0,0,0,50,0,5,0,2,0,0,9,2,21,0,0,13,0,5,4,5,0,0,0,2,0,0,0,0,1,0,0,0,2,0,3,0,6,0,8,4,0,0,0,12,0,0,0,0,0,292,0,44,0,1,7,0,0,2,7,4,4,2,4,2,0,0,0
CON30__78872,0,0,0,0,0,0,0,0,0,0,0,0,0,0,0,0,0,1,0,0,0,0,0,31,2,0,0,0,4,0,0,0,0,0,9,3,0,0,0,0,0,0,0,0,0,0,0,0,0,0,1,0,0,0,0,0,0,0,0,0,0,0,0,0,0,0,390,1,0,0,0,0,1,0,2,0,0,0,0,0,0,0,5,0
CON30__86319,0,12,0,0,2,0,0,0,0,0,0,0,0,0,0,0,0,0,0,0,10,0,0,0,0,0,0,0,0,0,0,0,0,0,0,0,0,0,0,0,0,0,1,2,0,0,0,0,0,0,0,0,0,1,0,0,0,0,0,0,0,0,33,4,0,4,348,0,0,2,23,4,0,0,0,0,0,0,10,0,0,0,0,0
CON30__87665,16,0,13,10,7,0,57,4,0,10,355,127,13,9,19,5,0,53,0,184,223,0,72,38,2,4,1,13,4,0,0,6,13,36,0,0,0,0,2,2,69,40,36,0,0,0,26,0,0,0,2,23,31,0,1,3,1,0,0,2,45,14,59,1,133,5,1003,388,119,0,14,40,57,0,0,24,20,0,9,7,47,0,0,13
CON31__48385,11,185,7,20,14,0,62,79,337,9,147,0,110,1,254,2,15,57,247,0,145,28,103,13,22,348,88,183,196,17,0,216,25,0,169,8,12,92,11,564,6,9,0,0,29,0,517,792,0,13,3,2433,0,90,114,2,0,156,30,0,112,0,0,7,9,38,34,3234,331,19,85,7,441,493,39,7,39,85,92,8,39,0,24,26
CON31__53650,0,14,2,0,0,0,0,0,0,0,0,0,0,0,0,0,0,0,0,0,0,0,0,0,0,0,0,0,0,0,0,0,0,0,0,0,0,2,0,0,0,0,6,0,2,0,1,2,0,2,2,0,0,0,0,0,0,0,0,0,0,11,65,2,20,14,0,440,4,10,24,1,0,0,0,0,0,0,0,0,2,0,0,0
CON31__67138,0,71,6,0,42,10,0,0,0,0,0,0,0,0,0,24,0,0,0,0,2,0,0,0,0,0,0,0,0,0,0,0,0,16,2,0,0,0,0,0,0,0,57,0,65,3,4,0,0,1,4,0,0,94,0,7,6,3,0,0,7,3,43,4,1,10,20,40980,0,9,54,19,2,0,1,36,0,0,9,5,0,3,83,1
CON32__13019,0,2,16,16,0,103,0,0,0,0,2,0,0,11,183,0,0,1,0,0,0,0,0,0,0,0,3,0,1,0,0,0,2,0,0,0,0,0,0,0,29,0,0,0,2,10,0,0,0,0,0,0,0,0,0,0,0,0,0,0,0,0,0,0,0,1,11,2,375,0,0,0,0,1,0,0,0,0,1,6,0,0,3,2
CON32__14322,0,0,0,0,0,0,0,0,0,0,18,0,0,0,0,0,0,0,2,0,0,0,0,0,0,0,0,2,6,0,0,0,0,0,6,0,0,0,0,0,1,2,0,0,0,0,0,2,0,8,0,0,0,0,0,1,0,0,0,0,1,2,0,0,0,0,0,0,773,0,0,0,0,0,0,2,0,1,0,3,0,0,2,0
CON32__19720,37,16,8,175,11,271,0,0,0,0,10,33,0,8,33,0,7,0,0,0,148,0,5,2,0,0,0,9,13,3,0,0,82,0,0,83,2,1,0,0,5,1,37,0,8,1,2,0,11,0,0,1,16,0,2,17,23,0,0,0,11,0,17,2,0,0,43,2,2925,7,2,17,1,0,5,11,0,0,0,4,3,0,2,122
CON32__22342,0,0,0,0,0,1,0,0,0,0,3,0,0,0,0,28,3,0,0,0,0,0,5,0,0,0,0,0,0,0,4,0,18,0,0,2,0,0,0,0,0,2,0,0,6,2,0,0,22,0,0,1,0,0,0,2,9,0,0,2,0,3,0,0,0,2,2,0,333,0,0,1,0,1,1,0,2,0,0,1,0,0,0,0
CON32__25400,0,0,4,0,0,0,0,0,0,0,0,0,0,0,0,0,0,0,0,0,0,0,0,26,2,0,0,0,9,0,13,0,0,0,0,5,0,0,0,2,0,0,0,0,8,0,0,0,0,0,0,0,0,0,0,0,0,0,0,19,0,0,0,0,0,0,215,0,410,0,0,0,0,0,6,0,0,0,0,0,0,0,9,0
CON32__30458,43,2,96,30,57,191,582,0,43,2,186,171,10,359,44,6,124,499,26,0,19,6,8,71,0,8,0,193,3,0,0,106,81,261,0,2,54,2,0,2,45,3,143,4,0,8,6,0,0,8,0,0,1,2,0,12,49,1,0,3,14,8,203,13,12,9,70,17,941,0,3,0,30,0,3,9,17,0,13,6,16,8,35,87
CON32__35763,44,6,85,16,26,49,41,0,3,1,110,82,0,51,12,41,33,94,3,3,48,0,50,11,0,2,1,18,2,2,0,40,15,75,0,19,20,0,1,1,47,12,57,10,1,1,12,2,9,2,11,0,4,0,0,8,3,1,0,0,17,28,20,3,6,8,179,1,444,1,12,4,38,0,5,5,14,6,5,10,20,3,3,154
CON32__56105,0,0,0,0,0,5,0,0,0,0,0,0,0,0,0,0,0,0,2,0,1,0,0,0,2,0,0,0,2,0,0,0,1,0,0,0,0,0,0,0,0,0,29,0,0,2,0,0,0,3,0,0,0,6,0,0,0,0,0,0,0,0,0,0,0,0,0,4,612,0,0,0,0,0,0,0,0,0,0,0,0,0,0,0
CON32__56929,25,78,0,0,0,44,0,0,0,0,36,0,1,6,20,30,0,10,11,0,2,0,0,0,0,1,0,0,2,0,0,65,3,0,1,12,4,1,0,0,0,0,8,0,3,9,0,0,0,2,0,0,0,4,0,2,0,4,0,3,0,7,14,0,2,0,21,4,595,0,24,0,9,0,1,0,0,8,0,11,18,0,0,0
CON32__62268,227,0,2,9,0,57,10,3,7,0,108,1,6,1,46,19,0,191,0,0,3,0,1,13,0,0,1,0,0,0,0,0,3,1,8,6,0,1,0,0,17,17,0,2,1,0,0,0,0,6,10,0,11,0,3,15,0,1,2,0,8,1,4,0,3,0,773,0,1265,0,111,0,12,0,1,2,0,33,0,2,7,5,0,3
CON32__67931,1,0,0,0,0,0,163,0,10,4,0,59,0,61,18,0,1,4,4,0,40,0,0,4,0,0,0,63,3,0,0,0,0,0,0,0,2,0,0,0,0,0,0,0,0,0,0,0,6,0,0,0,0,0,0,1,22,0,0,0,0,2,22,0,0,2,5,0,335,0,0,0,0,0,0,4,10,0,0,1,0,0,4,2
CON32__69345,1,0,1,0,0,0,0,0,0,0,3,0,1,0,0,0,1,2,0,0,0,0,0,19,6,0,0,1,14,0,4,0,3,0,4,0,0,0,0,2,0,1,0,0,8,0,0,0,2,0,0,0,1,0,0,2,1,1,0,8,0,3,5,0,0,0,150,0,574,0,0,0,1,0,2,0,0,0,0,0,0,0,16,1
CON32__71748,0,0,0,0,0,0,0,0,0,0,0,0,0,0,1,0,3,0,0,0,0,0,0,0,0,0,0,0,0,0,0,0,0,0,0,0,0,0,0,0,0,0,0,0,0,0,0,0,0,0,0,0,0,0,0,0,0,0,0,0,0,0,0,0,0,0,0,0,4685,0,0,0,0,0,0,0,0,0,0,0,0,0,0,0
CON32__75016,24,2,12,9,10,6,59,2,18,0,98,99,8,1,3,12,19,30,0,80,142,0,51,34,0,3,2,4,1,0,0,22,25,15,0,2,1,0,0,1,50,48,8,2,0,0,5,0,0,2,1,7,7,0,0,2,50,0,0,0,17,6,258,2,73,4,574,397,733,0,5,30,17,0,0,7,14,0,9,0,32,0,0,23
CON32__82194,417,166,47,56,52,478,2,2,9,2,44,40,0,30,478,23,6,379,0,6,43,3,10,39,2,1,0,36,3,5,0,1132,19,44,0,422,47,0,0,0,80,9,7,81,2,3,3,0,16,63,27,0,54,19,0,79,0,3,4,1,472,13,34,0,3,4,1492,41,1439,2,19,5,13,0,16,9,3,18,18,12,14,2,5,35
CON32__84218,13,0,1,4,1,141,0,0,7,0,0,0,0,0,237,0,0,0,0,0,70,0,0,0,0,0,0,0,0,0,0,0,3,0,0,2,0,0,0,0,4,0,0,0,8,0,0,0,0,0,20,0,0,0,0,0,0,0,1,0,6,0,0,0,0,0,10,4,404,0,0,0,0,0,0,0,0,0,0,0,0,0,0,0
CON32__8800,0,0,10,0,0,16,0,0,0,0,48,0,0,0,1,0,3,1,0,0,0,0,0,0,0,0,1,0,2,0,0,0,0,0,0,0,6,0,0,0,15,2,20,0,0,0,0,0,0,0,0,0,0,2,0,0,3,0,0,1,0,0,0,0,4,0,3,0,620,1,0,1,0,0,0,7,2,0,0,1,0,0,0,0
CON34__10987,0,0,0,0,0,0,0,0,0,0,0,0,0,0,0,0,0,0,0,0,0,0,0,0,0,0,0,0,0,0,0,0,0,4,0,0,0,0,9,1,0,0,18,0,0,0,4,0,0,0,0,0,60,0,0,0,0,0,0,0,88,48,25,24,311,9,157,0,0,0,657,0,0,0,38,0,0,11,0,34,1,0,2,65
CON34__2332,164,38,25,13,22,10015,89,33,168,136,33,6,36,30,54,1229,65,6,10,0,20,39,46,115,189,279,58,39,76,93,124,54,40,9956,143,18,22,30,1,22,108,41,108,7,85,0,30,19,0,55,84,14,98,1079,12,62,17,37,71,20,109,6089,2,18,623,37,36,12,21,394,2519,28,59,32,16,26,35,67,76,57,60,62,39,51
CON34__3956,0,0,0,0,0,0,0,0,0,0,0,0,0,0,0,0,0,0,0,0,0,0,0,4,0,0,0,0,0,0,0,0,0,0,0,0,0,0,0,0,0,0,0,9,8,0,0,0,0,2,0,0,0,0,0,0,0,0,0,0,0,7,18,5,6,0,0,0,0,8,480,12,0,0,0,0,0,0,0,0,0,0,0,0
CON34__40685,0,16,2,4,103,0,0,0,0,0,0,0,0,0,0,0,0,0,0,0,0,0,0,0,0,0,0,0,4,1,0,0,4,0,0,9,0,2,0,0,2,0,1,1,4,0,0,2,0,6,0,0,0,8,0,4,0,0,5,0,0,25,58,1,17,12,0,0,0,17,481,40,2,0,0,0,0,0,219,4,75,0,17,0
CON34__473,30,19,19,0,0,0,312,77,159,68,10,0,37,81,3,0,6,0,518,0,2,0,123,8,0,148,12,8,32,66,0,10,6,52,4,28,28,6,0,38,6,33,0,0,22,0,16,3,0,30,0,53,25,8,10,0,0,16,24,0,0,0,0,105,0,50,194,2,17,0,645,363,12,16,4,32,2,0,0,32,0,0,274,109
CON34__8025,0,18,7,0,0,0,0,0,0,0,0,0,0,0,4,0,0,0,0,0,14,2,0,0,0,0,0,0,0,0,0,0,0,0,0,0,0,0,0,0,0,0,89,0,44,1,0,0,0,16,0,0,20,2,0,19,0,0,0,0,0,30,38,29,5,17,4,2,0,20,3082,37,293,0,11,2,0,4,9,116,14,0,4,2
CON35__38542,0,24,2,2,4,0,0,0,0,0,0,0,0,0,0,0,0,0,0,0,0,0,0,4,0,0,0,0,0,0,0,0,0,0,0,0,0,0,0,0,5,0,6,2,6,0,0,0,0,4,0,0,38,0,0,6,4,0,0,0,0,29,52,0,8,14,0,0,0,11,16,195,0,0,0,0,0,2,40,6,14,0,0,0
CON35__7412,0,0,0,3,0,14,0,0,0,0,3,0,0,0,0,0,0,0,0,0,0,0,0,0,0,0,0,0,0,0,0,0,1,0,0,0,7,0,0,0,0,0,0,0,0,0,0,0,0,0,0,1,0,0,1,9,15,0,0,0,2,0,18,0,0,0,0,0,1,2,0,216,0,0,0,15,0,3,2,0,0,0,0,7
CON36__20695,11,4,21,2,0,18,0,16,0,0,1,0,0,36,3,7,340,28,0,0,4,1,0,0,1,1,0,19,0,0,0,62,4,281,0,15,19,0,0,0,26,0,24,0,1,0,0,0,0,0,6,0,4,1,4,3,5,1,1,0,0,0,1,0,1,0,24,0,141,0,27,0,1046,0,1,2,1,0,1,6,3,6,2,9
CON36__86234,145,113,501,12,147,185,0,1,33,1,473,5,2,248,44,121,86,306,0,0,164,0,99,97,0,14,5,167,11,10,0,303,42,296,3,103,251,5,0,0,104,65,367,95,6,2,39,0,2,15,288,12,18,20,8,99,13,5,10,14,52,0,12,1,69,1,809,0,1073,8,152,27,1706,0,11,12,7,11,18,30,78,46,5,238
CON36__87622,1485,456,1454,204,1107,1139,0,26,227,29,2849,124,27,924,335,331,983,2557,43,2,823,0,583,371,9,86,39,709,92,53,7,2142,341,1862,10,443,322,11,0,4,629,221,1107,396,27,33,388,4,8,104,1407,46,85,58,23,146,36,56,23,65,348,159,125,8,275,24,4837,12,7254,7,502,100,3792,12,75,90,68,252,58,147,315,406,69,1647
CON37__18567,6,0,0,0,0,0,0,5,0,0,0,0,0,0,0,0,0,0,2700,0,0,0,0,0,0,0,0,0,73,0,0,0,0,0,14,0,0,1,23,0,0,0,0,0,76,0,19,0,0,0,0,0,0,0,0,0,0,237,0,0,0,0,0,0,0,0,0,0,0,21,0,0,0,547,0,0,0,0,0,0,0,0,0,17
CON37__39916,0,0,0,0,0,0,0,0,0,0,0,0,2,0,0,0,0,0,0,0,0,0,0,0,0,0,0,0,11,0,0,0,0,0,0,0,0,0,0,0,5,0,0,0,2,0,0,0,0,0,0,0,0,0,0,0,0,0,0,0,0,0,0,0,0,0,0,0,0,27,0,0,0,947,0,0,0,0,0,0,0,0,0,3
CON37__93791,154,0,0,0,0,0,0,0,0,0,0,0,0,0,0,0,62,0,0,0,21,0,0,404,0,15,0,8,65,0,0,207,0,0,3,0,102,0,0,0,0,0,0,0,31,0,181,0,0,0,0,0,0,16,8,0,0,0,0,0,41,0,0,0,0,0,13,0,195,0,25,0,0,2983,0,38,0,0,0,1,0,0,6,1
CON38__16154,711,242,14,14,196,4,122,105,365,20,415,0,576,0,291,0,28,36,368,0,299,109,215,50,77,144,89,103,395,710,0,512,18,0,82,10,36,58,28,648,32,19,0,5,48,4,1167,421,0,14,160,497,1,308,87,1,0,235,17,0,132,0,0,11,14,88,220,22,270,43,154,17,193,397,4113,60,106,40,77,17,55,0,40,90
CON38__26147,0,5,0,0,0,18,1,0,0,0,0,20,0,0,0,0,21,0,0,0,11,0,0,4,12,0,0,0,0,0,0,14,2,8,0,7,0,0,7,2,8,0,0,2,8,0,0,6,0,2,20,0,2,1,65,0,2,352,0,0,0,6,0,100,3,7,5,0,0,38,0,0,0,0,916,13,0,0,0,0,0,0,0,6
CON41__27547,2,6,6,0,0,5,0,0,0,0,12,80,0,4,3,0,13,5,0,0,7,0,5,0,0,0,0,32,0,0,0,0,562,0,0,0,0,0,0,2,14,3,4,0,0,0,0,0,0,0,0,0,0,0,0,2,4,0,0,0,12,2,16,0,0,0,62,1,0,0,0,2,0,0,0,9,8,626,0,1,10,0,0,235
CON42__60554,0,11,1,16,55,23,13,0,0,1,6,4,0,0,7,0,3,26,0,87,15,0,0,4,0,11,0,0,0,2,0,0,0,3,0,27,0,0,23,4,0,0,0,0,20,0,0,4,0,2,0,0,8,3,2,4,6,30,12,1,0,5,38,1,9,15,14,2,0,25,15,21,0,0,0,0,0,0,71165,5,6,0,4,0
CON43__13370,0,1,4,0,0,0,0,1,0,0,0,0,0,0,0,0,0,0,0,0,0,0,0,0,0,0,0,0,0,0,0,0,0,0,0,0,0,3,8,0,2,0,2,0,2,0,0,0,0,17,0,0,0,0,0,6,4,4,0,0,0,28,63,18,21,23,2,3,0,30,2,0,0,0,3,2,1,0,0,759,1,0,2,14
CON43__25730,0,2,0,1,0,0,0,0,0,0,0,0,0,0,0,0,0,0,0,0,0,0,0,0,0,0,0,0,0,0,0,0,0,0,0,0,1,0,0,0,0,0,0,0,4,0,0,0,0,0,0,0,0,0,0,0,0,0,0,0,0,47,264,5,22,110,0,0,0,51,14,5,0,0,12,0,0,0,5,554,2,0,0,0
CON43__49036,0,0,0,0,21,0,0,0,0,0,0,0,0,0,2986,2,0,0,0,0,135,0,0,0,0,0,0,0,0,0,0,0,0,0,0,0,218,0,0,0,0,0,0,2,94,0,0,1,0,0,0,0,0,0,0,0,0,0,0,0,0,0,5,0,2,2,0,0,0,4,0,0,0,899,0,0,0,0,0,3098,0,0,0,0
CON43__71541,0,48,100,0,9,9,0,0,2,0,0,36,0,67,6,1,0,0,3679,0,0,0,0,17,79,2,0,162,0,0,8,8,0,3,1,164,14486,1195,0,0,1,0,72,2,14,0,4,0,2,8,2,0,0,270,2,0,166,102,0,2,15,48,617,37,104,122,0,2,0,78,15,27,22,0,20,83,0,6,20,1875,23,61,17,64
CON43__88736,0,4,0,0,0,0,0,0,0,0,0,0,0,0,0,0,0,0,0,0,2,0,0,0,6,0,0,0,0,0,0,0,0,0,4,0,0,0,0,0,0,0,1,0,0,0,0,0,0,0,4,0,0,19,0,5,0,0,0,0,0,4,53,17,5,77,0,0,2,15,0,0,0,0,6,3,0,0,0,373,2,0,0,0
CON44__29119,77,22,70,5,1,74,0,5,17,8,258,0,0,129,13,31,44,190,0,0,70,0,6,20,2,8,0,59,6,1,0,114,19,460,3,18,52,0,0,0,80,9,33,5,6,0,38,1,0,2,119,2,8,0,7,5,3,0,6,2,20,1,4,0,8,2,381,0,539,0,60,16,181,0,5,7,5,4,8,3,514,6,5,97
CON44__73004,13,13,0,9,18,0,0,2,0,15,2,0,78,1,183,0,67,11,11,48,8,56,35,7,1,3,0,2,25,8,0,221,0,0,859,378,0,189,28,61,1154,15,0,0,75,0,324,17,21,5,0,0,7,0,5,0,0,7,16,0,211,0,0,35,2589,39,0,16,38,436,1,25,3,2,2,0,3,5,9,0,2576,110,1,48
CON44__73208,0,18,0,0,68,0,0,0,0,0,0,0,0,0,0,16,0,0,0,0,8,0,0,0,0,2,0,0,2,0,0,0,32,6,0,0,0,0,0,0,5,0,9,5,10,0,0,0,0,57,0,0,0,4,0,0,3,0,0,0,0,28,81,22,4,22,1,2,0,34,49,35,0,0,0,7,0,0,2,9,53463,0,0,0
CON44__73331,0,39,83,92,12,0,0,0,0,0,0,0,0,0,0,0,0,0,0,0,5,0,0,0,0,0,0,0,0,0,0,0,0,7,0,0,0,0,0,0,22,0,10,1,23,0,0,0,0,77,0,0,119,0,0,45,36,0,4,0,0,34,285,7,47,150,2,0,3,103,254,192,4,0,0,0,0,2,4,4,17156,0,35,1
CON46__60239,0,8,0,0,0,0,0,0,0,0,0,0,0,0,0,33,0,4,0,0,2,0,0,0,0,0,0,0,0,0,0,0,0,2,0,0,0,0,0,0,0,0,0,0,0,0,0,0,0,0,0,0,0,0,0,0,6,0,0,0,0,2,2,0,0,0,0,0,0,2,12,0,0,0,0,0,0,0,0,0,15,0,1717,0
CON46__87773,0,38,1,0,180,0,1,0,0,0,0,0,0,0,0,18,0,10,14,1,43,0,0,0,2,0,0,0,1,0,4,25,9,11,16,0,9,6,0,0,7,0,55,4,27,0,5,0,0,1,3,0,37,0,1,13,15,4,566,0,0,47,148,2,24,25,3,0,0,27,81,64,2,0,1,1,0,0,21,1,440,0,7355,0
CON47__18512,0,0,4,0,0,0,63,0,4,0,0,0,0,95,2,71,0,0,0,0,0,0,0,0,0,0,0,0,0,0,0,0,1,0,0,0,0,0,0,0,0,0,2,0,0,0,0,0,0,0,0,0,0,0,0,0,0,0,0,0,0,0,65,0,3,0,0,0,0,0,2,0,0,0,0,3,0,0,0,0,0,0,1,212
CON47__55906,2,1,11,0,0,0,0,0,0,0,0,0,0,0,0,0,0,0,0,0,0,0,0,0,0,0,0,0,0,0,0,0,0,0,0,0,0,0,0,0,0,0,13,0,0,0,0,0,0,0,0,0,0,0,0,28,0,0,0,0,2,916,283,16,144,107,128,1,3,24,0,0,0,0,5,0,0,53,0,183,20,0,22,81109
CON47__68241,0,0,0,2,6,8,4,0,0,0,0,10,0,0,2,3,0,0,0,0,0,0,0,0,0,0,0,0,4,0,0,8,0,0,0,0,0,0,0,0,0,0,0,0,0,0,0,0,0,0,0,0,0,0,4,0,0,0,1,0,0,0,2,0,0,0,0,0,0,0,4,0,0,0,0,4,0,0,0,0,1,0,0,279
CON47__69180,44,5,35,1,2,0,0,0,15,0,1,0,0,0,18,0,7,22,0,2,9,0,6,53,0,3,5,1,0,8,1,1,0,3,0,8,0,0,0,0,23,0,0,5,0,1,4,0,4,8,2,0,12,1,0,2,4,0,1,0,33,0,2,0,0,0,1020,4,278,3,0,2,0,0,0,10,0,7,6,6,18,8,0,932
CON47__72923,29,0,45,6,0,6,0,0,50,0,10,0,0,26,68,0,17,5,0,0,4,0,3,13,4,0,0,0,0,4,2,0,9,0,2,16,0,0,0,0,1,0,0,4,0,0,0,0,4,12,7,0,1,0,1,8,2,0,0,0,39,0,6,0,0,0,319,5,266,2,3,6,6,0,3,4,0,0,10,36,23,3,2,2691
CON47__75632,0,0,0,0,0,0,14,0,0,0,0,0,0,43,0,0,0,0,0,0,0,0,0,0,0,0,0,0,0,0,0,2,0,2,0,0,0,0,0,0,0,0,0,0,0,0,0,0,0,0,0,0,0,0,28,0,0,2,0,0,3,0,0,0,0,0,0,0,0,0,0,0,0,0,0,0,0,0,2,0,0,0,0,282
CON47__7973,0,0,13,7,0,1,24,0,0,0,0,0,0,0,4,0,0,0,0,0,0,0,0,0,1,0,0,0,5,0,0,20,0,0,0,4,0,0,0,0,0,2,0,0,0,0,1,0,0,1,0,0,0,4,1,0,0,0,0,1,0,0,0,0,0,0,1,2,1,0,0,0,1,0,1,2,0,0,0,0,1,0,2,312
CON4__10543,0,0,0,0,0,0,0,0,0,0,0,0,0,0,0,0,32,0,2,0,0,0,2,0,10,0,0,0,2,0,0,0,0,0,0,0,0,4,0,8,207,2,72,0,0,0,0,0,0,29,0,0,6,0,0,0,0,0,0,0,0,0,0,10,0,0,20,5,0,0,0,0,0,0,0,0,0,0,0,0,0,0,0,0
CON4__14781,0,0,0,0,0,0,0,0,0,0,0,0,0,0,0,0,0,0,0,0,0,0,0,0,0,0,0,0,309,0,0,0,0,0,0,0,0,0,0,0,2019,0,0,0,0,0,0,0,0,0,0,0,0,0,0,0,0,0,0,0,0,0,0,0,0,0,0,0,0,0,0,0,0,0,0,0,0,0,0,0,0,0,0,0
CON4__16143,0,32,0,0,25,0,0,0,0,0,0,0,0,0,0,0,0,0,0,0,2,0,0,0,2,6,0,0,0,0,2,0,0,0,0,0,0,2,0,0,195,0,1,2,0,0,0,0,0,68,0,0,4,2,0,0,0,0,0,0,0,42,20,2,11,18,2,0,0,15,20,20,0,0,0,0,0,0,0,0,2,0,0,0
CON4__43256,0,0,0,0,0,0,0,0,0,0,0,0,0,0,0,0,0,0,0,0,0,0,0,0,0,0,0,0,0,0,0,0,0,0,0,0,0,0,0,0,2021,2,0,0,0,0,0,0,0,0,0,0,0,0,0,0,0,0,0,0,0,0,0,0,0,0,0,0,0,0,0,0,0,0,0,0,0,0,0,0,0,0,0,0
CON4__55923,457,131,197,46,451,275,0,0,46,0,231,2,12,557,62,63,86,108,2,0,63,0,17,146,4,12,1,53,10,19,7,296,87,405,5,116,75,3,0,0,1098,16,181,52,6,4,18,2,4,30,382,5,9,11,8,23,6,15,6,24,10,4,29,2,13,0,578,2,798,0,84,21,352,0,12,28,15,44,12,21,41,47,26,317
CON4__8492,30,245,7,267,0,2,0,0,7,0,4,37,0,0,11,17,8,14,0,0,20,1,0,11,0,2,0,3,0,4,0,138,1,17,0,8,19,0,0,0,2038,42,1,0,2,7,1,0,8,1,287,0,0,0,5,1,0,7,0,0,11,1,6,0,4,0,260,3,17,0,0,0,38,0,0,3,0,1,0,2,5,0,0,13
CON4__94670,56,51,2,0,0,43,0,0,0,0,3,11,0,5,3,0,22,258,0,2,330,0,0,20,2,0,2,1,0,0,2,38,37,0,0,11,27,0,0,0,1195,4,0,5,3,0,1,0,0,0,5,0,1,0,0,6,4,2,2,1,11,0,17,2,0,0,32,0,20,6,1,10,11,0,0,0,3,0,2,1,7,0,0,47
CON5__103695,824,467,916,188,38,461,0,0,34,4,526,101,12,103,65,656,198,1408,9,0,37,2,501,149,12,19,25,877,10,0,1,1004,193,15,0,211,509,7,2,0,181,138,603,496,8,13,1,0,96,31,1796,0,11,16,0,78,0,28,1,14,54,7,34,0,21,2,406,3,4828,2,31,0,527,0,77,2,2,131,72,12,128,49,3,708
CON6__19195,0,40,17,0,13,0,2,1,0,0,0,10,0,0,0,0,0,1,42,0,5,0,0,2,3,0,0,13,1,0,5,2,102,29,2,3,107,5,0,0,2,0,5276,5,34,1,2,0,0,9,0,0,22,17,0,4,14,1,0,4,5,14,53,52,5,26,12,2388,2,27,15,6,0,0,1,3,0,2,2,28,0,0,26,0
CON6__26991,0,0,0,0,0,36,0,0,0,0,0,0,0,0,0,0,7,0,0,0,0,0,0,0,0,0,0,0,0,0,0,0,0,0,0,0,0,0,0,0,0,0,1968,0,0,0,0,0,0,0,0,0,0,0,0,0,0,0,0,0,0,0,0,0,0,0,0,0,0,0,0,0,0,0,0,0,0,0,0,0,0,0,0,0
CON6__31658,0,0,0,0,0,0,0,0,0,0,0,0,0,0,0,0,0,0,0,0,0,0,0,0,0,0,0,0,0,0,0,0,0,0,0,0,0,0,0,0,0,0,240,0,0,0,0,0,0,0,0,0,0,0,0,0,0,0,0,0,0,0,0,0,0,0,0,0,0,0,0,0,0,0,0,0,0,0,0,0,0,0,0,0
CON6__47390,0,0,0,0,0,0,0,0,0,0,0,0,0,0,0,0,0,0,0,0,0,0,0,0,0,0,0,0,0,0,0,0,0,2,0,0,0,0,0,0,0,0,5617,0,0,0,0,0,0,0,0,0,0,0,0,0,0,0,0,0,0,34,7,0,2,0,0,0,0,0,0,0,0,0,0,0,0,0,0,0,0,0,0,0
HF10__3047,0,13,16,0,0,13,0,12,0,0,0,4,0,0,3,4,0,0,0,0,0,0,0,0,0,0,6,0,0,6,0,0,0,0,6,0,0,24,8,2,2,6,3,1,2,0,0,0,0,4,1,0,3,0,2,6,28,22,0,0,0,14,68,22,16,27,0,2,0,19,3,3,0,0,2,38,4,0,3,58,3,22,3,35
HF10__69385,0,0,0,0,0,0,0,0,0,0,0,0,0,0,278,0,0,0,0,0,378,0,0,0,0,0,0,0,0,0,0,0,0,0,0,0,26,0,0,0,0,0,0,0,13,0,0,0,0,0,0,0,0,0,0,0,0,0,0,0,0,0,6,0,2,8,0,0,0,8,0,0,0,7,0,0,0,0,0,13,0,0,0,0
HF11__101063,0,0,27,2,0,0,0,0,0,0,2,3,0,0,0,14,22,0,0,0,0,0,0,0,0,0,0,0,0,0,0,14,0,674,3,7,1,0,0,0,10,1,1,0,1,2,0,0,2,0,131,0,0,0,13,0,0,2,0,0,4,0,0,0,0,0,38,0,16,0,0,0,76,0,1,0,0,0,2,1,10,0,2,0
HF11__113757,4,0,2,0,0,4,0,0,0,0,0,0,5,12,0,1,0,33,0,0,22,0,0,8,0,0,0,0,5,0,0,2,4,0,0,0,0,4,0,0,2,0,0,0,0,0,0,0,0,0,0,0,0,1,0,0,1,0,0,0,6,1,6,0,0,0,15,3,47,0,0,0,2,0,0,0,1,0,4,0,1,0,0,2
HF11__37751,23,0,0,10,0,0,0,0,4,0,0,100,2,50,2,2,0,163,0,0,21,0,1,2,0,0,0,21,2,0,0,6,5,0,0,0,0,0,0,0,0,0,2,0,0,0,0,0,0,1,0,0,6,0,0,0,0,4,0,0,2,0,24,0,0,0,207,4,11,0,1,0,0,0,1,5,7,6,3,0,0,0,0,8
HF11__38182,0,0,0,0,0,2,4,0,1,0,0,1,0,0,0,1,1,0,0,0,0,0,2,2,0,0,0,26,0,0,0,0,0,1,0,0,0,4,0,0,14,0,0,0,0,2,0,0,2,0,0,0,2,0,0,0,0,0,0,0,7,0,2,0,2,0,208,4,0,0,0,2,1,0,0,1,0,0,2,0,0,0,0,0
HF11__39768,0,0,0,0,0,0,0,0,0,0,0,0,0,0,0,0,0,0,0,0,0,0,0,0,0,0,0,0,0,0,44,0,0,0,0,0,0,0,0,0,0,0,0,0,0,0,0,0,0,0,0,0,0,0,0,0,0,0,0,0,0,0,0,0,0,0,0,0,0,0,0,0,0,0,0,0,0,0,0,0,0,0,0,0
HF11__53881,159,37,289,14,137,214,0,14,42,0,101,4,25,264,90,12,279,84,0,0,68,2,9,54,0,2,7,33,43,120,2,41,248,4,8,27,48,1,0,2,121,23,16,30,1,33,3,0,20,0,57,36,64,24,9,20,27,47,8,31,95,9,41,1,45,2,464,2,781,2,17,163,109,5,7,25,116,18,6,22,42,8,20,224
HF11__7762,0,0,0,0,0,0,1,3,0,0,0,1,0,0,0,0,0,0,0,0,0,0,5,0,0,0,0,0,0,0,8,0,0,0,1,2,0,0,0,0,0,7,0,0,0,0,0,0,0,0,0,0,1,0,0,0,1,0,0,0,0,0,0,5,0,0,0,0,0,0,0,0,0,0,0,34,0,0,0,2,0,0,0,0
HF12__46308,65,24,79,1,46,72,0,1,4,0,144,7,30,90,13,7,24,148,0,2,73,0,68,10,4,3,4,53,9,3,1,74,45,53,1,20,49,0,0,1,31,21,55,17,6,0,12,0,3,0,59,56,12,3,1,34,31,5,0,0,6,1,12,0,8,0,237,1,396,0,33,111,52,2,5,28,11,14,5,9,27,8,0,73
HF13__130702,0,0,0,0,0,92,0,0,0,0,0,0,0,0,0,0,0,0,0,0,0,0,0,0,0,0,0,0,0,0,0,0,0,0,0,114,0,0,0,0,0,0,0,0,1,0,0,0,0,0,0,0,0,0,0,0,0,0,0,0,0,339,7,2,2,4,0,0,0,4,0,1,0,0,0,0,0,2,0,0,0,0,0,0
HF13__56270,27,102,43,17,267,44,25,228,0,20,45,220,4,24,10,4,6,28,848,0,678,10,18,57,61,15,0,614,0,10,1349,21,779,135,6,98,1491,120,34,7,117,6,520,3,32,32,0,0,4,42,5,0,63,590,10,36,461,123,0,184,8,483,531,136,110,265,4,45,1,131,23,8,18,0,122,69,10,12,8,939,18,21,34,121
HF14__72355,3,0,0,0,0,126,0,0,1,0,0,0,98,0,0,0,0,3,0,0,0,171,0,34,1924,0,0,0,0,0,0,0,1,0,0,0,0,0,0,0,0,0,0,0,0,2,0,136,20,0,16,2,0,26,0,0,0,0,0,0,0,0,0,8,0,0,0,0,0,0,14,0,0,0,0,0,4,0,0,0,0,0,0,0
HF15__23649,232,32,224,16,21,327,0,0,31,2,317,0,2,148,27,90,71,275,1,0,75,0,20,53,0,14,0,82,10,4,3,186,21,329,0,43,37,0,0,0,75,13,280,43,0,8,51,0,12,11,279,9,12,5,2,22,12,8,4,4,22,2,12,2,31,1,426,2,1041,0,36,7,160,0,10,23,1,18,13,2,31,16,0,106
HF15__70868,167,172,430,66,15,35,708,23,484,38,28,267,272,3910,467,133,904,108,679,0,61,133,68,133,212,810,99,7,50,27,3,76,107,44,176,107,63,294,2,109,8,246,29,3,342,4,23,42,2,573,2,211,59,86,103,91,452,99,229,358,86,2,2,63,309,177,128,185,187,216,35,102,75,316,61,121,18,355,83,59,101,675,58,98
HF16__6620,14,362,66,0,0,0,248,0,0,58,52,0,6,0,9,0,0,0,0,0,0,0,32,6,0,0,7,15,3,16,0,171,25,0,4,0,26,6,0,0,8,0,0,0,18,0,0,2,0,12,74,15,13,0,2,0,0,0,4,0,21,0,0,1,2,0,37,2,26,0,29,0,23,0,19,6,124,0,6,2,12,63,0,0
HF17__64840,0,0,0,0,65,2,87,0,39,4,2,35,1,40,2,6,0,22,3,6,11,0,0,9,0,0,0,49,1,0,2,2,26,2,0,0,4,0,0,0,6,0,0,2,0,19,0,0,8,2,0,0,1,0,0,0,7,0,0,0,0,0,95,0,2,7,12,0,19,0,0,0,3,0,1,3,7,0,4,0,0,0,3,0
HF17__69944,462,0,0,0,0,0,0,0,30,0,0,0,0,0,0,0,0,0,0,0,0,0,0,0,0,0,0,0,35,0,0,0,169,0,2,0,0,0,2,0,2,0,0,0,0,0,0,0,0,0,0,0,0,0,0,0,0,0,0,0,0,0,0,0,0,0,6,0,10,0,0,0,0,0,0,0,0,0,0,2,0,0,37,291
HF18__23394,12,336,136,0,0,14,353,0,11,23,39,0,8,0,38,0,0,10,0,0,0,0,28,4,0,0,11,160,51,19,0,103,5,0,6,0,35,2,0,14,32,0,0,0,45,0,0,0,0,22,184,34,28,0,4,0,0,0,8,0,104,0,0,17,1,7,105,25,33,0,65,0,18,0,43,0,98,0,7,0,444,341,0,12
HF18__52113,0,109,37,49,147,119,0,0,0,0,0,0,0,0,10,4,0,0,0,323,24,0,0,4,2,0,0,0,382,3,0,1,182,2,0,0,6,4,2,2,44,0,42,5,38,0,1,0,0,143,0,0,55,4,84,38,7,1,951,3,0,72,226,0,47,82,39,48,3,68,175,173,2,87,8,0,0,37,1615,18,539,0,388,0
HF18__72032,0,0,0,0,0,0,0,0,0,0,0,0,0,0,0,0,0,0,0,0,0,3,0,0,0,0,0,0,1,0,0,0,0,0,0,0,0,0,0,0,0,0,0,0,0,0,0,0,0,0,0,3,0,0,0,0,0,0,0,0,0,0,0,0,0,0,0,0,0,0,0,0,0,0,0,0,0,0,0,0,0,0,0,0
HF1__43792,793,283,863,169,788,736,0,11,125,18,2958,50,16,1090,445,503,389,1392,12,10,507,0,129,245,8,18,14,420,53,80,4,1979,146,767,6,199,576,10,0,2,606,179,1453,203,28,16,63,2,59,55,181,33,40,50,7,103,71,40,13,30,206,10,120,6,139,7,3856,13,4875,0,199,87,574,10,31,99,42,161,39,51,164,87,83,942
HF21__86021,0,24,20,0,0,0,0,0,0,0,0,0,0,0,0,0,0,0,0,0,0,0,0,0,0,0,0,0,0,0,0,0,0,0,12,0,0,0,0,0,0,0,31,0,16,0,0,0,0,1,6,0,0,0,0,0,0,0,0,0,0,10,9,4,2,4,0,8,0,0,5,0,0,0,0,0,0,0,0,0,2,9,0,0
HF22__4444,156,67,420,33,34,141,17,8,31,0,428,5,1,64,26,76,74,285,30,5,77,1,63,105,7,11,7,145,119,24,1,86,171,0,16,42,21,0,0,0,37,22,500,44,4,17,15,0,15,118,267,8,7,39,1,29,5,18,2,21,18,22,32,0,32,0,158,0,3089,1,35,30,74,0,14,14,14,26,38,33,19,2,7,267
HF22__60398,0,0,0,0,0,0,0,0,0,0,0,0,0,0,0,0,0,0,0,0,0,0,0,0,0,0,0,0,0,0,0,0,0,0,0,0,0,0,0,0,0,0,0,0,0,0,0,0,0,0,0,0,32,0,2,0,0,0,0,0,0,0,0,0,0,0,0,0,0,0,0,0,0,0,0,0,0,0,0,0,0,0,0,0
HF22__66566,0,0,0,0,0,0,0,0,0,0,0,0,0,0,0,0,0,0,0,0,0,0,0,0,0,0,0,0,0,0,0,0,0,0,0,0,0,0,0,0,0,0,0,0,0,0,0,0,0,0,0,0,30,0,2,0,0,0,0,0,0,0,0,0,0,0,0,0,0,0,0,0,0,0,0,0,0,0,0,0,0,0,0,0
HF22__68673,0,0,0,0,0,0,0,0,0,0,0,0,0,0,0,0,0,0,0,0,0,0,0,0,0,0,0,0,0,0,0,0,0,0,0,0,0,0,0,0,0,0,0,0,0,0,0,0,0,0,0,0,17,0,0,0,0,0,0,0,0,0,0,0,0,0,0,0,0,0,0,0,0,0,0,0,0,0,0,0,0,0,0,0
HF26__86591,704,3136,226,1369,2076,13,928,1411,891,24,453,0,4993,97,2396,1,150,92,121,0,823,972,329,1183,264,783,799,498,507,926,285,583,643,207,566,11,495,427,14,2739,396,341,0,0,739,0,357,1495,0,110,54,1100,17,223,363,200,0,444,194,19,492,0,28,918,67,1266,700,100,121,61,101,287,1094,512,182,489,238,223,323,330,496,125,285,296
HF27__110837,5,226,0,231,0,3,1,0,3,0,1,1,0,6,4,0,0,50,0,0,32,0,9,7,0,0,0,0,0,0,0,12,1,0,0,0,3,0,0,0,4,4,0,0,0,1,0,0,2,2,4,0,2,0,0,0,0,0,0,0,2,1,3,0,0,0,1381,3,17,0,0,2,15,0,0,0,1,39,0,23,2,0,0,2
HF27__126317,718,155,35,810,4,129,0,0,0,0,5,59,3,14,71,5,59,369,0,0,84,1,13,14,0,2,0,21,5,1,3,20,185,4,0,79,24,0,1,2,97,15,50,2,105,21,1,0,14,1,1,0,49,0,1,34,10,0,0,0,114,44,22,3,4,4,230,14,646,5,4,12,11,2,8,4,6,27,10,8,0,1,2,135
HF27__129645,0,0,0,0,0,18,0,0,3,8,14,0,36,0,7,29,0,0,0,0,191,10,53,0,0,0,4,55,2,0,2,0,169,0,0,0,2,0,0,0,141,46,0,0,0,0,0,0,0,0,0,111,0,1,0,0,4,0,0,0,1,0,67,2,0,0,4,0,8,0,9,1,0,3,0,0,4,0,0,0,35,0,0,1
HF27__135661,0,0,0,0,0,0,0,0,0,0,5,0,0,0,0,0,0,1,0,0,0,0,0,0,0,0,5,0,15,0,0,0,0,0,0,0,3,0,0,0,0,0,0,0,0,0,0,0,0,0,0,0,0,0,0,0,0,0,0,0,1,0,2,0,2,0,12,0,0,0,1,0,0,0,0,0,0,0,0,0,2,0,0,4
HF27__43896,1,0,0,0,0,0,0,0,0,0,0,0,0,0,0,0,0,9,0,0,0,0,0,0,0,0,6,0,5,0,0,0,0,1,0,0,0,0,0,0,0,0,0,0,0,0,0,0,0,1,0,0,0,0,0,0,1,0,0,0,0,0,0,0,0,0,8,1,1,0,0,0,0,0,0,0,0,0,0,0,0,0,0,2
HF27__44871,0,0,0,0,0,0,0,0,0,0,0,0,0,0,0,0,0,0,0,0,0,0,0,0,0,0,15,0,14,0,0,0,0,0,0,0,0,0,0,0,0,0,0,0,0,0,0,0,0,0,0,0,0,0,0,0,0,0,0,0,0,0,0,0,0,0,1,0,0,0,0,0,0,0,0,0,0,0,0,0,0,0,0,8
HF27__66055,0,0,3,0,0,5,0,0,0,1,11,0,20,0,2,8,5,1,0,0,16,0,6,0,0,0,0,4,0,0,0,0,38,0,0,0,0,0,0,0,31,7,0,0,0,0,0,0,0,0,1,29,1,1,0,0,5,0,0,0,0,0,34,4,0,0,12,0,1,0,0,4,0,2,0,8,4,0,1,3,17,0,0,4
HF27__66822,0,0,0,0,1,0,0,0,1,0,0,0,0,4,0,2,2,1,0,0,0,0,6,1,0,1,0,0,0,0,0,1,22,0,0,0,0,1,0,0,0,0,0,0,0,2,0,0,0,0,0,0,0,0,0,0,0,0,0,0,2,0,9,0,0,0,2,1,0,0,2,1,1,0,0,0,0,0,0,0,10,0,0,11
HF27__6829,0,0,0,0,0,0,0,0,1,4,11,2,18,0,3,0,0,0,0,0,56,0,10,0,0,0,0,11,0,0,0,0,55,0,0,0,0,0,0,0,46,17,0,0,0,0,0,0,1,0,0,12,0,0,0,0,0,0,0,0,0,0,16,0,0,0,0,0,4,0,4,3,0,1,0,0,2,0,0,0,5,0,2,1
HF27__73342,0,0,0,0,0,42,0,0,0,0,3,0,0,0,4,0,0,0,3,0,0,0,0,4,0,0,0,15,0,0,9,2,15,0,0,2,1,0,0,0,12,9,0,0,0,1,0,0,1,0,0,6,0,3,0,3,21,0,0,0,0,0,0,0,0,0,14,0,8,0,1,21,0,0,0,5,8,0,0,4,9,0,2,9
HF27__93109,2,0,0,1,0,0,0,0,0,0,1,0,0,0,0,0,0,4,0,0,0,0,0,6,0,0,4,0,7,1,0,0,2,0,0,0,0,0,0,0,0,0,0,0,0,0,0,0,0,0,0,0,0,0,0,0,0,0,0,0,0,0,1,0,0,0,1,8,0,0,0,0,0,0,0,0,0,0,0,0,0,0,0,1
HF27__96853,1,14,33,0,2,23,10,151,0,0,0,0,0,6,6,3,2,0,0,0,44,0,0,4,0,4,0,3,0,2,459,0,0,0,0,9,8,11,0,3,2,0,51,2,2,0,0,0,0,5,1,0,2,5,0,23,9,9,0,0,0,39,265,18,35,64,0,1,0,58,2,0,0,0,3,8,0,4,9,218,2,3,3,132
HF28__108909,0,70,2,0,119,0,0,0,0,0,0,0,0,0,0,3,0,0,0,34,1,0,0,0,0,0,0,0,2,0,0,0,6,8,0,2,0,8,0,0,9,0,3,14,8,1,0,0,0,33,0,0,2,14,0,0,5,0,0,0,2,82,78,0,15,21,4,0,0,50,44,107,0,8,0,0,0,0,6,1,5,0,3,1
HF28__18937,0,0,0,0,0,0,0,0,0,0,0,0,0,0,6,0,324,0,0,0,0,95,0,0,0,0,0,0,0,0,0,220,0,0,63,170,0,29,0,120,2,0,0,0,468,0,0,0,0,0,0,0,0,0,0,0,0,0,0,0,311,0,0,0,3,0,0,0,0,39,0,0,0,0,0,0,0,0,0,0,0,0,0,0
HF28__68916,0,17,0,91,0,52,0,0,0,0,0,0,0,0,0,0,0,0,0,157,0,0,0,0,0,0,0,0,0,0,0,0,0,22,0,0,6,0,0,0,0,0,0,2,171,0,0,4,0,0,0,0,0,0,0,0,0,0,25,0,0,8,42,0,7,9,18,0,0,23,39,56,0,0,0,0,0,0,1877,6,5,0,18,0
HF29__26223,0,22,20,0,0,0,0,0,0,0,0,0,0,0,0,0,0,1,0,0,1,0,0,0,0,0,0,0,1,0,0,8,1,2,4,0,0,0,0,0,0,0,16,0,16,0,0,0,0,0,0,0,3,237,0,1,1,0,0,0,0,0,19,8,3,7,6,0,0,6,23,8,0,0,0,0,0,0,7,0,0,0,20,1
HF29__29947,0,0,0,0,0,0,0,0,0,0,0,0,0,0,0,0,0,0,0,0,0,0,0,0,0,0,0,0,0,0,0,0,0,0,0,0,0,0,0,0,0,0,0,0,0,0,0,0,0,0,0,0,0,0,0,0,0,0,0,0,0,0,0,2,0,0,0,0,0,0,0,0,0,0,0,0,0,0,0,0,0,0,0,0
HF29__30629,0,7,5,0,0,0,0,0,0,0,0,0,0,0,0,0,0,0,0,0,0,0,0,0,0,0,0,0,0,0,0,0,0,0,0,0,0,0,0,0,0,0,86,0,2,0,0,0,0,0,0,0,6,0,0,4,2,0,0,0,0,1,16,25,0,8,0,2,0,19,4,0,0,0,0,0,0,0,0,5,0,0,4,0
HF29__36428,0,0,0,2,0,0,0,0,0,0,0,0,0,0,0,0,0,0,6,0,0,13,0,0,0,2,0,0,0,0,0,0,0,0,1,13,3,2,0,0,0,10,0,0,2,0,0,0,0,0,0,0,0,0,0,0,0,0,0,0,0,0,0,0,0,0,0,0,0,0,0,0,0,0,0,1,0,0,0,0,0,0,0,0
HF2__25841,38,0,0,0,0,0,0,2,0,0,0,0,0,0,0,0,13,0,0,0,7,0,0,165,0,10,0,18,89,0,0,137,0,0,21,0,26,0,0,0,0,0,0,0,48,0,78,0,0,0,0,1,0,30,2,0,0,10,0,0,56,0,0,0,0,0,23,0,71,0,6,0,1,770,0,20,0,0,0,0,0,0,18,0
HF30__18734,6,279,12,1,1047,5,11,3,0,7,160,52,0,0,0,5,1,11,499,0,382,1,1,6,11,0,6,89,0,3,1196,396,131,21,0,19,275,80,1,7,56,7,301,20,199,3,3,7,0,127,5,0,282,105,43,288,435,5,1882,23,1,286,587,107,137,258,145,295,7,266,196,347,14,0,59,22,2,4,3284,209,862,1,43,16
HF31__6557,0,1184,55,1587,685,366,109,2,0,6,0,0,521,0,517,0,0,0,44,0,0,6,352,27,366,0,0,0,13,1116,0,706,934,0,148,4,0,75,534,257,532,618,0,0,0,4,236,0,0,105,0,1080,2,0,2,0,2,102,1,0,0,0,0,573,0,0,380,0,22,148,0,57,152,0,830,12,125,0,4,4,0,0,6,536
HF31__71275,10,7,255,15,0,0,127,9,44,486,0,0,36,144,0,0,12,1,0,0,0,0,76,0,0,13,9,0,15,85,0,0,1,0,1,5,4,0,0,25,23,36,0,0,4,0,59,0,0,25,0,425,43,0,9,0,0,0,17,0,0,0,0,43,0,0,22,20,2,0,0,0,14,1,22,2,0,0,0,0,0,0,14,14
HF32__25045,27,0,24,2,0,4,0,2,3,0,3,6,0,7,0,0,40,0,0,0,1,0,0,0,0,0,0,0,0,0,0,2493,71,11,2,0,0,26,0,0,0,0,41,0,0,11,0,0,10,0,510,0,0,0,0,0,0,15,0,0,1,0,0,0,0,0,5,1,3,0,1,1,161,0,1,0,0,0,0,14,1,0,4,19
HF32__28561,0,0,6,0,0,0,0,22,0,4,0,172,0,58,51,9,0,0,0,0,0,0,0,20,0,0,3,0,0,0,0,0,0,0,0,5,0,5,0,0,0,0,4,0,0,0,0,0,2,1,0,0,0,0,0,2,10,8,0,0,24,5,27,7,10,10,0,2,0,3,0,0,0,0,0,4,2,0,83,4,0,0,8,13
HF32__28961,0,19,1,17,36,170,0,0,0,0,0,0,0,0,0,3,0,3,0,2517,2,0,0,0,0,0,0,0,67,1,0,1,23,17,0,0,84,0,1,0,3,0,5,2,65,0,0,0,0,25,0,0,7,59,11,15,6,0,135,1,0,8,34,1,6,14,298,45,0,18,38,59,2,29,0,0,0,2,2873,29,90,2,44,0
HF32__38809,0,142,67,0,0,0,4,0,0,97,6,0,6,0,100,0,0,0,0,0,0,0,0,0,0,0,2,6,0,2,0,170,0,0,0,0,29,0,0,0,2,0,0,0,3,0,0,0,0,0,3,10,6,0,1,0,0,0,4,0,0,0,0,0,0,0,13,0,37,1,2,0,3,0,115,0,6,0,0,0,0,28,0,4
HF32__40475,0,11,0,0,171,0,0,0,0,6,0,0,0,0,0,1,0,0,0,0,0,0,0,0,0,0,0,0,4,0,0,0,0,0,0,0,0,0,0,0,0,0,0,0,1,0,0,0,0,11,0,0,0,2,0,0,0,0,0,0,0,3,23,2,5,5,1,0,0,18,9,10,0,0,0,0,0,0,2,14,8,4,0,0
HF32__41880,0,1,0,0,21,0,0,0,0,0,0,0,0,0,0,3,0,0,0,0,2,0,0,0,0,0,0,0,0,0,0,0,0,1,0,1,0,0,0,0,0,0,0,0,1,0,0,0,0,24,0,0,2,0,0,0,0,0,0,0,0,34,73,12,8,25,0,0,0,28,3,15,0,0,0,0,0,0,319,0,18,0,0,0
HF32__8300,0,115,4,4,6,0,0,0,0,0,0,0,0,0,0,146,0,8,0,1,19,0,0,45,0,0,0,0,29,2,0,0,1,0,0,0,0,22,0,0,2,0,17,3,8,0,2,4,0,817,0,0,0,0,30,0,34,21,0,0,6,38,375,4,73,230,1,128,14,165,111,17,2,2,2,0,0,3,11,0,9,0,4,0
HF34__111609,299,22,15,554,17,178,0,0,0,0,0,6,0,12,34,1,29,1,0,0,73,0,6,0,2,0,0,2,0,0,2,0,73,0,1,56,3,0,0,0,11,2,14,0,11,0,0,0,11,0,6,3,23,0,0,77,11,0,0,1,232,0,41,0,0,1,168,4,276,0,0,11,0,1,14,2,2,0,4,5,1,0,0,109
HF35__45179,21,56,5,17,1241,68,30,40,0,104,118,1203,2,0,73,13,4,63,963,0,67,50,6,25,210,38,9,607,0,34,1951,11,1243,1172,4,207,1443,602,330,37,317,47,741,1,18,13,0,8,4,27,90,0,78,1023,10,58,1062,91,5,379,12,362,296,58,60,158,2,9,7,85,102,0,0,0,562,117,65,0,7,136,2,2,44,112
HF36__13316,12,13,2,0,54,4,1,15,0,2,3,16,14,0,3,0,7,28,142,0,30,1,0,14,16,0,0,14,0,4,221,1,167,170,1,19,208,48,51,2,4,0,26,0,3,0,0,0,0,8,2,0,24,27,109,7,53,447,2,2,4,23,27,33,8,10,10,2,2,39,18,0,1,0,11,18,11,0,1,24,0,0,11,24
HF37__10748,0,0,3,0,0,2,0,0,2,5,22,1,10,3,20,30,2,0,0,0,144,7,65,0,0,0,2,55,1,0,0,0,85,0,0,0,0,0,0,0,111,44,0,0,0,0,0,0,0,0,2,81,0,0,0,1,2,0,0,0,0,0,87,3,0,0,6,0,4,4,7,0,0,4,0,2,1,1,0,3,75,0,0,3
HF37__19724,152,9,808,70,175,596,649,1,28,12,363,331,8,484,42,53,306,508,29,36,93,4,102,18,11,8,0,138,13,0,2,299,141,605,0,12,104,3,0,3,156,17,191,31,0,15,9,4,5,10,2,4,8,5,2,16,46,7,2,5,14,6,290,1,47,0,514,102,297,3,19,15,52,2,3,23,13,8,26,21,41,26,11,381
HF37__20036,0,2,2,0,0,4,0,0,0,0,0,1,3,64,0,0,0,8,0,0,16,3,2,0,0,2,0,0,0,0,0,4,1,0,0,0,0,0,0,0,27,14,0,0,0,0,0,0,0,2,2,0,0,0,0,0,0,0,0,1,0,2,6,2,9,0,9,3,3,2,0,6,0,0,0,0,0,0,0,0,2,2,0,7
HF37__21884,0,2,0,0,2,0,0,0,0,0,0,0,0,0,0,0,0,0,0,0,0,0,0,0,0,0,0,0,0,0,0,0,4,0,0,0,0,0,0,0,0,0,0,0,2,0,0,0,0,0,0,0,0,0,0,0,0,0,0,0,0,4,9,0,0,5,0,0,0,0,2,6,0,0,0,0,0,0,0,4,0,2,0,0
HF37__26086,11,14,25,1,17,57,11,0,1,0,150,19,0,48,20,3,3,45,5,3,37,0,3,11,1,0,0,36,2,13,0,13,71,32,3,6,4,0,0,0,46,12,16,1,2,6,4,0,0,1,9,0,1,8,0,9,30,0,0,1,73,20,38,1,2,0,75,8,133,0,11,21,15,0,1,10,10,8,0,14,18,1,5,54
HF37__32760,4,0,0,0,0,27,0,0,1,13,18,0,55,46,9,4,5,2,0,0,115,12,153,3,0,0,2,90,4,37,0,2,111,0,3,0,0,0,0,0,92,19,0,0,0,0,0,0,0,0,2,108,0,4,1,0,2,0,0,0,3,0,119,2,0,0,3,0,39,0,9,11,0,5,0,9,1,0,1,3,109,0,0,15
HF37__37838,268,33,57,0,0,572,0,0,0,0,193,0,0,636,36,230,109,649,14,0,130,3,0,124,1,21,0,3,32,0,1,567,12,8,0,33,823,2,0,1,1,35,78,99,0,33,0,2,1,51,16,22,0,12,2,14,65,19,0,15,0,23,108,0,140,0,915,7,580,0,144,10,37,0,26,56,0,52,5,53,103,137,20,4
HF37__48934,0,0,0,0,0,0,0,0,7,0,4,0,1,0,3,0,1,0,0,1,51,0,17,4,0,0,0,3,0,0,0,1,0,1,0,0,0,0,0,0,0,1,0,0,0,0,3,0,0,0,0,0,0,0,0,0,0,0,0,0,0,0,0,1,0,0,1,1,3,0,1,0,4,0,0,1,0,0,2,0,0,0,0,0
HF37__53203,697,383,948,175,441,576,17,8,126,6,1589,111,3,577,174,1230,327,1487,12,7,470,8,354,193,2,47,12,310,45,36,4,1079,251,1450,5,365,288,5,0,1,480,137,783,222,20,12,154,1,286,61,575,17,51,13,21,69,23,17,6,22,149,7,30,4,101,0,2327,8,3987,5,222,68,940,15,44,54,27,112,46,61,155,75,35,832
HF37__8889,6,0,0,0,0,1,1,0,0,0,2,0,19,40,0,8,37,4,0,0,92,0,0,8,1,0,0,37,0,0,0,0,2,0,0,0,0,0,0,0,0,0,0,0,0,0,7,0,0,0,0,0,0,0,0,2,0,0,0,0,2,1,12,2,0,0,3,0,0,0,0,0,3,0,0,0,0,0,2,0,4,4,0,18
HF38__1166,0,7,0,0,0,0,0,0,0,0,0,0,0,0,0,0,0,0,0,0,0,0,0,0,0,0,0,0,2,0,0,0,0,0,0,0,0,0,0,0,0,0,13,0,10,0,0,0,0,0,0,0,0,1,0,0,2,0,0,0,0,0,7,3,0,3,0,0,0,0,0,3,0,0,0,0,0,0,12,7,0,0,1,0
HF38__2035,0,6,3,2,0,12,0,0,0,0,0,0,0,0,0,0,0,0,0,0,0,0,0,0,0,0,0,0,0,0,0,0,0,0,0,0,0,0,0,0,0,0,1,0,3,0,0,0,0,2,0,0,0,0,0,4,3,0,0,0,0,3,22,0,0,6,0,1,0,2,4,15,4,0,0,0,0,0,4,2,0,0,1,0
HF38__3530,0,11,0,0,0,0,0,0,0,0,0,0,0,0,0,0,0,0,0,0,0,0,0,0,0,0,0,0,0,0,0,0,0,8,0,0,0,0,0,0,0,0,0,0,9,0,0,0,0,0,0,0,0,1,0,0,0,0,0,0,0,0,8,0,0,6,2,0,0,4,4,1,0,0,0,0,0,0,1,0,0,0,3,0
HF39__74434,80,711,0,89,24,16,4,0,2,0,3,7,1,11,14,10,4,506,0,0,14,0,2,16,2,1,0,1,0,0,0,80,11,0,2,1,189,0,0,2,10,181,5,0,0,2,1,2,7,0,4,0,4,0,0,2,0,0,2,0,5,16,30,1,0,0,195,3,15,0,14,0,4,0,0,0,0,25,1,0,4,0,0,28
HF39__93194,0,0,0,0,0,0,0,0,0,0,0,0,11,0,0,0,11,0,0,0,0,0,0,0,0,0,0,0,0,0,0,0,0,0,0,0,1,0,0,0,0,9,0,0,0,0,0,0,0,0,0,0,0,0,0,0,0,0,0,0,0,0,0,0,0,0,0,0,0,0,0,0,0,0,0,0,0,0,0,0,1,0,0,0
HF3__84953,0,2,0,0,0,0,0,0,0,0,0,0,0,0,0,3,0,1003,0,6,3,22,22,0,8,0,0,0,7,5,0,0,0,0,0,0,0,0,0,0,0,0,0,0,0,0,0,0,0,0,0,0,0,454,0,0,0,0,0,0,0,0,0,0,0,0,0,2,0,0,0,0,0,0,0,1,0,43,0,0,0,26,4,0
HF3__87587,0,0,0,0,0,0,0,0,0,0,0,0,0,0,0,0,0,0,0,0,0,0,2,0,0,1,0,0,0,0,0,11,0,0,0,0,0,0,0,0,0,0,0,0,0,0,0,0,0,0,0,2,0,0,0,0,0,4,102,0,102,0,0,0,4,0,0,1,0,0,0,0,2,0,0,0,86,0,0,0,0,0,0,0
HF40__21762,465,114,417,447,38,0,728,137,34,19,9,11,184,24,81,0,13,13,373,0,0,39,1477,122,13,45,588,7,214,528,0,847,153,19,53,34,43,70,16,0,23,59,71,0,91,3,20,342,0,20,1,17,41,6,131,0,4,49,18,197,277,0,0,39,6,208,30,4,1908,44,14,68,84,233,4,0,191,116,101,17,48,0,144,70
HF47__17258,9,8,41,257,1,25,9,12,323,1557,2,0,538,86,123,19,10,6,154,0,98,23,54,29,228,14,123,30,15,3,1,13,243,0,9,23,54,16,4,7,5,9,1,0,142,0,76,9,0,1,0,20,74,8,853,6,35,6,5,28,88,0,11,8,238,915,34,3,14,439,8,74,7,178,5,0,0,36,12,57,27,39,3,84
HF48__31437,44,39,62,30,0,0,244,48,50,154,50,0,773,56,16,0,91,167,127,0,36,38,111,144,30,32,257,35,27,472,0,663,8,2037,35,494,91,14,0,49,20,28,0,0,14,9,16,19,0,99,0,288,24,31,358,33,0,2,35,27,0,0,0,40,0,13,78,7,42,30,1587,57,26,96,6,112,0,0,8,151,0,0,56,50
HF5__20927,0,87,7,2,16,0,0,0,0,0,0,0,0,0,0,6,0,0,0,0,4,0,0,0,0,0,0,2,1,4,2,0,0,19,1,3,0,4,0,0,82,0,37,12,24,0,0,0,0,4,2,0,0,0,0,12,0,0,0,0,0,180,51,1,11,14,2,0,2,25,58,66,0,0,0,0,0,0,49,2,2,0,0,2
HF5__86068,0,2,0,0,6,0,0,0,0,0,0,0,0,0,0,0,0,0,0,0,0,0,0,0,0,0,0,0,0,0,0,0,4,0,0,0,0,0,0,0,0,0,0,0,1,0,0,0,0,0,0,0,0,0,0,0,0,0,0,0,0,4,1,0,0,0,0,0,0,0,10,2,0,0,0,0,0,0,0,0,3,0,0,0
HF5__87494,0,16,0,0,67,0,0,0,0,0,0,0,0,0,0,15,0,0,0,0,7,0,0,0,2,0,0,0,4,0,0,0,4,5,0,27,2,3,0,0,18,0,8,1,9,0,0,0,0,17,0,0,0,39,0,0,1,0,0,0,0,44,104,2,10,17,2,0,0,28,79,29,1,0,2,0,0,0,0,11,0,0,0,0
HF6__8951,4,3,17,35,1,0,2,281,0,5,0,0,1,0,0,701,22,11,5,27,119,0,0,15,0,10,10,12,2,491,0,3,0,33,0,12,5,5,31,15,59,0,32,5,0,0,37,47,10,0,160,5,0,30,12,205,0,8,11,28,0,0,0,0,456,23,18,12,30,2,103,120,0,11,26,33,149,31,10,1,0,0,83,1
HF7__1727,0,0,6,0,0,0,0,0,0,0,0,0,0,0,0,0,0,0,0,0,0,0,0,0,0,0,0,0,0,0,0,0,0,0,0,0,0,0,0,2,0,0,6,0,0,2,0,0,0,0,0,0,0,0,0,41,0,5,0,0,3,1581,484,20,249,197,40,0,22,40,23,0,0,0,2,0,0,78,1,19,1,0,0,3321
HF7__46258,0,0,42,0,0,12,0,0,5,2,392,0,0,4,0,0,1,3,2,0,1,0,0,0,9,0,1,0,9,0,0,2,8,0,0,0,0,0,0,0,0,0,340,0,0,8,0,0,0,19,0,0,0,18,0,0,0,3,0,7,8,6,3,0,0,0,1,0,93,0,0,0,0,0,0,0,0,0,4,12,0,0,3,1
HF7__53524,0,3,25,0,0,0,0,54,0,0,0,0,0,0,2,0,0,0,0,0,0,0,7,2,0,0,0,0,0,1,0,0,0,0,1,0,0,6,0,0,0,0,62,4,0,0,0,0,0,11,0,0,0,10,0,2,147,0,0,0,0,39,114,21,18,80,0,2,0,40,0,0,0,0,2,13,0,0,0,6,0,2,15,53
HF7__74558,0,0,532,0,0,19,73,0,0,1,520,1,0,12,1,0,12,2,0,2,34,0,7,7,5,0,1,1,8,1,0,10,111,2,0,0,0,5,0,1,13,29,369,0,2,4,3,0,1,22,0,0,0,5,0,1,4,2,1,7,27,5,18,2,3,0,32,0,154,1,1,49,4,0,0,7,59,5,2,6,8,0,0,25
HF9__167,0,2,6,0,0,16,16,8,0,0,0,0,0,0,11,0,0,0,0,46,0,0,23,0,1,0,0,2,9,0,0,15,2,30,0,0,30,0,0,0,0,0,1,0,0,0,0,0,0,0,0,0,0,1,0,0,0,0,0,0,6,0,0,0,0,0,14,0,5,0,3,0,2,0,0,5,2,0,8,0,0,0,0,1
HF9__35736,659,175,216,73,102,844,42,39,988,157,123,5,451,94,129,1057,1104,201,145,0,281,330,603,349,407,179,131,321,186,569,672,628,482,232,355,39,263,131,27,603,178,102,0,0,261,1,451,18,6,109,37,900,646,551,459,289,2190,104,98,534,481,3570,0,74,354,45,316,1740,949,540,184,222,275,88,292,2671,212,385,588,153,113,681,85,28
HF9__8746,0,0,1,0,0,0,6,5,4,0,5,25,0,0,2,0,0,7,0,158,5,0,2,0,0,2,0,0,1,0,0,4,4,2,0,0,6,0,0,2,0,0,0,0,0,0,0,0,0,0,0,0,0,0,1,0,0,0,0,2,0,0,0,0,0,0,29,6,1,0,0,2,0,0,0,1,2,0,4,0,0,0,1,1
MI10__1204,23,0,0,9,191,2,0,0,23,1,1,31,7,3,2,0,42,159,25,0,0,0,11,7,0,0,1,8,7,4,0,11,111,2107,0,0,19,3,0,5,2,0,0,5,2,69,5,0,2,0,0,0,17,0,0,6,0,29,1,1,38,11,180,0,29,0,17,4,12,0,7,0,11,0,7,0,0,0,12,0,8,1,0,0
MI10__12940,4,0,6,0,103,7,0,0,6,0,0,25,0,0,0,0,15,0,11,0,0,0,8,0,0,0,0,5,0,0,0,2,48,457,0,0,24,1,0,0,1,0,0,6,4,23,1,0,4,2,0,0,0,0,0,4,1,6,0,0,8,0,30,0,20,0,0,0,3,0,0,0,0,0,0,0,0,0,18,0,0,0,2,2
MI10__13245,33,0,12,2,0,1,2,1,0,0,11,5,0,18,3,0,1,35,0,0,0,0,3,5,0,0,0,3,3,0,0,10,13,247,0,0,6,3,0,0,6,1,3,0,0,1,0,0,0,0,0,0,0,2,0,0,0,0,0,0,0,0,6,0,1,0,12,17,10,0,4,0,1,0,0,0,0,0,0,2,2,0,0,8
MI10__14267,6,7,72,204,0,14,2,0,5,0,2,56,1,71,4,2,6,5,0,0,99,0,25,18,0,2,0,4,0,0,0,1,2,1464,5,0,14,8,0,0,51,3,1,0,0,0,0,1,4,2,2,0,0,0,0,0,1,0,8,0,6,3,6,2,19,0,20,4,4,0,0,8,3,0,0,0,0,0,2,2,2,8,0,28
MI10__17656,9,2,55,4,10,42,0,0,4,0,0,0,11,296,2,2,44,44,0,0,5,0,45,8,1,0,0,27,2,0,0,7,26,3144,0,0,19,4,0,0,11,0,1,5,0,0,44,0,0,10,0,0,0,0,0,0,0,1,0,0,0,0,15,0,2,0,0,4,41,0,0,1,0,1,0,0,0,0,3,4,0,0,0,44
MI10__22036,7338,3147,59,579,2323,3,2946,660,595,268,374,0,2471,373,2114,1,831,1088,1247,9,9142,915,2910,3818,4420,794,1084,37,2124,4857,2,1080,3113,10526,7214,269,1136,676,1311,62,910,470,15045,0,518,0,3242,3485,2,5349,5,1183,0,6783,2055,0,1927,1300,2473,0,882,0,0,738,379,1830,5445,121,2071,5772,5,1056,585,3205,1298,0,5475,860,529,297,672,0,1204,881
MI10__40910,0,0,0,0,0,0,0,0,0,0,0,0,0,0,0,0,0,0,0,0,0,0,0,1,0,0,0,0,0,0,0,0,0,1175,0,0,0,0,0,0,0,0,0,0,1,0,0,0,0,0,0,0,1,0,0,0,19,0,0,0,0,0,5,0,0,2,0,0,0,1,4,21,0,0,0,0,0,0,0,0,0,0,0,0
MI10__42279,9,34,8,0,253,20,14,64,0,22,13,216,0,8,8,0,4,32,2524,4,166,0,0,0,68,2,2,311,0,4,593,12,435,1414,4,88,995,105,52,0,54,8,268,2,7,4,0,4,0,19,4,0,14,409,6,8,286,80,3,77,4,98,320,62,24,62,0,9,2,38,26,1,5,3,64,37,19,0,13,43,3,15,25,24
MI10__42612,37,1,1,5,0,4,36,0,7,0,6,10,0,472,1,9,3,166,0,0,25,0,1,8,2,0,0,10,34,28,0,45,10,3430,1,39,2,3,0,0,49,1,29,2,3,2,1,0,3,0,0,0,0,3,159,0,1,2,0,0,58,1,15,0,2,1,29,19,36,0,3,0,5,2,0,4,0,1,4,3,3,2,0,554
MI11__142314,3473,3628,29,33,592,17,2550,812,1366,27,1025,0,237,288,302,2,1893,2048,1348,4,5430,4096,2361,1810,982,954,1051,108,1822,3124,1,548,1981,3305,5502,9,1369,1184,38,286,321,2876,23203,0,541,0,1496,1379,0,1993,21,36,0,2181,86,0,2724,1659,2056,3,628,0,0,895,732,4399,3048,70,2921,1983,161,1301,427,6949,210,0,3825,2572,823,1116,152,0,2261,1256
MI11__52677,0,0,0,0,0,0,0,0,0,0,0,0,0,0,0,0,0,0,0,0,0,0,0,0,0,0,0,0,123,0,0,0,0,0,1284,0,0,0,0,0,0,0,0,0,0,0,0,0,0,0,0,0,0,9,0,0,0,0,0,17,0,0,0,0,0,0,0,0,0,0,0,0,0,0,0,0,0,0,0,0,0,0,0,0
MI11__71200,5161,2144,88,58,292,2,2533,847,5492,302,266,0,6162,0,927,4,1594,735,2024,0,6744,4842,894,1078,468,486,551,144,1508,339,2,519,1040,0,1236,746,599,473,183,318,330,4468,0,0,83,0,832,829,1,464,35,929,9,0,923,0,0,1950,346,0,418,0,0,527,49,2982,1563,17,1139,1237,199,6,212,3973,9,0,1123,865,1218,505,507,0,1722,902
MI12__102609,1,20,0,0,0,24,12,0,0,96,0,40,0,1,4,0,2,0,0,0,0,0,0,5,52,1,7,0,0,10,446,17,0,1054,7,877,0,8,195,2,0,0,0,0,0,7,0,0,0,2,0,0,0,10,0,0,0,0,0,152,6,0,3,3,4,2,0,2,0,0,14,0,0,0,0,6,41,0,12,2,0,0,0,37
MI12__37923,0,13,0,0,0,2,0,0,0,0,0,0,0,0,1,196,0,0,0,0,0,0,0,0,0,0,2,0,0,0,0,0,0,0,2,469,6,1,0,0,0,0,0,0,2,0,0,0,15,6,0,0,0,0,0,0,0,0,0,0,0,0,6,2,0,0,3,0,0,0,0,0,0,0,1,0,0,0,0,0,0,0,0,0
MI12__69509,0,179,15,0,224,766,19,33,0,0,0,0,0,7,4,1,5,2,16,0,602,0,0,0,2,4,16,2124,0,16,4,28,1188,757,17,11461,1352,214,2,8,66,0,416,14,81,26,0,0,0,599,25,0,5,20,2,2,533,63,0,8,3,3360,1918,100,117,213,0,9,0,213,276,139,51,0,62,26,2,11,4717,60,558,19,53,30
MI12__94881,0,8,4,28,214,4,8,0,0,2,217,89,0,4,0,6,0,20,934,0,0,3,0,2,44,2,0,0,0,0,369,6,254,15,0,383,1208,0,46,4,90,13,161,0,0,6,0,14,1,4,1,0,6,59,24,4,75,101,3,52,26,130,28,27,4,18,0,0,2,10,29,0,0,0,0,13,4,0,17,56,7,1,18,6
MI13__5926,0,0,0,0,0,0,0,0,0,0,0,0,0,0,799,0,0,0,0,0,20,0,0,0,0,0,0,0,0,0,0,0,0,0,0,0,524,0,0,0,0,0,0,0,62,0,0,0,0,0,0,0,0,0,0,0,0,0,0,0,0,0,0,0,0,0,0,0,0,0,0,0,0,441,0,0,0,0,0,3,0,0,0,0
MI13__75706,84,0,0,0,0,1,11,0,1,0,0,0,16,138,0,24,183,27,0,0,12,0,1,27,12,2,0,49,1,2,0,8,3,4,0,0,2659,0,0,0,1,3,0,0,0,0,7,0,0,0,0,0,0,0,0,3,0,0,0,0,3,2,52,0,6,0,0,24,0,0,2,0,14,0,1,2,1,0,3,12,11,46,0,6
MI14__131753,0,0,0,0,0,0,0,0,0,0,0,0,2,0,14,4,1,1,18,2,2,28,328,0,25,70,40,0,164,8,0,1,0,0,50,0,0,198,2,241,0,0,0,0,0,0,3,1,0,135,0,3,0,1,6,1,0,8,1,1,0,0,0,0,35,0,0,0,12,12,0,0,1,0,5,0,0,0,0,4,0,0,0,8
MI14__13390,1430,2409,43,75,283,7,1256,385,275,11,340,0,282,155,670,5,792,804,780,0,2347,1774,2511,759,506,545,535,52,812,1449,0,287,758,2492,1179,88,403,354,607,108,197,707,10675,0,296,1,1100,642,0,920,12,22,0,922,347,0,1743,749,1120,3,193,0,0,411,351,1335,1478,43,980,1303,85,376,190,2074,637,1,1239,614,550,668,147,0,756,479
MI14__143396,1577,962,1881,156,1384,1472,131,19,216,26,3685,274,26,2037,492,1677,655,3144,28,233,988,7,3904,512,17,109,45,887,74,98,10,2658,404,2294,15,812,596,13,0,3,887,322,1557,651,30,48,425,5,294,154,1622,22,101,51,28,259,97,76,19,72,316,18,205,9,295,8,6079,83,8616,9,568,121,1743,6,99,127,74,275,112,153,369,233,102,2072
MI15__11953,0,8,0,0,0,1,0,2,0,0,0,0,0,0,0,0,0,14,0,3387,0,0,0,0,44,77,0,0,0,0,0,0,2,0,0,0,0,0,0,1,0,2,0,4,0,0,0,0,0,1,2,28,1,0,0,48,0,0,0,0,0,0,0,0,0,0,2,0,0,0,14,0,0,36,0,39,0,0,0,0,0,0,6,0
MI17__44895,0,0,0,0,0,0,0,0,0,0,0,756,0,0,0,0,0,0,0,0,0,0,0,0,0,0,3,0,0,0,0,0,0,0,0,1,0,0,0,0,0,0,0,0,0,0,0,0,0,0,0,0,0,0,0,0,0,0,0,0,0,0,0,0,0,0,0,0,0,0,0,0,0,0,0,0,0,0,0,0,0,0,0,0
MI17__47195,0,0,0,0,0,0,0,0,0,0,0,971,0,0,0,0,0,0,0,0,0,0,0,0,0,0,4,0,0,0,0,0,0,0,0,1,0,0,0,0,0,0,0,0,0,0,0,0,0,0,0,0,0,0,0,0,0,0,0,0,0,0,0,0,0,0,0,0,0,0,0,0,0,0,0,0,0,0,0,0,0,0,0,0
MI18__28313,0,0,0,0,0,0,0,0,24727,0,0,0,0,0,0,0,0,0,32776,0,0,0,0,0,4,0,0,0,0,0,0,0,0,0,3720,0,0,0,0,0,0,0,0,0,0,0,0,0,0,0,0,0,0,0,108,0,0,0,0,0,0,0,0,0,0,0,0,0,0,0,0,0,0,0,0,0,0,0,0,0,0,0,10,17
MI18__91498,46,8,0,0,0,0,0,0,0,0,0,0,0,0,37,0,0,0,492,0,0,0,0,0,0,0,0,0,0,0,0,40,0,0,0,0,0,0,0,0,15,0,0,0,0,0,0,0,0,0,0,0,0,0,0,0,0,0,0,0,0,0,0,0,0,0,78,0,15,0,0,0,0,2,0,0,0,0,0,0,0,0,0,0
MI19__1736,18,0,4,3,0,0,3,0,5,0,7,3,3,0,0,0,0,304,0,0,0,0,0,10,0,1,0,3,10,0,1,1,6,12,0,3,0,0,0,0,1,0,0,0,0,1,0,0,0,0,0,0,0,0,0,2,0,0,0,0,0,0,0,0,0,0,1,5,3,3,0,0,0,0,0,0,0,0,0,0,0,0,0,5
MI19__21527,2,0,20,0,0,6,0,0,25,0,1,30,0,80,0,18,0,3221,0,0,110,0,18,7,2,2,0,6,6,0,0,19,14,71,0,0,0,0,0,0,25,3,122,2,0,1,7,0,0,2,0,0,0,0,0,0,3,0,0,0,18,0,6,0,0,0,41,25,15,0,0,5,4,0,0,2,0,2,7,7,2,4,0,8
MI19__30717,1985,229,3280,85,142,671,0,2,52,5,1922,32,2,577,144,562,1379,7186,25,0,61,15,2217,581,11,92,34,1371,63,6,12,2760,395,278,2,418,119,36,0,0,98,8,2077,864,20,83,44,0,33,51,4414,5,1,64,1,81,27,40,7,61,11,6,93,0,141,0,537,1,9367,0,183,1,2685,3,151,32,8,254,218,91,488,135,58,2342
MI19__35958,760,2,426,0,210,25,1,0,6,1,40,8,5,35,19,3,40,4033,0,0,333,0,7,0,0,0,3,15,7,30,0,8,56,5,2,22,0,1,0,0,37,6,2,0,5,16,0,0,14,1,0,13,6,12,4,16,1,19,0,6,261,0,27,0,10,4,7,1,218,1,6,47,17,2,9,1,44,9,12,9,5,2,1,37
MI19__40101,1181,493,426,254,196,216,0,0,48,5,48,415,8,42,155,1196,41,8291,2,3,301,3,44,58,0,6,4,194,14,13,8,508,161,5,1,265,306,0,0,3,546,73,57,37,71,0,13,2,283,34,16,0,10,11,2,30,0,29,8,0,91,39,31,4,9,0,663,6,969,3,16,2,13,0,7,2,2,192,22,46,27,17,8,358
MI19__40237,2,0,0,0,0,0,17,0,4,0,2,14,0,1,1,0,3,624,0,0,0,0,3,11,0,0,0,4,4,0,0,2,9,21,0,0,0,0,0,0,3,1,0,0,0,0,0,1,0,0,0,0,0,0,0,7,0,0,0,0,8,0,1,0,2,0,5,16,5,1,0,0,2,0,0,1,3,0,1,3,0,0,0,25
MI19__49351,256,51,25,267,33,26,2,2,2,0,28,125,4,7,15,3,12,4290,0,0,81,1,14,21,2,0,0,8,7,0,0,182,8,5,0,57,29,0,0,1,78,7,3,10,2,2,1,0,0,17,0,1,0,2,2,10,0,2,0,0,14,2,13,0,2,0,476,6,285,0,0,1,1,0,2,0,1,10,6,0,3,3,0,65
MI19__60591,546,0,0,734,3,105,0,0,0,11,2,398,16,24,5,14,4,7017,0,0,27,4,10,59,4,0,0,2,25,0,2,6,4,416,0,137,0,6,0,2,34,4,881,0,0,0,24,0,0,0,0,0,0,0,3,0,0,2,0,0,4,0,14,0,0,2,166,73,73,0,6,2,0,0,2,1,0,8,0,13,18,1,21,117
MI19__6784,0,0,28,0,0,54,0,0,0,0,0,1,12,23,1,17,4,502,0,0,69,0,3,3,4,0,0,12,0,0,0,2,1,5,0,0,14,0,0,0,7,0,0,0,0,0,1,0,0,0,0,0,0,1,0,0,1,5,0,0,0,0,10,0,0,0,3,0,15,0,0,0,1,0,0,15,0,0,0,0,10,2,0,6
MI19__68227,5,0,0,6,0,0,52,0,0,0,10,33,40,1,0,0,12,278,0,0,6,2,2,10,0,2,0,1,0,0,7,7,18,17,0,0,2,0,2,0,35,2,1,1,2,8,0,0,0,1,2,1,0,0,2,0,0,2,0,0,24,0,7,0,6,0,115,16,26,0,6,4,0,0,0,8,2,0,3,2,8,2,1,16
MI20__21221,45,1,285,24,0,1,0,0,21,0,0,14,0,1895,10,0,27,7,0,0,291,0,0,0,0,3,0,1,0,0,0,41,18,137,0,0,0,0,0,0,14,0,0,0,0,1,0,2,4,0,129,0,0,1,11,0,0,2,0,0,16,0,8,0,0,1,37,1,15,0,0,0,104,0,10,22,0,0,2,8,11,0,5,11
MI23__20757,0,0,40,0,0,99,0,0,0,0,0,0,0,5,0,848,0,0,0,0,0,0,0,0,0,0,0,0,0,0,0,0,0,0,0,0,0,0,0,0,0,0,0,0,0,0,0,0,0,22,0,16,0,0,0,0,2,0,0,0,0,0,0,0,0,0,3,0,0,0,2,0,3,0,0,0,0,0,0,56,0,0,1,0
MI25__10356,9,234,51,0,161,9,3,0,0,10,18,75,0,13,9,5,6,2,459,2,5356,7,0,1,56,2,2,29,8,3,336,11,389,82,0,64,511,487,5,6,5,3,779,3,7,13,0,0,2,107,0,0,4,265,6,21,452,98,17,6,4,202,776,212,182,284,7,9,1,212,23,11,53,7,154,66,2,11,1289,1972,58,10,77,45
MI25__15313,2063,770,1450,143,2141,1019,0,24,86,13,4417,189,34,1018,328,657,376,1611,17,6,4560,5,411,608,8,60,17,473,138,77,11,1987,519,1150,18,417,1001,4,0,2,2440,460,1315,257,37,8,529,10,83,63,493,61,168,32,31,267,131,35,22,37,1902,23,157,7,146,10,18076,73,7827,13,376,171,1484,18,44,192,118,234,56,143,335,116,153,2612
MI25__21430,0,0,0,0,0,0,0,0,0,0,0,1,1,0,0,0,0,0,0,47,350,0,2,2,0,0,0,2,6,0,0,0,0,0,0,0,0,0,0,2,0,1,0,0,0,0,12,0,0,1,0,0,0,0,0,4,0,0,0,0,0,0,0,0,0,0,0,0,0,1,2,0,0,0,0,0,0,0,0,0,0,0,0,2
MI25__24902,580,579,643,154,1335,906,16,11,212,18,4913,106,20,2041,410,260,219,1205,35,62,2023,5,147,301,15,44,24,213,38,119,8,1136,355,1803,18,367,799,9,0,3,844,355,1174,223,21,22,386,0,5,69,76,32,109,15,32,62,98,35,14,31,734,28,243,25,230,1,8538,473,5804,12,658,167,1130,6,43,198,111,122,34,171,233,107,133,1507
MI25__26915,1,0,4,0,1,0,0,0,0,0,0,0,0,10,0,0,0,0,0,0,518,0,0,0,0,0,0,0,0,1,0,0,0,0,0,0,0,0,0,0,0,0,0,0,0,0,0,0,0,0,0,0,0,0,0,0,0,0,0,0,2,0,0,0,0,0,0,0,0,0,0,0,0,0,0,0,0,0,2,0,0,0,0,0
MI25__37719,0,0,0,0,0,0,0,0,0,0,0,0,0,0,0,0,0,0,0,0,3510,0,0,0,0,0,0,0,0,0,0,0,0,0,0,0,0,0,0,0,0,0,0,0,0,0,0,0,0,0,0,0,0,0,0,0,0,0,0,0,0,0,0,0,0,0,0,0,0,0,0,0,0,0,0,0,0,0,0,0,0,0,0,0
MI26__53721,0,4,2,0,0,0,112,0,0,0,0,0,0,112,5,86,367,2,0,0,0,0,30,1,0,0,0,0,0,0,0,0,9,0,0,0,0,0,0,6,0,2,0,0,0,0,0,0,0,3,0,0,0,0,0,0,0,0,0,0,0,0,45,0,0,0,0,0,0,0,2,2,0,0,0,2,0,0,0,0,0,0,0,74
MI26__61551,0,0,8,0,0,0,288,0,0,0,0,0,0,329,7,227,818,0,0,0,0,0,8,0,0,0,0,0,0,0,0,0,33,0,0,0,0,0,0,8,0,10,0,0,0,0,0,0,0,0,5,0,0,0,0,0,0,0,0,0,0,0,61,0,2,0,0,0,0,0,0,0,0,0,0,8,0,0,0,0,0,0,2,153
MI28__42321,369,595,641,70,256,786,0,2,903,0,1192,13,6,1065,186,270,195,480,4,4,91,1,130,168,10,36,9,228,38,66,6,833,130,1547,13,488,385,0,0,0,311,50,579,84,11,3,176,2,5,41,159,12,13,34,8,41,76,25,16,8,42,12,62,4,97,0,1567,25,2956,6,110,26,589,3,48,59,17,82,53,62,87,84,25,765
MI29__59128,1,287,406,0,1,4,82,0,0,3155,33,0,4,0,72,2,0,0,0,0,0,0,8,2,0,0,7,54,41,4,0,249,10,0,9,0,83,1,0,0,8,0,0,0,21,0,0,0,0,2,40,67,8,0,2,0,0,0,21,0,12,0,0,3,6,0,111,0,101,2,11,0,20,1,87,0,98,0,4,0,6,124,0,11
MI2__105980,0,0,0,0,0,0,0,0,0,0,36,0,0,0,0,0,0,0,0,0,0,0,0,0,0,256,0,0,0,0,0,0,0,0,0,0,0,0,0,0,0,0,0,0,0,0,0,0,0,0,0,0,0,0,0,0,0,0,0,0,0,0,0,0,0,0,0,0,0,0,0,0,0,0,0,0,0,0,0,0,0,0,0,0
MI2__129799,250,122,631,94,40,719,9019,165,1986,320,140,0,94,66,2082,167,659,444,982,0,142,272,157,333,247,7248,484,287,490,335,349,72,92,16,82,140,114,86,43,64,103,37,0,0,670,1,382,798,2,127,139,207,3408,371,273,652,713,648,575,3232,168,36,3036,98,2679,1094,456,1365,437,1060,1224,507,508,276,94,1059,355,1000,569,128,1586,3698,436,69
MI2__23657,0,0,0,0,0,0,0,0,0,0,0,0,0,0,0,0,0,0,0,0,0,0,1,0,0,385,0,0,0,0,0,0,0,0,0,0,0,0,0,0,0,0,0,0,0,0,0,0,0,0,0,0,0,0,0,0,0,0,0,0,0,0,0,0,0,0,0,0,0,0,0,0,0,0,0,0,0,0,0,0,0,0,0,0
MI2__95203,870,622,964,273,322,0,260,670,1463,1537,1211,0,186,600,1028,1683,1068,748,537,0,435,1257,467,1385,1049,740,435,502,728,71,0,334,1230,5,464,103,122,566,248,791,488,942,2,2138,417,9,410,525,24,1723,0,1068,1645,14,666,934,6,344,735,3453,620,0,0,917,3944,530,850,1747,443,1138,1521,1178,604,274,509,387,448,995,606,913,909,1380,1049,237
MI2__96112,0,0,0,0,0,0,0,0,0,0,126,0,0,0,0,0,0,0,0,0,2,0,0,0,0,360,0,0,0,0,0,0,0,0,0,0,0,0,0,0,0,0,0,0,0,0,0,0,0,0,0,0,0,0,0,0,0,0,0,0,0,0,0,0,0,0,0,0,0,0,0,0,0,0,0,0,0,0,0,0,0,0,0,0
MI30__2851,0,34,16,0,0,0,0,0,2,0,0,0,0,0,0,0,4,0,5,0,285,0,0,0,11,2,0,0,0,0,1663,0,1645,1,0,3,0,4352,0,2,5,0,2178,0,0,8,0,0,0,43,2,0,0,23,2,0,116,34,0,91,0,67,467,53,60,70,0,1,0,41,0,0,4,0,56,28,0,4,2,493,0,0,14,2
MI31__18917,257,0,0,0,34,1165,0,0,1667,0,2003,0,108,0,2,75,0,174,0,0,0,0,99,0,0,0,943,772,62,229,0,13,853,0,4,0,0,0,2,436,0,6,0,0,48,0,30,20,0,109,4,0,2,0,4,0,0,17,2,0,622,0,0,635,147,101,139,25,0,2,1370,0,64,0,11,0,6,0,0,0,0,6,0,201
MI31__34956,423,42,70,2,0,0,168,796,68,104,1449,0,114,65,9,0,4,2,56,0,3,5,1256,0,5,42,73,18,15,191,0,30,22,32,33,12,25,74,0,7,38,52,0,0,7,5,14,7,0,68,0,286,70,32,7,0,0,0,23,6,0,0,0,65,0,29,100,5,75,13,21,35,247,359,3,177,10,0,1,10,0,0,33,83
MI31__52331,0,0,27,0,0,31,0,0,9,2,5589,0,0,1,3,0,10,2,0,0,25,0,0,0,0,0,0,2,3,3,0,3,62,0,0,0,0,0,0,0,3,1,225,0,0,1,0,0,2,7,0,2,0,97,0,1,0,0,0,3,1,4,1,0,7,0,1,0,136,0,0,7,0,0,0,0,3,0,5,7,2,0,0,6
MI31__9495,53,6,284,0,4,16,0,0,2,0,4943,8,0,25,5,48,18,76,0,0,4,0,36,22,2,0,4,37,27,0,2,12,42,0,1,12,0,0,0,0,2,2,410,24,0,3,2,0,0,23,87,0,0,33,0,21,1,8,0,0,2,6,2,0,4,0,8,0,518,0,4,2,27,0,4,1,0,10,3,17,0,2,1,212
MI32__26776,292,175,2843,37,253,138,0,4,42,8,453,47,0,305,146,257,127,493,8,3,153,1,168,72,2,7,6,85,11,19,1,382,55,398,2,91,108,1,0,0,103,27,213,84,16,7,38,1,20,16,422,1,18,5,2,23,15,4,1,3,58,1,25,2,34,0,711,2,869,4,77,13,248,2,21,11,21,51,20,12,63,31,29,322
MI32__28772,0,0,755,0,32,11,0,4,12,0,7,0,0,43,6,0,46,4,0,0,1,1,0,7,0,0,3,0,0,24,0,5,83,0,6,0,0,0,0,0,5,0,0,0,0,14,0,0,8,0,0,0,2,6,2,0,0,20,2,16,29,0,1,0,32,0,7,0,153,0,0,23,0,0,0,3,42,0,4,0,5,0,0,25
MI32__65040,0,1,1215,0,0,0,0,0,0,0,0,0,0,0,0,0,6,0,0,0,0,0,447,0,0,0,25,67,76,0,0,107,1,0,27,0,0,0,0,0,0,0,0,0,0,0,325,0,0,0,0,2,0,0,0,0,0,48,8,0,0,0,0,0,0,0,1,0,144,0,0,0,0,24,0,0,0,0,0,0,0,0,0,0
MI33__6501,234,3937,2,288,14,54,0,0,4,0,13,42,5,76,17,1,47,33,0,0,127,0,0,0,2,2,1,6,6,2,7,5,81,1,0,43,0,1,0,0,99,11,29,2,24,3,0,4,7,0,2,1,54,1,0,29,27,1,4,0,186,0,54,0,0,0,114,11,195,3,2,10,0,2,1,3,11,16,18,21,4,2,0,115
MI33__79775,22,521,2,28,0,0,0,0,21,0,2,159,1,2,17,9,2,2,0,0,59,0,0,0,0,0,0,0,0,0,0,6,9,82,0,0,1,0,0,0,114,0,0,0,0,3,0,0,0,1,86,0,0,0,0,0,0,4,1,0,0,0,2,0,0,0,44,0,4,0,0,0,0,2,0,1,0,2,2,1,2,0,0,7
MI34__39124,32,0,1,0,0,606,1,0,20,0,1,383,28,4,0,0,90,4,0,0,0,0,4,0,0,0,0,22,4,0,0,2,0,11,0,0,73,0,0,0,8,13,1,1,0,2,12,1,0,0,0,0,0,8,0,0,0,0,0,1,0,0,19,0,29,0,145,0,3,0,0,0,8,0,0,7,10,0,0,0,2,6,0,52
MI34__47956,0,0,108,0,0,364,0,0,0,0,2,0,2,12,1,633,0,0,0,0,0,0,0,2,0,0,0,0,0,0,0,0,0,0,0,0,0,0,0,0,0,1,0,0,0,0,0,0,0,23,0,29,0,0,0,0,2,1,0,0,0,0,0,0,0,0,8,0,1,0,2,0,9,0,0,0,0,0,0,90,0,0,0,13
MI35__1404,11268,690,169,34,78,0,24,132,157,311,208,2,822,5,145,31,75,31,49,0,49,1797,48,373,385,25,234,455,266,164,132,343,88,0,114,16,47,40,18,58,72,233,0,0,48,14,445,18,0,8,0,144,30,239,58,278,0,302,496,11,239,0,5,58,110,312,60,92,2177,49,112,85,2915,975,27,24,262,60,554,127,3261,0,199,95
MI35__20089,1127,13,81,0,0,0,86,335,64,333,149,0,167,43,0,0,4,1,48,0,0,0,399,8,0,14,42,19,17,125,0,127,4,13,0,8,40,18,0,20,37,33,0,0,8,0,36,0,0,89,0,249,88,24,5,0,0,0,7,0,0,0,0,19,0,23,96,6,56,2,9,15,83,284,12,184,4,0,0,2,0,0,34,60
MI35__2454,1231,40,0,64,24,19,0,0,0,0,0,0,0,13,33,0,10,0,1,0,22,0,1,0,0,0,0,4,1,0,0,0,3,0,0,17,0,0,0,0,1,3,6,0,15,0,0,0,0,0,0,0,5,1,0,10,5,0,0,0,11,0,3,0,0,0,14,1,64,0,0,9,0,0,2,0,1,0,2,0,3,0,0,5
MI35__29590,2209,0,263,18,263,23,0,2,2,1,34,0,1,10,30,2,11,0,0,0,13,0,0,2,0,0,5,0,1,19,0,2,35,0,1,3,0,2,0,2,33,1,0,0,3,22,0,0,4,0,2,0,1,5,0,2,4,4,0,18,57,0,2,0,11,4,2,0,129,2,7,42,6,2,1,0,11,1,0,6,6,2,3,22
MI35__81629,3448,24,41,4,2,80,0,0,0,2,4,0,0,0,5,0,1,93,0,0,256,0,6,0,0,0,0,0,12,0,0,14,3,0,0,0,0,4,1,4,13,0,1,0,9,0,3,0,0,0,0,0,0,20,0,0,0,0,0,0,225,0,2,0,0,0,0,0,40,0,2,2,3,0,0,0,2,0,2,0,0,0,0,38
MI35__84518,708,0,116,25,6,20,0,0,0,0,4,0,0,0,28,6,0,4,0,0,0,11,0,0,0,0,6,0,4,0,0,0,3,0,0,0,0,0,0,0,47,0,2,0,3,24,0,0,1,0,0,0,0,0,0,0,0,0,0,0,0,1,5,0,0,0,0,0,14,0,0,0,4,0,0,0,0,0,0,2,0,0,1,2
MI35__84728,392,40,29,127,0,10,0,0,0,4,48,63,0,0,0,2,2,280,0,0,26,4,2,3,2,0,0,31,5,0,0,31,69,13,0,13,11,0,0,3,92,11,10,0,8,0,1,0,0,0,2,1,1,0,0,2,0,1,6,0,18,44,11,0,7,5,24,2,58,2,2,1,0,0,2,2,0,35,2,1,0,1,3,70
MI35__88712,972,6,0,9,328,47,0,0,0,0,0,4,0,0,52,1,9,19,0,0,46,0,0,0,0,0,0,1,0,0,0,0,0,0,0,0,1,0,0,0,6,1,2,0,5,0,0,0,0,0,0,0,0,6,0,0,0,0,0,0,60,0,0,0,0,0,2,1,75,0,0,0,0,0,0,0,0,0,0,5,4,0,0,17
MI36__18817,0,27,15,0,1682,0,0,0,0,0,0,0,0,0,0,0,0,0,0,0,2,0,0,0,0,0,0,0,0,0,0,0,44,23,2,0,0,0,0,0,27,0,0,11,35,0,0,1,0,2,0,0,1,0,0,10,2,0,0,0,0,136,23,0,1,27,2,0,0,34,22,22,0,0,0,0,0,0,70,1,10,0,5,2
MI36__20020,30,2,173,397,448,53,0,0,0,0,7,0,0,0,89,1,0,2,0,0,0,2,0,0,0,0,0,0,0,0,0,0,34,0,0,0,0,0,0,0,42,0,6,0,54,16,0,0,0,0,0,0,0,0,0,0,0,2,0,0,8,1,0,0,0,2,0,0,23,0,0,0,6,0,0,0,0,0,0,3,0,0,0,2
MI36__21069,0,17,0,0,497,0,0,0,0,0,0,0,0,0,0,0,0,0,0,0,0,0,0,0,0,0,0,0,0,0,0,0,3,0,0,0,0,0,0,0,0,0,0,0,8,0,0,0,0,0,0,0,0,1,0,0,2,0,0,0,0,8,38,0,3,7,0,0,0,9,11,26,0,0,0,0,0,0,0,9,0,0,0,0
MI36__44395,0,54,0,0,1118,0,0,0,0,0,0,0,0,0,0,0,0,0,0,0,0,0,0,0,0,0,0,0,0,0,0,0,0,0,0,0,0,7,0,0,0,0,18,0,0,0,0,0,0,2,0,0,0,0,0,0,0,8,0,0,0,0,7,0,0,4,0,0,0,5,13,6,0,0,0,0,0,0,57,0,0,0,0,0
MI36__45559,0,20,0,0,726,0,0,0,0,0,0,0,0,0,0,0,0,0,0,0,0,0,0,0,0,0,0,0,0,0,0,0,4,6,0,4,0,4,0,0,22,0,0,5,0,0,0,0,0,0,0,0,0,1,0,0,2,0,0,0,0,43,27,2,4,12,0,0,0,4,14,29,0,0,0,0,0,0,0,4,0,0,0,0
MI36__46985,0,0,0,0,702,0,0,0,0,0,0,0,0,0,0,3,0,0,0,0,0,0,0,0,0,0,0,0,0,0,0,0,0,0,0,8,0,4,0,0,9,0,0,0,1,0,0,0,0,0,0,0,5,0,0,0,1,0,0,0,0,18,27,0,6,6,0,1,0,18,15,12,0,0,0,0,0,0,0,5,0,0,0,0
MI36__51170,113,0,161,19,3245,80,172,0,4,0,32,56,41,198,7,9,390,2666,6,2,15,3,5,41,8,6,2,239,3,6,0,66,28,147,0,2,276,4,0,0,22,3,37,5,0,1,2,0,0,5,0,0,6,0,0,8,9,6,1,1,4,0,139,0,7,0,73,39,62,0,5,3,25,0,0,19,0,0,12,4,25,122,2,64
MI36__6042,14,0,69,0,355,4,0,0,2,0,0,0,0,10,0,0,9,0,0,0,30,0,0,0,0,0,0,0,2,11,0,0,1,0,0,0,0,0,0,0,1,0,0,0,0,2,0,0,0,0,0,0,3,0,2,1,0,2,0,4,24,0,0,0,1,2,0,0,24,0,3,6,4,1,0,0,5,0,2,2,4,2,0,3
MI37__50209,1,0,2,0,11,34,899,2,14,0,61,53,0,32,38,0,0,53,0,0,4,4,1,14,1,0,0,10,0,0,2,4,30,0,2,0,0,0,0,0,13,11,0,12,2,0,0,7,0,1,0,2,0,0,0,0,0,7,4,0,1,10,50,0,0,0,233,54,48,0,0,2,4,0,0,9,2,0,3,5,7,2,0,12
MI37__9456,147,0,35,9,16,45,622,0,21,0,43,205,18,105,15,12,2,178,0,2,13,1,29,115,2,0,0,45,13,0,0,20,29,192,2,7,2,0,0,0,34,7,12,4,0,1,2,0,2,1,0,0,0,2,1,4,4,7,0,0,24,7,30,0,19,0,199,63,46,0,6,6,6,0,0,11,12,2,13,2,5,2,0,40
MI38__37503,23,30,0,1052,0,0,0,0,0,0,0,0,2,0,30,0,0,0,106,0,0,706,1587,12,0,0,1185,2,525,0,0,589,0,35,21,345,13,0,23,0,7,0,0,0,10,0,28,0,0,45,0,0,0,0,14,0,0,791,0,6,50,0,0,0,0,1216,0,0,0,155,0,0,11,57,13,0,0,0,0,0,0,0,0,357
MI38__49259,44,28,0,1075,0,70,0,0,0,0,0,0,0,3,0,0,0,0,0,0,33,0,1,0,0,2,0,0,0,1,0,0,41,0,0,80,0,0,0,0,0,1,25,0,1,0,0,0,11,0,1,0,16,0,0,22,6,0,0,0,4,0,5,0,0,0,0,0,3,2,0,0,0,0,0,1,0,0,3,2,0,0,0,4
MI38__496,0,0,0,999,2,71,0,0,0,0,0,0,0,0,0,0,0,0,0,4,3,0,0,0,0,0,0,0,0,0,0,0,0,7,3,0,0,0,0,0,0,0,0,0,30,0,0,0,0,0,1,0,0,0,0,1,3,0,7,0,0,3,24,0,4,1,0,0,0,10,12,18,0,0,0,0,0,0,1063,0,0,0,4,0
MI38__55378,3,0,0,931,0,15,0,0,0,0,0,3,0,0,1,0,0,0,0,0,40,0,0,5,0,0,0,0,0,0,1,0,9,0,0,108,0,0,0,0,2,0,3,0,1,0,0,0,16,0,1,0,0,0,0,7,11,0,0,0,1,0,15,0,0,0,0,0,23,0,0,13,0,0,0,25,0,1,0,4,1,0,0,19
MI38__60402,221,30,5,957,0,29,0,0,0,0,2,1,0,2,10,0,14,2,0,0,17,0,3,1,0,0,0,7,9,2,0,0,30,0,2,31,0,0,0,0,15,2,2,0,3,0,0,0,3,0,3,2,35,0,0,8,5,0,0,0,62,0,1,0,0,0,5,5,44,2,0,4,4,0,7,4,9,1,0,0,0,0,0,31
MI38__73232,27,64,7,448,20,2,0,0,4,0,0,11,2,2,4,0,0,2,0,0,11,0,0,2,0,0,0,0,0,0,0,0,4,0,0,0,4,0,0,0,5,0,3,0,0,0,0,0,0,0,22,0,0,0,0,0,0,4,0,0,0,0,0,0,0,0,42,1,3,0,0,0,4,0,0,0,0,0,1,0,0,0,0,3
MI3__4232,8,175,318,152,133,0,1691,164,48,16,91,0,205,13,160,0,7,30,7,0,113,8,279,76,48,172,1989,78,455,299,0,121,134,35,600,0,23,379,0,21,1,2,0,0,105,0,150,101,0,1,40,119,0,5,183,0,0,87,20,0,48,0,0,120,4,267,17,77,27,4,63,79,106,38,317,8,22,46,32,49,116,2,75,174
MI4__55228,17,7,8,0,17,8,0,0,0,0,23,244,0,55,4,3,16,18,0,0,0,0,24,7,1,0,0,541,0,0,0,4,83,1,0,3,0,0,0,4,3,1,16,2,1,0,3,0,0,3,2,2,0,0,0,2,4,0,0,0,28,0,0,0,2,0,76,1,50,0,0,5,29,0,0,1,2,61,0,2,2,1,1,62
MI4__58394,657,673,1716,183,412,907,1871,291,2104,414,958,8,2049,697,1548,772,2553,505,982,1,2796,1197,3292,1440,399,2038,1129,1561,706,910,253,1552,484,129,936,88,547,688,116,500,427,783,1397,10,1020,36,1492,1106,9,1192,39,1409,526,746,930,877,1163,532,950,523,776,169,1455,1052,2598,1026,1372,794,471,707,988,1486,488,1343,904,1411,623,893,1310,1032,874,6184,1303,383
MI5__13031,0,116,8,0,0,5533,0,0,0,0,0,0,0,0,0,10,0,0,0,26877,0,4,0,1,130,0,0,0,73045,0,0,0,0,21,11,94,0,1,0,0,780,0,143,94,116,1,8,63,0,8,1,0,0,3200,850,446,6,0,8527,0,4,1794,2190,217,204,546,5,18,4,506,197,1154,9,0,3,2,0,5,28,186,4,0,3589,0
MI5__160719,1910,7488,2449,2387,5403,0,2093,2571,3326,178,1220,0,10697,227,5422,2,309,109,380,0,1436,1401,939,3024,537,1366,2098,1123,2697,2122,0,1775,1942,442,1344,19,1441,933,51,7364,174,522,0,0,795,0,1478,3500,0,217,141,2473,0,0,1021,1253,0,801,389,0,1145,0,0,2259,96,1986,1443,554,613,51,234,1384,2915,997,1083,2049,516,753,575,766,1761,0,903,812
MI5__178863,789,123,137,18,334,0,36,281,74,8,5,0,170,2,98,0,312,54,55,0,241,10,434,18,98,247,53,30,814,18,0,1522,39,734,113,25,16,196,1,254,1759,50,1,0,192,0,890,197,0,49,9,65,52,10,654,1,0,55,21,0,42,0,0,86,0,114,227,8,67,508,53,34,63,216,20,22,16,10,13,51,0,0,7,349
MI5__200021,184,151,587,31,209,254,362,324,84,208,975,1,190,8,109,0,0,10,247,1,17,84,416,31,48,251,158,212,574,269,216,656,53,4,272,0,131,276,6,141,14,54,0,4,228,16,749,141,0,61,23,383,88,2,62,287,3,279,298,10,375,0,17,115,6,82,1028,550,334,20,215,212,687,576,15,108,106,82,464,253,149,6,217,288
MI5__210119,0,57,0,0,2,0,0,0,0,2,0,0,0,0,0,0,0,0,0,0,1,0,0,0,2,0,3,8,8725,0,0,2,6,2,0,5,0,10,0,0,215,0,15,9,9,0,0,0,0,0,0,0,0,4,1,0,16,0,0,0,0,108,53,0,14,25,0,0,0,47,30,86,2,0,2,0,0,0,5,7,4,0,6,0
MI5__92145,2,0,0,6,0,0,0,0,0,0,0,0,0,0,0,0,0,0,0,0,0,0,0,0,0,0,0,0,6035,0,0,0,0,0,0,0,0,0,0,0,6,0,0,0,0,0,10,0,0,0,0,0,0,0,0,0,0,109,0,0,0,0,0,4,0,0,0,0,0,0,0,0,0,0,0,0,0,0,0,0,0,0,0,0
MI6__14551,94,42,32,0,143,300,37,0,471,102,2,6,39,14,2,58,27,10,21,0,74,191,16,253,114,18,63,128,401,2685,284,340,326,76,83,41,605,62,8,257,24,37,0,0,14,0,529,9,2,169,99,22,75,15,289,24,601,48,30,490,148,958,0,9,65,3,178,192,60,9,28,309,7,11,12,0,25,16,18,72,80,640,179,32
MI8__102292,7,0,161,220,1,0,0,0,2,0,0,11,0,0,11,0,70,0,0,0,0,2,0,1,0,0,0,0,0,0,0,1617,6,329,0,0,3,1,0,0,9,0,0,0,0,4,0,0,0,0,252,0,4,0,1,0,0,14,0,0,10,0,1,0,0,0,55,0,8,0,7,0,292,0,2,0,0,3,0,1,3,0,0,6
MI8__172939,0,0,0,0,0,0,0,0,0,0,0,0,0,0,0,0,0,0,0,0,0,0,0,0,0,0,0,0,0,0,0,550,0,0,0,0,0,0,0,0,0,0,0,0,0,0,0,0,0,0,0,0,0,0,0,0,0,0,0,0,0,0,0,0,0,0,0,0,0,1,0,0,0,0,0,0,0,0,0,0,0,0,0,0
MI8__75762,5,13,5,0,0,3,0,0,0,0,2,0,0,2,0,70,5,7,0,0,1,0,1,1,0,1,0,0,0,0,0,1474,2,990,4,1,8,0,0,0,30,0,32,0,0,2,0,0,0,0,110,0,0,0,12,0,0,3,1,0,5,0,0,0,2,1,33,0,50,0,3,0,53,4,15,0,0,0,3,8,0,0,5,14
MI8__85262,0,0,0,0,0,0,0,31,0,0,0,0,1262,0,0,0,0,0,42,0,185,0,0,0,0,0,0,7,0,10,0,5416,0,0,0,0,0,111,0,0,0,0,0,0,0,0,10,0,0,380,0,501,5,0,43,0,0,0,908,0,87,0,0,0,0,0,0,12,159,0,0,0,0,0,104,0,0,0,307,0,0,0,0,209
MI8__99812,0,4,0,0,0,0,0,0,0,0,0,0,0,0,0,0,0,0,0,0,0,0,0,0,0,0,0,0,0,0,0,3702,0,0,0,0,0,0,0,0,0,0,0,0,0,0,0,0,0,0,0,0,0,0,0,0,0,0,0,0,0,0,0,0,0,0,0,0,0,0,0,0,0,0,0,0,0,0,0,0,0,0,0,0
MI9__51614,0,38,25,4,263,52,0,0,0,0,0,0,0,0,0,23,2,0,0,0,2,0,0,2,0,0,1,0,887,5,0,7,8937,1,0,0,0,1,0,0,73,0,14,31,22,0,1,4,0,89,0,0,8,2,42,1,18,5,46,0,0,68,160,4,39,59,0,36,0,84,231,198,1,0,0,2,0,0,10,8,11,0,35,0
MI9__68769,1,0,4,0,0,0,0,0,12,14,7,69,0,7,10,1,1,0,0,0,2,0,0,1,0,0,0,0,0,0,0,3,286,0,0,0,0,0,0,0,0,1,0,1,0,0,0,0,0,0,13,0,0,0,0,0,0,0,3,0,1,1,3,0,4,0,12,1,0,0,0,0,0,0,0,0,12,0,1,1,0,0,0,136
MI9__7017,7,0,5,5,0,0,0,4,0,0,0,0,0,2,0,28,28,0,0,0,2,0,0,0,0,0,0,0,0,0,0,4,305,667,0,10,0,2,0,0,25,0,6,0,0,0,0,0,0,1,31,0,0,0,0,0,0,0,0,0,0,0,0,0,0,0,11,0,12,0,0,0,105,1,2,0,1,0,0,3,8,2,7,7
